record_id,train_number,train_name,origin_station_code,origin_station,destination_station_code,destination_station,journey_date,scheduled_departure,delay_minutes,train_status,delay_cause,passenger_count,occupancy_percent,platform_number,weather_condition,temperature_c,visibility_m,risk_score,risk_level,maintenance_flag,crowd_alert,anomaly_detected,eta_delay_minutes,recommended_action
1,12832,Vande Bharat,HWH,Howrah Junction,NDLS,New Delhi,2026-09-07,22:45,0,On Time,No Delay,1696,80,14,Clear,15,788,24,Low,0,1,0,1,Monitor
2,14536,Rajdhani,PUNE,Pune Junction,BBS,Bhubaneswar,2026-06-28,11:30,18,At Risk,Congestion,749,71,5,Rain,20,5814,29,Low,0,0,0,15,Monitor
3,14416,Intercity,BCT,Mumbai Central,BBS,Bhubaneswar,2026-04-28,03:45,0,On Time,No Delay,1467,54,7,Clear,36,1439,17,Low,0,0,0,2,Monitor
4,13121,Superfast,ADI,Ahmedabad Junction,BBS,Bhubaneswar,2026-07-09,20:15,0,On Time,No Delay,1617,55,3,Rain,33,3103,22,Low,0,1,1,2,Monitor
5,12705,Superfast,LKO,Lucknow Charbagh,BCT,Mumbai Central,2026-09-18,08:45,0,On Time,No Delay,1341,85,16,Clear,26,7817,26,Low,0,0,0,3,Monitor
6,13129,Duronto,GKP,Gorakhpur,BPL,Bhopal Junction,2026-08-17,08:00,10,Delayed,Track Obstruction,493,66,6,Rain,39,7216,29,Low,1,0,1,7,Monitor
7,12899,Superfast,HWH,Howrah Junction,GKP,Gorakhpur,2026-03-12,05:00,0,On Time,No Delay,1109,99,9,Clear,30,3227,33,Low,0,1,0,0,Monitor
8,14203,Shatabdi,KOTA,Kota Junction,LKO,Lucknow Charbagh,2026-02-25,17:15,0,Completed,No Delay,809,76,8,Fog,15,326,40,Medium,0,0,1,0,Notify station control
9,14422,Garib Rath,SDAH,Sealdah,PNBE,Patna Junction,2026-04-08,02:30,75,Delayed,Weather,1726,74,10,Storm,26,6418,66,High,0,1,1,84,Reallocate platform and crew
10,14430,Sampark Kranti,NDLS,New Delhi,KOTA,Kota Junction,2026-05-22,15:15,0,On Time,No Delay,1472,66,2,Clear,21,1404,20,Low,0,0,0,5,Monitor
11,14574,Express,ALD,Prayagraj Junction,SDAH,Sealdah,2026-01-13,23:30,0,On Time,No Delay,1013,78,14,Cloudy,25,7239,27,Low,0,0,0,9,Monitor
12,12625,Jan Shatabdi,HWH,Howrah Junction,ADI,Ahmedabad Junction,2026-02-25,07:15,75,Delayed,Maintenance Work,691,82,3,Clear,28,9316,53,Medium,0,0,1,71,Notify station control
13,14228,Intercity,NGP,Nagpur Junction,PNBE,Patna Junction,2026-03-07,09:15,999,Cancelled,Platform Change,723,99,10,Clear,27,9405,100,Critical,0,1,1,999,Escalate to operations command
14,14408,Superfast,BCT,Mumbai Central,KOTA,Kota Junction,2026-02-22,07:45,0,On Time,No Delay,1209,64,17,Cloudy,19,1231,24,Low,0,0,0,0,Monitor
15,12775,Sampark Kranti,HWH,Howrah Junction,KOTA,Kota Junction,2026-05-15,10:00,0,On Time,No Delay,1526,60,9,Clear,20,5447,21,Low,0,1,0,3,Monitor
16,14673,Shatabdi,NDLS,New Delhi,BBS,Bhubaneswar,2026-03-15,17:30,0,On Time,No Delay,723,66,5,Clear,43,6018,20,Low,0,0,0,2,Monitor
17,12086,Jan Shatabdi,KOTA,Kota Junction,PNBE,Patna Junction,2026-05-17,15:30,0,On Time,No Delay,455,73,18,Rain,18,4762,24,Low,0,0,0,1,Monitor
18,14036,Rajdhani,BCT,Mumbai Central,HWH,Howrah Junction,2026-02-03,22:15,0,On Time,No Delay,1484,100,9,Heavy Rain,19,7539,46,Medium,1,1,0,8,Notify station control
19,13175,Jan Shatabdi,ALD,Prayagraj Junction,BCT,Mumbai Central,2026-09-28,13:15,0,On Time,No Delay,811,52,2,Clear,42,6162,18,Low,0,0,0,2,Monitor
20,12553,Rajdhani,PUNE,Pune Junction,MAS,Chennai Central,2026-01-28,15:15,0,On Time,No Delay,1782,100,14,Heatwave,39,4365,31,Low,0,1,1,0,Monitor
21,13140,Vande Bharat,SBC,KSR Bengaluru City,BBS,Bhubaneswar,2026-05-06,18:30,0,On Time,No Delay,996,61,9,Rain,25,8646,22,Low,0,0,0,5,Monitor
22,14656,Superfast,BCT,Mumbai Central,SDAH,Sealdah,2026-01-17,17:15,40,At Risk,Late Incoming Train,416,100,13,Clear,42,9746,45,Medium,0,1,1,43,Notify station control
23,12286,Superfast,CNB,Kanpur Central,VSKP,Visakhapatnam,2026-07-22,23:15,12,Delayed,Weather,1218,70,13,Rain,36,5144,31,Low,0,0,1,11,Monitor
24,12952,Jan Shatabdi,KOTA,Kota Junction,GKP,Gorakhpur,2026-03-22,02:30,35,At Risk,Platform Change,1789,90,11,Clear,28,7538,43,Medium,1,1,1,36,Notify station control
25,12297,Vande Bharat,PNBE,Patna Junction,LKO,Lucknow Charbagh,2026-07-08,04:00,25,Delayed,Weather,230,100,3,Heavy Rain,28,7090,56,Medium,0,1,1,26,Notify station control
26,12723,Jan Shatabdi,HWH,Howrah Junction,VSKP,Visakhapatnam,2026-09-15,05:45,25,Delayed,Track Obstruction,1114,88,5,Heatwave,39,7912,41,Medium,1,0,1,30,Notify station control
27,12782,Garib Rath,VSKP,Visakhapatnam,ADI,Ahmedabad Junction,2026-03-08,12:15,120,At Risk,Weather,1080,86,9,Cloudy,24,5538,75,High,0,0,1,117,Reallocate platform and crew
28,14053,Superfast,SBC,KSR Bengaluru City,CSTM,Mumbai CSMT,2026-06-10,12:45,75,Delayed,Platform Change,977,81,1,Clear,41,9732,55,Medium,0,0,1,85,Notify station control
29,14629,Express,ALD,Prayagraj Junction,GKP,Gorakhpur,2026-07-19,18:00,0,On Time,No Delay,239,58,13,Clear,37,3004,26,Low,0,0,0,9,Monitor
30,12460,Duronto,CSTM,Mumbai CSMT,VSKP,Visakhapatnam,2026-05-27,02:45,0,On Time,No Delay,613,90,15,Clear,24,5829,33,Low,0,1,1,7,Monitor
31,12145,Vande Bharat,NDLS,New Delhi,GKP,Gorakhpur,2026-08-23,08:30,8,Delayed,Crew Delay,588,87,8,Rain,18,8058,34,Low,1,0,0,6,Monitor
32,12540,Shatabdi,MAS,Chennai Central,HWH,Howrah Junction,2026-02-26,18:00,35,Delayed,Platform Change,992,58,7,Cloudy,16,10000,37,Low,0,0,0,37,Monitor
33,14085,Superfast,CNB,Kanpur Central,GKP,Gorakhpur,2026-03-24,16:30,0,On Time,No Delay,205,92,4,Cloudy,27,6234,32,Low,0,1,1,9,Monitor
34,14260,Intercity,KOTA,Kota Junction,ALD,Prayagraj Junction,2026-06-01,15:30,30,At Risk,Crew Delay,357,53,9,Clear,42,7685,30,Low,1,0,1,39,Monitor
35,12646,Garib Rath,MAS,Chennai Central,PNBE,Patna Junction,2026-09-25,07:45,0,On Time,No Delay,1616,89,17,Fog,44,275,38,Low,0,1,1,2,Monitor
36,12012,Garib Rath,BBS,Bhubaneswar,VSKP,Visakhapatnam,2026-06-23,14:30,0,On Time,No Delay,807,62,12,Rain,29,9368,24,Low,0,0,0,6,Monitor
37,12716,Vande Bharat,JP,Jaipur Junction,ADI,Ahmedabad Junction,2026-05-08,11:15,0,On Time,No Delay,1740,72,16,Rain,22,9959,28,Low,0,1,0,4,Monitor
38,14417,Garib Rath,JP,Jaipur Junction,NDLS,New Delhi,2026-08-16,14:30,0,On Time,No Delay,778,66,5,Clear,34,8342,21,Low,1,0,0,0,Monitor
39,12862,Shatabdi,MAS,Chennai Central,BCT,Mumbai Central,2026-04-25,16:45,60,At Risk,Signal Failure,490,87,10,Cloudy,16,4366,49,Medium,1,0,1,68,Notify station control
40,12976,Intercity,VSKP,Visakhapatnam,BBS,Bhubaneswar,2026-03-08,05:00,0,On Time,No Delay,1428,91,4,Cloudy,44,3704,32,Low,0,1,0,1,Monitor
41,14058,Sampark Kranti,MAS,Chennai Central,NDLS,New Delhi,2026-09-08,20:15,8,Delayed,Weather,1619,79,8,Clear,43,4634,34,Low,0,1,0,9,Monitor
42,12208,Duronto,ADI,Ahmedabad Junction,SDAH,Sealdah,2026-01-14,23:30,35,At Risk,Maintenance Work,1590,71,10,Clear,36,6894,37,Low,1,1,0,45,Monitor
43,12012,Vande Bharat,KOTA,Kota Junction,ADI,Ahmedabad Junction,2026-05-06,18:45,0,Completed,No Delay,1358,73,9,Fog,32,121,41,Medium,0,0,1,0,Notify station control
44,14245,Intercity,BBS,Bhubaneswar,CSTM,Mumbai CSMT,2026-08-03,10:30,0,On Time,No Delay,509,74,11,Rain,27,8417,24,Low,1,0,0,7,Monitor
45,13266,Rajdhani,LKO,Lucknow Charbagh,HWH,Howrah Junction,2026-03-10,14:45,90,Delayed,Crew Delay,1241,59,15,Clear,38,1145,54,Medium,1,0,1,93,Notify station control
46,14631,Duronto,HWH,Howrah Junction,NDLS,New Delhi,2026-05-17,22:30,0,On Time,No Delay,1015,95,3,Clear,21,2158,31,Low,0,1,1,0,Monitor
47,14232,Express,NGP,Nagpur Junction,PNBE,Patna Junction,2026-05-24,09:45,60,Delayed,Late Incoming Train,1708,97,9,Clear,38,7098,53,Medium,0,1,1,63,Notify station control
48,14462,Superfast,SDAH,Sealdah,BBS,Bhubaneswar,2026-04-28,13:00,0,On Time,No Delay,952,55,15,Rain,43,5572,25,Low,0,0,1,1,Monitor
49,13250,Duronto,LKO,Lucknow Charbagh,PNBE,Patna Junction,2026-02-16,08:30,8,Delayed,Congestion,385,87,17,Clear,43,7786,28,Low,0,0,0,7,Monitor
50,12243,Jan Shatabdi,KOTA,Kota Junction,BPL,Bhopal Junction,2026-04-24,02:45,0,On Time,No Delay,1651,64,16,Clear,41,9164,20,Low,0,1,0,0,Monitor
51,14122,Garib Rath,HWH,Howrah Junction,SDAH,Sealdah,2026-03-06,02:45,999,Cancelled,Signal Failure,780,65,8,Clear,30,7051,100,Critical,0,0,1,999,Escalate to operations command
52,14275,Duronto,KOTA,Kota Junction,PUNE,Pune Junction,2026-02-15,11:30,0,On Time,No Delay,1121,88,9,Cloudy,35,453,33,Low,0,0,0,9,Monitor
53,14139,Vande Bharat,NGP,Nagpur Junction,ADI,Ahmedabad Junction,2026-01-20,23:45,0,Completed,No Delay,398,77,10,Fog,36,382,35,Low,0,0,0,7,Monitor
54,14646,Vande Bharat,JP,Jaipur Junction,PUNE,Pune Junction,2026-03-03,09:30,30,Delayed,Technical Fault,1466,95,4,Rain,42,945,41,Medium,0,1,0,39,Notify station control
55,12617,Jan Shatabdi,NGP,Nagpur Junction,MAS,Chennai Central,2026-02-05,07:45,45,At Risk,Weather,516,74,16,Cloudy,44,5135,46,Medium,0,0,1,50,Notify station control
56,12251,Rajdhani,ALD,Prayagraj Junction,CNB,Kanpur Central,2026-08-01,19:30,0,On Time,No Delay,934,100,9,Clear,32,6542,36,Low,0,1,0,6,Monitor
57,12282,Express,KOTA,Kota Junction,PUNE,Pune Junction,2026-07-15,11:45,999,Cancelled,Track Obstruction,466,79,16,Cloudy,17,1892,100,Critical,0,0,1,999,Escalate to operations command
58,14084,Shatabdi,GKP,Gorakhpur,SDAH,Sealdah,2026-02-22,11:30,75,At Risk,Weather,247,77,12,Heatwave,20,7564,55,Medium,0,0,1,77,Notify station control
59,12825,Shatabdi,BCT,Mumbai Central,NGP,Nagpur Junction,2026-02-27,17:15,0,Completed,No Delay,367,64,1,Fog,15,885,34,Low,0,0,0,2,Monitor
60,12743,Duronto,GKP,Gorakhpur,SBC,KSR Bengaluru City,2026-06-26,07:30,5,At Risk,Technical Fault,446,57,18,Clear,22,3158,20,Low,0,0,0,0,Monitor
61,12807,Duronto,NDLS,New Delhi,SBC,KSR Bengaluru City,2026-01-02,15:45,12,At Risk,Maintenance Work,1098,79,4,Rain,28,8554,30,Low,0,0,1,8,Monitor
62,14292,Express,NGP,Nagpur Junction,HWH,Howrah Junction,2026-08-17,19:45,0,On Time,No Delay,1425,58,5,Clear,16,2367,20,Low,0,0,0,5,Monitor
63,14493,Vande Bharat,HWH,Howrah Junction,SDAH,Sealdah,2026-02-27,02:00,25,Delayed,Maintenance Work,996,70,14,Clear,24,4476,34,Low,1,0,0,24,Monitor
64,13117,Jan Shatabdi,NGP,Nagpur Junction,HWH,Howrah Junction,2026-05-20,09:30,0,On Time,No Delay,1330,79,11,Storm,35,2302,39,Low,0,0,0,6,Monitor
65,14328,Duronto,HWH,Howrah Junction,KOTA,Kota Junction,2026-01-06,08:30,25,Delayed,Weather,1319,58,8,Fog,39,519,47,Medium,1,0,0,20,Notify station control
66,12024,Duronto,LKO,Lucknow Charbagh,BPL,Bhopal Junction,2026-03-12,09:30,60,Delayed,Signal Failure,367,94,17,Clear,20,6463,53,Medium,0,1,1,69,Notify station control
67,12120,Duronto,GKP,Gorakhpur,CSTM,Mumbai CSMT,2026-02-10,21:45,8,At Risk,Weather,1087,66,15,Rain,27,4775,25,Low,0,0,1,6,Monitor
68,12129,Intercity,PNBE,Patna Junction,JP,Jaipur Junction,2026-06-04,00:45,0,Completed,No Delay,598,61,10,Clear,44,3760,26,Low,0,0,0,0,Monitor
69,12449,Jan Shatabdi,NGP,Nagpur Junction,MAS,Chennai Central,2026-02-13,00:30,45,At Risk,Signal Failure,1073,100,11,Clear,32,7333,51,Medium,0,1,0,52,Notify station control
70,13112,Intercity,MAS,Chennai Central,BBS,Bhubaneswar,2026-03-03,16:00,25,At Risk,Platform Change,1253,79,3,Clear,26,5383,39,Low,0,0,0,30,Monitor
71,12645,Superfast,PNBE,Patna Junction,ALD,Prayagraj Junction,2026-03-15,02:45,15,At Risk,Technical Fault,704,82,3,Clear,19,8395,34,Low,0,0,0,24,Monitor
72,12876,Rajdhani,VSKP,Visakhapatnam,JP,Jaipur Junction,2026-09-13,14:00,0,On Time,No Delay,1125,95,15,Clear,15,1232,30,Low,0,1,0,4,Monitor
73,12642,Sampark Kranti,VSKP,Visakhapatnam,KOTA,Kota Junction,2026-09-17,19:15,15,Delayed,Weather,391,86,3,Storm,30,3127,43,Medium,0,0,1,17,Notify station control
74,12950,Intercity,CNB,Kanpur Central,BPL,Bhopal Junction,2026-03-11,02:15,8,At Risk,Weather,314,49,11,Heavy Rain,17,9441,37,Low,0,0,0,15,Monitor
75,13217,Sampark Kranti,CNB,Kanpur Central,JP,Jaipur Junction,2026-05-06,06:30,10,At Risk,Platform Change,1497,83,17,Clear,16,7237,33,Low,0,0,0,16,Monitor
76,12718,Duronto,BBS,Bhubaneswar,SBC,KSR Bengaluru City,2026-07-05,05:15,0,On Time,No Delay,387,49,17,Fog,38,632,35,Low,0,0,0,0,Monitor
77,14106,Intercity,KOTA,Kota Junction,MAS,Chennai Central,2026-06-22,18:45,0,On Time,No Delay,1089,56,15,Rain,21,9049,20,Low,0,0,0,4,Monitor
78,13265,Jan Shatabdi,VSKP,Visakhapatnam,JP,Jaipur Junction,2026-09-28,03:30,0,On Time,No Delay,588,59,5,Clear,41,4396,18,Low,0,0,0,10,Monitor
79,12858,Jan Shatabdi,CSTM,Mumbai CSMT,SBC,KSR Bengaluru City,2026-02-12,07:00,0,On Time,No Delay,634,88,1,Clear,27,1172,29,Low,0,0,1,6,Monitor
80,13019,Duronto,LKO,Lucknow Charbagh,HWH,Howrah Junction,2026-05-07,04:45,0,On Time,No Delay,1147,47,5,Heatwave,38,7985,19,Low,0,0,0,0,Monitor
81,12739,Shatabdi,HWH,Howrah Junction,LKO,Lucknow Charbagh,2026-07-01,19:30,0,On Time,No Delay,1455,68,16,Clear,33,9082,20,Low,0,0,0,2,Monitor
82,14024,Shatabdi,PUNE,Pune Junction,KOTA,Kota Junction,2026-01-21,12:30,45,Delayed,Late Incoming Train,1294,77,17,Clear,39,8616,45,Medium,0,0,1,40,Notify station control
83,13109,Superfast,ADI,Ahmedabad Junction,NDLS,New Delhi,2026-08-21,05:15,0,On Time,No Delay,392,79,11,Rain,18,1026,26,Low,0,0,1,5,Monitor
84,12138,Vande Bharat,CSTM,Mumbai CSMT,BBS,Bhubaneswar,2026-05-02,20:15,0,On Time,No Delay,265,51,11,Clear,43,5380,21,Low,1,0,1,7,Monitor
85,12184,Superfast,JP,Jaipur Junction,BPL,Bhopal Junction,2026-02-24,13:00,0,On Time,No Delay,1074,95,13,Heavy Rain,24,3360,44,Medium,0,1,0,10,Notify station control
86,14438,Superfast,NGP,Nagpur Junction,MAS,Chennai Central,2026-01-24,11:45,0,On Time,No Delay,785,60,10,Clear,28,7281,20,Low,0,0,1,9,Monitor
87,12286,Intercity,ADI,Ahmedabad Junction,BCT,Mumbai Central,2026-07-19,01:15,0,On Time,No Delay,1571,78,15,Heavy Rain,15,2368,35,Low,0,1,0,2,Monitor
88,13157,Shatabdi,VSKP,Visakhapatnam,CNB,Kanpur Central,2026-05-25,08:45,45,Delayed,Weather,691,79,4,Clear,14,3348,45,Medium,1,0,0,52,Notify station control
89,14226,Shatabdi,SBC,KSR Bengaluru City,LKO,Lucknow Charbagh,2026-05-28,05:15,0,On Time,No Delay,533,89,3,Clear,39,5536,32,Low,0,0,0,6,Monitor
90,12716,Vande Bharat,CNB,Kanpur Central,ALD,Prayagraj Junction,2026-02-10,12:45,25,At Risk,Weather,919,66,18,Heavy Rain,32,6344,45,Medium,1,0,0,24,Notify station control
91,14074,Shatabdi,PNBE,Patna Junction,NGP,Nagpur Junction,2026-09-28,01:00,0,On Time,No Delay,331,54,12,Clear,18,9332,23,Low,0,0,1,0,Monitor
92,12922,Duronto,PNBE,Patna Junction,SDAH,Sealdah,2026-09-09,04:30,0,On Time,No Delay,888,83,17,Rain,42,4953,32,Low,0,0,0,0,Monitor
93,12265,Duronto,KOTA,Kota Junction,ALD,Prayagraj Junction,2026-01-16,20:30,15,Delayed,Congestion,1334,100,3,Clear,15,9749,36,Low,1,1,1,16,Monitor
94,12788,Intercity,JP,Jaipur Junction,PNBE,Patna Junction,2026-03-11,22:30,0,On Time,No Delay,302,83,6,Clear,28,7109,29,Low,0,0,0,9,Monitor
95,12498,Superfast,CNB,Kanpur Central,NGP,Nagpur Junction,2026-06-19,23:30,12,Delayed,Maintenance Work,430,74,4,Clear,15,5054,30,Low,0,0,0,20,Monitor
96,14266,Express,SBC,KSR Bengaluru City,MAS,Chennai Central,2026-05-16,19:45,35,Delayed,Track Obstruction,985,87,17,Cloudy,28,4244,40,Medium,0,0,0,41,Notify station control
97,12014,Intercity,JP,Jaipur Junction,GKP,Gorakhpur,2026-02-13,16:45,0,On Time,No Delay,929,77,13,Clear,15,9643,28,Low,0,0,0,1,Monitor
98,14688,Sampark Kranti,ALD,Prayagraj Junction,ADI,Ahmedabad Junction,2026-09-13,16:00,0,On Time,No Delay,986,61,12,Storm,39,5855,36,Low,0,0,0,6,Monitor
99,12492,Superfast,BCT,Mumbai Central,CSTM,Mumbai CSMT,2026-09-18,15:30,90,At Risk,Late Incoming Train,466,66,6,Clear,26,5202,59,Medium,1,0,1,95,Notify station control
100,13143,Shatabdi,BBS,Bhubaneswar,NDLS,New Delhi,2026-03-17,20:45,0,Completed,No Delay,1665,94,1,Cloudy,33,8075,29,Low,0,1,1,2,Monitor
101,12174,Shatabdi,SDAH,Sealdah,ADI,Ahmedabad Junction,2026-09-11,21:45,0,On Time,No Delay,1037,89,14,Clear,30,8026,34,Low,0,0,0,0,Monitor
102,13023,Express,PNBE,Patna Junction,BPL,Bhopal Junction,2026-04-10,09:15,0,Completed,No Delay,905,94,9,Clear,33,8232,29,Low,0,1,0,2,Monitor
103,14245,Jan Shatabdi,BBS,Bhubaneswar,LKO,Lucknow Charbagh,2026-01-10,22:00,0,Completed,No Delay,740,71,18,Heavy Rain,26,6764,41,Medium,0,0,0,6,Notify station control
104,12896,Express,CNB,Kanpur Central,BBS,Bhubaneswar,2026-04-02,21:15,0,On Time,No Delay,735,95,18,Fog,36,358,40,Medium,1,1,0,0,Notify station control
105,12353,Superfast,PUNE,Pune Junction,BCT,Mumbai Central,2026-05-21,01:00,12,At Risk,Technical Fault,190,100,6,Rain,27,8093,37,Low,0,1,0,13,Monitor
106,14495,Rajdhani,GKP,Gorakhpur,PUNE,Pune Junction,2026-01-01,09:00,0,Completed,No Delay,540,66,2,Clear,40,6804,27,Low,0,0,0,10,Monitor
107,14183,Jan Shatabdi,LKO,Lucknow Charbagh,JP,Jaipur Junction,2026-06-26,09:15,15,Delayed,Weather,738,78,6,Fog,37,549,47,Medium,0,0,0,18,Notify station control
108,14066,Superfast,MAS,Chennai Central,NGP,Nagpur Junction,2026-04-15,08:30,0,On Time,No Delay,558,82,5,Rain,29,5601,26,Low,0,0,1,0,Monitor
109,14502,Garib Rath,JP,Jaipur Junction,KOTA,Kota Junction,2026-04-08,04:45,25,Delayed,Track Obstruction,1133,70,17,Clear,43,5395,37,Low,0,0,0,23,Monitor
110,14648,Intercity,SDAH,Sealdah,BBS,Bhubaneswar,2026-06-03,18:00,120,At Risk,Crew Delay,1740,90,8,Rain,35,1641,76,High,1,1,1,129,Reallocate platform and crew
111,14326,Sampark Kranti,BCT,Mumbai Central,GKP,Gorakhpur,2026-09-14,14:00,18,Delayed,Late Incoming Train,1084,83,16,Clear,16,8661,35,Low,0,0,0,14,Monitor
112,12993,Rajdhani,ALD,Prayagraj Junction,VSKP,Visakhapatnam,2026-09-02,02:45,0,On Time,No Delay,1707,82,7,Fog,32,154,36,Low,0,1,0,8,Monitor
113,14024,Duronto,BCT,Mumbai Central,LKO,Lucknow Charbagh,2026-03-18,12:15,75,At Risk,Platform Change,1098,98,13,Clear,16,9135,57,Medium,0,1,1,81,Notify station control
114,12039,Express,PUNE,Pune Junction,NDLS,New Delhi,2026-01-26,21:45,75,Delayed,Crew Delay,686,52,15,Cloudy,25,2841,47,Medium,0,0,1,76,Notify station control
115,12727,Shatabdi,KOTA,Kota Junction,NDLS,New Delhi,2026-01-05,16:30,0,On Time,No Delay,1404,61,8,Clear,37,1024,22,Low,0,0,0,9,Monitor
116,13074,Sampark Kranti,PUNE,Pune Junction,KOTA,Kota Junction,2026-07-18,15:00,40,At Risk,Technical Fault,1532,49,17,Clear,21,7075,33,Low,0,1,0,43,Monitor
117,14341,Intercity,CNB,Kanpur Central,NGP,Nagpur Junction,2026-07-18,16:15,0,On Time,No Delay,556,76,8,Clear,23,2665,30,Low,0,0,1,9,Monitor
118,12827,Superfast,BPL,Bhopal Junction,PUNE,Pune Junction,2026-04-26,18:15,90,Delayed,Weather,1276,59,7,Fog,15,354,67,High,0,0,1,86,Reallocate platform and crew
119,13039,Rajdhani,BBS,Bhubaneswar,SBC,KSR Bengaluru City,2026-09-11,09:45,0,On Time,No Delay,1698,100,16,Clear,43,4274,35,Low,0,1,0,1,Monitor
120,13140,Garib Rath,VSKP,Visakhapatnam,GKP,Gorakhpur,2026-06-14,01:15,0,On Time,No Delay,1134,100,4,Fog,39,819,45,Medium,0,1,0,5,Notify station control
121,12871,Sampark Kranti,SDAH,Sealdah,NDLS,New Delhi,2026-08-24,20:45,75,Delayed,Crew Delay,855,78,8,Clear,29,9321,57,Medium,0,0,1,80,Notify station control
122,13122,Duronto,VSKP,Visakhapatnam,MAS,Chennai Central,2026-01-14,04:15,120,At Risk,Late Incoming Train,1494,95,2,Clear,30,854,80,High,0,1,1,117,Reallocate platform and crew
123,12028,Jan Shatabdi,CSTM,Mumbai CSMT,MAS,Chennai Central,2026-09-27,22:45,8,Delayed,Maintenance Work,1530,74,18,Cloudy,27,494,25,Low,0,1,0,11,Monitor
124,12368,Duronto,MAS,Chennai Central,HWH,Howrah Junction,2026-04-23,07:30,0,On Time,No Delay,696,76,12,Cloudy,22,6802,23,Low,0,0,1,6,Monitor
125,12252,Intercity,CSTM,Mumbai CSMT,BCT,Mumbai Central,2026-09-02,07:15,0,On Time,No Delay,1484,85,16,Cloudy,41,7409,31,Low,1,0,0,5,Monitor
126,12806,Shatabdi,GKP,Gorakhpur,BBS,Bhubaneswar,2026-05-06,18:15,30,Delayed,Signal Failure,547,76,11,Heatwave,14,3694,39,Low,0,0,0,29,Monitor
127,14443,Intercity,GKP,Gorakhpur,BPL,Bhopal Junction,2026-06-01,20:30,15,At Risk,Weather,1205,75,4,Heavy Rain,27,4103,48,Medium,0,0,1,12,Notify station control
128,12746,Jan Shatabdi,VSKP,Visakhapatnam,PNBE,Patna Junction,2026-05-05,12:15,0,Completed,No Delay,1572,62,13,Clear,16,5139,26,Low,0,1,0,2,Monitor
129,13114,Shatabdi,BPL,Bhopal Junction,LKO,Lucknow Charbagh,2026-02-12,17:00,0,On Time,No Delay,917,76,3,Clear,19,7361,26,Low,0,0,0,8,Monitor
130,13202,Garib Rath,KOTA,Kota Junction,LKO,Lucknow Charbagh,2026-03-09,09:30,0,On Time,No Delay,1664,69,18,Heavy Rain,42,4277,38,Low,0,1,0,0,Monitor
131,12222,Intercity,BBS,Bhubaneswar,SDAH,Sealdah,2026-03-10,00:45,0,On Time,No Delay,1782,86,8,Clear,37,8423,30,Low,0,1,0,1,Monitor
132,13057,Superfast,LKO,Lucknow Charbagh,NGP,Nagpur Junction,2026-06-13,08:45,15,Delayed,Crew Delay,1161,81,11,Clear,19,6824,32,Low,0,0,0,19,Monitor
133,14526,Sampark Kranti,CNB,Kanpur Central,HWH,Howrah Junction,2026-08-05,20:30,0,Completed,No Delay,1752,40,15,Clear,44,3734,17,Low,0,1,1,4,Monitor
134,12492,Intercity,PUNE,Pune Junction,JP,Jaipur Junction,2026-09-20,20:00,10,At Risk,Maintenance Work,1372,64,13,Clear,31,8600,31,Low,0,0,0,18,Monitor
135,13122,Sampark Kranti,HWH,Howrah Junction,ADI,Ahmedabad Junction,2026-04-17,23:15,0,On Time,No Delay,1567,52,11,Storm,44,7352,29,Low,0,1,0,0,Monitor
136,13260,Sampark Kranti,VSKP,Visakhapatnam,CNB,Kanpur Central,2026-05-11,14:15,15,Delayed,Signal Failure,1168,44,4,Clear,23,7115,21,Low,0,0,0,13,Monitor
137,13161,Shatabdi,PNBE,Patna Junction,BBS,Bhubaneswar,2026-09-06,17:15,90,Delayed,Weather,271,78,11,Clear,34,2091,63,Medium,0,0,1,90,Notify station control
138,14060,Vande Bharat,LKO,Lucknow Charbagh,GKP,Gorakhpur,2026-04-07,08:00,18,At Risk,Platform Change,990,69,1,Clear,37,3532,31,Low,0,0,0,26,Monitor
139,14424,Superfast,GKP,Gorakhpur,HWH,Howrah Junction,2026-06-12,14:15,0,On Time,No Delay,717,67,11,Cloudy,33,6667,26,Low,1,0,0,7,Monitor
140,12287,Duronto,JP,Jaipur Junction,KOTA,Kota Junction,2026-07-14,05:45,0,On Time,No Delay,419,60,6,Clear,25,2616,23,Low,0,0,0,7,Monitor
141,14422,Express,ALD,Prayagraj Junction,MAS,Chennai Central,2026-07-22,15:45,0,On Time,No Delay,1103,54,1,Clear,29,2536,19,Low,1,0,1,7,Monitor
142,12511,Sampark Kranti,VSKP,Visakhapatnam,PNBE,Patna Junction,2026-08-18,16:00,0,On Time,No Delay,778,55,2,Rain,22,3983,22,Low,0,0,1,4,Monitor
143,12870,Superfast,GKP,Gorakhpur,HWH,Howrah Junction,2026-08-28,03:15,8,Delayed,Maintenance Work,1298,79,8,Rain,23,828,30,Low,0,0,0,11,Monitor
144,13191,Sampark Kranti,SBC,KSR Bengaluru City,KOTA,Kota Junction,2026-06-23,09:30,18,Delayed,Crew Delay,603,91,2,Cloudy,32,6047,38,Low,1,1,0,21,Monitor
145,14387,Shatabdi,GKP,Gorakhpur,ADI,Ahmedabad Junction,2026-07-16,04:30,0,On Time,No Delay,1022,100,5,Rain,36,2474,31,Low,0,1,0,0,Monitor
146,14110,Shatabdi,NGP,Nagpur Junction,BPL,Bhopal Junction,2026-06-28,02:45,0,On Time,No Delay,1602,53,12,Rain,28,8296,20,Low,0,1,1,0,Monitor
147,12664,Garib Rath,SBC,KSR Bengaluru City,VSKP,Visakhapatnam,2026-08-01,03:15,0,On Time,No Delay,1300,58,16,Clear,39,5931,24,Low,0,0,0,0,Monitor
148,12055,Vande Bharat,VSKP,Visakhapatnam,BBS,Bhubaneswar,2026-06-22,20:15,0,Completed,No Delay,1511,66,10,Heatwave,19,4789,21,Low,0,1,0,6,Monitor
149,12993,Vande Bharat,BCT,Mumbai Central,NGP,Nagpur Junction,2026-07-23,04:45,10,Delayed,Signal Failure,617,68,8,Rain,30,7591,24,Low,0,0,0,5,Monitor
150,13212,Shatabdi,CSTM,Mumbai CSMT,ADI,Ahmedabad Junction,2026-03-15,11:15,0,On Time,No Delay,792,77,5,Clear,26,2481,29,Low,0,0,0,0,Monitor
151,14688,Express,SDAH,Sealdah,VSKP,Visakhapatnam,2026-02-08,17:30,10,At Risk,Technical Fault,1721,93,12,Heatwave,44,7335,33,Low,0,1,0,9,Monitor
152,12667,Sampark Kranti,NDLS,New Delhi,LKO,Lucknow Charbagh,2026-02-17,00:30,60,Delayed,Signal Failure,1785,92,8,Clear,29,6622,50,Medium,0,1,1,62,Notify station control
153,13273,Intercity,LKO,Lucknow Charbagh,SDAH,Sealdah,2026-01-02,12:30,0,On Time,No Delay,1742,35,3,Rain,14,9923,13,Low,0,1,0,0,Monitor
154,14090,Intercity,PNBE,Patna Junction,NGP,Nagpur Junction,2026-03-18,10:45,0,On Time,No Delay,1441,84,5,Cloudy,22,1669,27,Low,1,0,0,0,Monitor
155,12990,Intercity,GKP,Gorakhpur,CSTM,Mumbai CSMT,2026-03-16,11:30,25,At Risk,Track Obstruction,1069,91,2,Clear,23,3177,36,Low,0,1,0,20,Monitor
156,12496,Garib Rath,MAS,Chennai Central,BPL,Bhopal Junction,2026-08-15,16:30,12,At Risk,Weather,866,89,14,Heavy Rain,22,8882,43,Medium,1,0,0,15,Notify station control
157,14522,Superfast,BCT,Mumbai Central,PNBE,Patna Junction,2026-08-12,12:15,0,On Time,No Delay,1355,72,17,Heavy Rain,14,1021,41,Medium,0,0,0,0,Notify station control
158,14492,Intercity,MAS,Chennai Central,BCT,Mumbai Central,2026-03-08,16:00,0,On Time,No Delay,1655,69,11,Clear,22,1576,26,Low,0,1,0,6,Monitor
159,14137,Garib Rath,BPL,Bhopal Junction,CSTM,Mumbai CSMT,2026-04-24,17:15,0,On Time,No Delay,196,67,10,Cloudy,37,4274,24,Low,1,0,1,6,Monitor
160,14004,Vande Bharat,SDAH,Sealdah,NDLS,New Delhi,2026-07-16,01:15,5,Delayed,Weather,1734,85,13,Storm,41,5338,39,Low,1,1,0,6,Monitor
161,12130,Jan Shatabdi,ADI,Ahmedabad Junction,CSTM,Mumbai CSMT,2026-07-22,04:15,0,On Time,No Delay,1118,82,4,Heatwave,30,2487,30,Low,0,0,0,7,Monitor
162,13051,Superfast,JP,Jaipur Junction,ADI,Ahmedabad Junction,2026-08-15,10:45,0,On Time,No Delay,332,74,7,Clear,18,9879,23,Low,0,0,0,0,Monitor
163,13199,Vande Bharat,HWH,Howrah Junction,GKP,Gorakhpur,2026-06-13,16:00,90,Delayed,Track Obstruction,365,88,2,Clear,20,5670,60,Medium,0,0,1,87,Notify station control
164,12504,Intercity,JP,Jaipur Junction,ADI,Ahmedabad Junction,2026-07-12,21:00,25,At Risk,Track Obstruction,466,95,4,Clear,14,1310,44,Medium,0,1,0,27,Notify station control
165,12810,Rajdhani,GKP,Gorakhpur,KOTA,Kota Junction,2026-07-16,00:45,0,Completed,No Delay,1502,68,11,Clear,17,999,25,Low,0,1,1,0,Monitor
166,13128,Duronto,NGP,Nagpur Junction,MAS,Chennai Central,2026-09-16,01:00,0,On Time,No Delay,484,78,2,Clear,33,4326,29,Low,0,0,1,4,Monitor
167,12454,Vande Bharat,ADI,Ahmedabad Junction,NGP,Nagpur Junction,2026-07-09,05:00,25,Delayed,Late Incoming Train,219,100,12,Cloudy,29,9221,45,Medium,0,1,0,35,Notify station control
168,12036,Rajdhani,LKO,Lucknow Charbagh,PUNE,Pune Junction,2026-07-12,05:15,120,At Risk,Crew Delay,506,74,4,Cloudy,21,4251,69,High,0,0,1,116,Reallocate platform and crew
169,13095,Superfast,PUNE,Pune Junction,KOTA,Kota Junction,2026-03-16,01:00,0,Completed,No Delay,1614,64,5,Clear,32,3384,27,Low,1,1,0,10,Monitor
170,14629,Rajdhani,BCT,Mumbai Central,ADI,Ahmedabad Junction,2026-03-19,22:15,5,Delayed,Crew Delay,447,91,11,Clear,36,3207,36,Low,0,1,0,10,Monitor
171,13110,Superfast,HWH,Howrah Junction,ALD,Prayagraj Junction,2026-09-23,19:30,60,At Risk,Congestion,798,57,14,Cloudy,39,8282,46,Medium,0,0,1,65,Notify station control
172,12549,Garib Rath,PUNE,Pune Junction,KOTA,Kota Junction,2026-04-21,18:00,35,At Risk,Signal Failure,1617,100,13,Clear,41,9597,42,Medium,1,1,0,35,Notify station control
173,13096,Shatabdi,BBS,Bhubaneswar,SDAH,Sealdah,2026-06-09,03:00,0,On Time,No Delay,523,50,11,Storm,28,486,30,Low,0,0,0,1,Monitor
174,14194,Intercity,BCT,Mumbai Central,NGP,Nagpur Junction,2026-03-15,02:00,0,Completed,No Delay,1189,46,13,Fog,25,639,30,Low,0,0,0,0,Monitor
175,13034,Shatabdi,JP,Jaipur Junction,NDLS,New Delhi,2026-07-06,01:00,0,On Time,No Delay,948,79,3,Clear,24,8209,30,Low,0,0,0,0,Monitor
176,12653,Jan Shatabdi,LKO,Lucknow Charbagh,SBC,KSR Bengaluru City,2026-06-01,13:00,30,At Risk,Weather,666,81,4,Rain,15,6737,40,Medium,0,0,0,40,Notify station control
177,12613,Rajdhani,JP,Jaipur Junction,PNBE,Patna Junction,2026-03-12,12:30,0,On Time,No Delay,347,68,13,Cloudy,29,8313,27,Low,0,0,1,3,Monitor
178,12134,Express,MAS,Chennai Central,BBS,Bhubaneswar,2026-09-02,12:45,25,Delayed,Weather,489,77,4,Fog,16,764,47,Medium,1,0,0,33,Notify station control
179,14531,Express,ALD,Prayagraj Junction,BBS,Bhubaneswar,2026-03-06,06:15,0,On Time,No Delay,1642,95,17,Clear,39,9663,33,Low,0,1,1,0,Monitor
180,14011,Intercity,SDAH,Sealdah,BCT,Mumbai Central,2026-09-13,17:30,0,On Time,No Delay,482,80,9,Fog,24,824,43,Medium,0,0,1,0,Notify station control
181,14102,Sampark Kranti,ADI,Ahmedabad Junction,ALD,Prayagraj Junction,2026-09-12,13:30,75,Delayed,Technical Fault,483,57,4,Clear,43,2030,51,Medium,0,0,1,73,Notify station control
182,14578,Express,BPL,Bhopal Junction,PNBE,Patna Junction,2026-05-12,00:30,0,On Time,No Delay,474,67,13,Clear,15,6784,23,Low,0,0,1,2,Monitor
183,12863,Shatabdi,JP,Jaipur Junction,LKO,Lucknow Charbagh,2026-04-27,13:45,0,Completed,No Delay,795,92,11,Clear,22,7128,32,Low,0,1,1,0,Monitor
184,12166,Duronto,PNBE,Patna Junction,CNB,Kanpur Central,2026-04-27,01:15,0,On Time,No Delay,1006,73,5,Rain,38,8889,27,Low,0,0,0,0,Monitor
185,12147,Vande Bharat,BCT,Mumbai Central,BBS,Bhubaneswar,2026-09-12,11:15,0,On Time,No Delay,1214,48,1,Fog,21,461,32,Low,0,0,1,9,Monitor
186,12904,Intercity,ADI,Ahmedabad Junction,CSTM,Mumbai CSMT,2026-07-17,00:00,0,On Time,No Delay,1777,96,7,Fog,41,306,45,Medium,0,1,0,2,Notify station control
187,12577,Rajdhani,BBS,Bhubaneswar,SDAH,Sealdah,2026-04-15,09:45,0,On Time,No Delay,805,70,9,Cloudy,27,6468,29,Low,0,0,0,6,Monitor
188,12066,Superfast,GKP,Gorakhpur,HWH,Howrah Junction,2026-05-07,04:15,35,Delayed,Track Obstruction,1166,53,3,Clear,24,4829,36,Low,0,0,0,40,Monitor
189,13088,Duronto,BCT,Mumbai Central,NGP,Nagpur Junction,2026-09-10,05:15,120,At Risk,Weather,1037,55,7,Storm,24,3943,80,High,0,0,1,130,Reallocate platform and crew
190,14217,Garib Rath,JP,Jaipur Junction,HWH,Howrah Junction,2026-06-09,18:30,18,At Risk,Congestion,1520,89,3,Heatwave,21,6120,34,Low,0,1,0,22,Monitor
191,14207,Sampark Kranti,VSKP,Visakhapatnam,HWH,Howrah Junction,2026-06-14,18:45,10,Delayed,Crew Delay,1204,92,17,Cloudy,23,7068,30,Low,0,1,0,9,Monitor
192,12511,Express,SDAH,Sealdah,CNB,Kanpur Central,2026-08-26,02:15,0,On Time,No Delay,821,91,2,Storm,14,7706,41,Medium,0,1,0,1,Notify station control
193,14052,Intercity,KOTA,Kota Junction,NGP,Nagpur Junction,2026-04-08,22:30,0,Completed,No Delay,257,52,1,Clear,42,5579,23,Low,0,0,0,1,Monitor
194,12350,Jan Shatabdi,JP,Jaipur Junction,SDAH,Sealdah,2026-06-16,11:15,18,Delayed,Signal Failure,790,70,10,Clear,28,8824,33,Low,0,0,0,23,Monitor
195,12030,Vande Bharat,MAS,Chennai Central,NGP,Nagpur Junction,2026-02-21,00:00,15,At Risk,Signal Failure,1387,68,2,Clear,26,4490,33,Low,1,0,0,11,Monitor
196,14149,Shatabdi,HWH,Howrah Junction,VSKP,Visakhapatnam,2026-05-20,19:15,120,Delayed,Crew Delay,1603,75,1,Rain,23,7195,73,High,1,1,1,118,Reallocate platform and crew
197,14393,Sampark Kranti,NGP,Nagpur Junction,HWH,Howrah Junction,2026-03-02,17:45,0,On Time,No Delay,397,55,9,Clear,40,8871,19,Low,0,0,0,6,Monitor
198,13031,Rajdhani,SBC,KSR Bengaluru City,PNBE,Patna Junction,2026-04-15,09:30,0,On Time,No Delay,406,76,16,Clear,18,1775,30,Low,0,0,0,0,Monitor
199,12323,Rajdhani,VSKP,Visakhapatnam,BCT,Mumbai Central,2026-08-20,08:00,45,At Risk,Weather,1052,75,2,Heavy Rain,14,2567,57,Medium,0,0,0,45,Notify station control
200,12515,Intercity,CNB,Kanpur Central,LKO,Lucknow Charbagh,2026-01-28,05:00,0,On Time,No Delay,969,69,16,Cloudy,39,7209,27,Low,0,0,0,0,Monitor
201,14273,Express,NGP,Nagpur Junction,KOTA,Kota Junction,2026-02-09,20:30,0,On Time,No Delay,914,53,5,Clear,29,8297,18,Low,0,0,0,8,Monitor
202,14593,Sampark Kranti,NDLS,New Delhi,ALD,Prayagraj Junction,2026-07-05,17:00,0,On Time,No Delay,872,56,17,Storm,30,1860,33,Low,0,0,0,2,Monitor
203,14361,Express,NDLS,New Delhi,SBC,KSR Bengaluru City,2026-02-15,14:45,10,At Risk,Congestion,673,70,17,Rain,21,9319,31,Low,0,0,0,17,Monitor
204,14141,Shatabdi,CSTM,Mumbai CSMT,PNBE,Patna Junction,2026-09-18,06:45,0,Completed,No Delay,216,86,4,Rain,26,7055,25,Low,0,0,0,0,Monitor
205,12129,Express,LKO,Lucknow Charbagh,BPL,Bhopal Junction,2026-06-27,20:30,0,On Time,No Delay,1408,54,15,Rain,17,1896,24,Low,0,0,0,2,Monitor
206,13190,Shatabdi,ALD,Prayagraj Junction,PNBE,Patna Junction,2026-07-07,14:15,0,On Time,No Delay,467,79,14,Clear,17,4466,29,Low,0,0,0,1,Monitor
207,14006,Sampark Kranti,LKO,Lucknow Charbagh,HWH,Howrah Junction,2026-08-17,05:15,0,On Time,No Delay,1116,55,5,Heatwave,44,8472,17,Low,1,0,1,0,Monitor
208,13285,Sampark Kranti,SDAH,Sealdah,HWH,Howrah Junction,2026-03-14,19:30,40,Delayed,Platform Change,1037,44,8,Cloudy,22,6818,32,Low,0,0,0,44,Monitor
209,14481,Vande Bharat,ALD,Prayagraj Junction,LKO,Lucknow Charbagh,2026-09-16,18:45,0,On Time,No Delay,775,62,5,Cloudy,36,3213,24,Low,0,0,0,5,Monitor
210,14002,Jan Shatabdi,ALD,Prayagraj Junction,JP,Jaipur Junction,2026-03-27,01:30,0,On Time,No Delay,288,44,2,Clear,20,4674,21,Low,0,0,0,0,Monitor
211,12146,Express,SBC,KSR Bengaluru City,GKP,Gorakhpur,2026-07-14,21:30,0,On Time,No Delay,1694,66,18,Fog,26,323,37,Low,0,1,1,4,Monitor
212,12096,Garib Rath,ALD,Prayagraj Junction,BCT,Mumbai Central,2026-04-10,14:15,0,On Time,No Delay,1087,71,8,Fog,43,728,40,Medium,1,0,0,6,Notify station control
213,12595,Jan Shatabdi,CSTM,Mumbai CSMT,SBC,KSR Bengaluru City,2026-06-20,01:30,0,On Time,No Delay,751,68,9,Clear,14,5715,25,Low,0,0,0,0,Monitor
214,14446,Shatabdi,BBS,Bhubaneswar,KOTA,Kota Junction,2026-06-08,06:30,40,At Risk,Technical Fault,1246,73,3,Cloudy,39,8576,38,Low,1,0,0,48,Monitor
215,12928,Sampark Kranti,LKO,Lucknow Charbagh,BPL,Bhopal Junction,2026-07-09,17:30,5,Delayed,Congestion,1092,77,8,Clear,44,953,31,Low,0,0,0,10,Monitor
216,13166,Jan Shatabdi,NDLS,New Delhi,ALD,Prayagraj Junction,2026-04-28,21:45,8,Delayed,Crew Delay,836,97,17,Clear,16,1872,32,Low,0,1,0,3,Monitor
217,14490,Intercity,HWH,Howrah Junction,PUNE,Pune Junction,2026-05-14,12:45,10,Delayed,Technical Fault,228,62,3,Rain,16,1189,24,Low,0,0,0,13,Monitor
218,13003,Intercity,BPL,Bhopal Junction,VSKP,Visakhapatnam,2026-02-10,14:45,5,Delayed,Track Obstruction,1728,79,2,Cloudy,36,1489,28,Low,0,1,0,3,Monitor
219,14221,Jan Shatabdi,BPL,Bhopal Junction,NDLS,New Delhi,2026-01-19,19:45,0,On Time,No Delay,1297,70,10,Rain,35,6413,21,Low,0,0,0,0,Monitor
220,12240,Vande Bharat,ALD,Prayagraj Junction,GKP,Gorakhpur,2026-03-22,18:00,45,At Risk,Late Incoming Train,471,96,6,Clear,19,3917,50,Medium,0,1,0,48,Notify station control
221,14410,Garib Rath,ALD,Prayagraj Junction,VSKP,Visakhapatnam,2026-08-15,10:30,30,Delayed,Maintenance Work,857,62,8,Clear,17,4971,36,Low,0,0,0,27,Monitor
222,14573,Superfast,GKP,Gorakhpur,SDAH,Sealdah,2026-06-16,14:45,75,At Risk,Congestion,684,93,8,Clear,36,7445,57,Medium,0,1,1,81,Notify station control
223,14271,Shatabdi,CNB,Kanpur Central,JP,Jaipur Junction,2026-09-21,00:45,0,On Time,No Delay,754,81,18,Cloudy,20,4612,30,Low,0,0,0,0,Monitor
224,12171,Garib Rath,GKP,Gorakhpur,SBC,KSR Bengaluru City,2026-08-17,16:00,120,Delayed,Technical Fault,929,69,13,Rain,21,9960,72,High,0,0,1,124,Reallocate platform and crew
225,14302,Vande Bharat,BPL,Bhopal Junction,CNB,Kanpur Central,2026-04-03,08:30,18,At Risk,Technical Fault,1093,86,5,Rain,37,8221,35,Low,0,0,1,14,Monitor
226,12667,Superfast,PUNE,Pune Junction,BCT,Mumbai Central,2026-07-21,12:30,0,On Time,No Delay,275,92,2,Heatwave,34,5609,27,Low,0,1,0,3,Monitor
227,14333,Intercity,GKP,Gorakhpur,CSTM,Mumbai CSMT,2026-08-06,07:00,0,Completed,No Delay,1011,57,16,Clear,39,8198,23,Low,1,0,0,0,Monitor
228,12620,Duronto,PNBE,Patna Junction,ADI,Ahmedabad Junction,2026-08-07,18:15,0,On Time,No Delay,422,100,8,Cloudy,27,5710,35,Low,0,1,1,0,Monitor
229,12706,Duronto,NGP,Nagpur Junction,NDLS,New Delhi,2026-05-03,06:45,18,Delayed,Late Incoming Train,260,82,6,Clear,22,3249,35,Low,1,0,0,25,Monitor
230,14222,Vande Bharat,KOTA,Kota Junction,BBS,Bhubaneswar,2026-04-13,12:15,15,At Risk,Weather,1456,70,17,Heavy Rain,22,3047,45,Medium,0,0,0,20,Notify station control
231,12667,Jan Shatabdi,HWH,Howrah Junction,NDLS,New Delhi,2026-07-17,13:30,15,Delayed,Technical Fault,1154,92,18,Cloudy,30,2225,33,Low,0,1,0,25,Monitor
232,14030,Express,BCT,Mumbai Central,ALD,Prayagraj Junction,2026-05-20,17:45,60,At Risk,Track Obstruction,1051,64,5,Clear,22,8117,49,Medium,0,0,1,62,Notify station control
233,12091,Rajdhani,ADI,Ahmedabad Junction,SBC,KSR Bengaluru City,2026-05-28,17:45,12,Delayed,Platform Change,1520,83,14,Cloudy,25,2046,30,Low,1,1,0,20,Monitor
234,14636,Intercity,GKP,Gorakhpur,CNB,Kanpur Central,2026-05-19,11:45,75,At Risk,Late Incoming Train,1168,100,6,Cloudy,25,9460,62,Medium,0,1,1,85,Notify station control
235,12758,Duronto,SDAH,Sealdah,HWH,Howrah Junction,2026-08-20,13:00,0,On Time,No Delay,1789,65,2,Cloudy,19,6675,26,Low,0,1,0,0,Monitor
236,12748,Shatabdi,CSTM,Mumbai CSMT,JP,Jaipur Junction,2026-08-01,06:30,60,Delayed,Platform Change,1437,92,17,Heatwave,23,1241,56,Medium,0,1,1,60,Notify station control
237,14666,Jan Shatabdi,SBC,KSR Bengaluru City,BCT,Mumbai Central,2026-09-01,23:00,18,Delayed,Congestion,669,53,3,Rain,22,6844,27,Low,0,0,0,25,Monitor
238,12993,Jan Shatabdi,CSTM,Mumbai CSMT,GKP,Gorakhpur,2026-05-06,13:00,0,Completed,No Delay,746,42,8,Clear,33,3487,18,Low,1,0,0,7,Monitor
239,14338,Superfast,ALD,Prayagraj Junction,CSTM,Mumbai CSMT,2026-08-22,14:00,0,Completed,No Delay,707,95,9,Heavy Rain,36,7554,43,Medium,0,1,0,10,Notify station control
240,12809,Intercity,BBS,Bhubaneswar,HWH,Howrah Junction,2026-05-03,12:30,25,Delayed,Crew Delay,826,56,14,Rain,44,6085,32,Low,0,0,0,20,Monitor
241,12561,Superfast,CSTM,Mumbai CSMT,GKP,Gorakhpur,2026-04-07,07:30,0,On Time,No Delay,731,86,7,Heatwave,29,3571,27,Low,0,0,0,2,Monitor
242,12311,Express,SDAH,Sealdah,HWH,Howrah Junction,2026-09-09,12:15,8,Delayed,Weather,1451,98,11,Fog,29,668,51,Medium,0,1,0,11,Notify station control
243,12168,Intercity,GKP,Gorakhpur,SDAH,Sealdah,2026-04-13,18:00,8,Delayed,Platform Change,1585,78,4,Cloudy,36,8790,30,Low,0,1,0,13,Monitor
244,14634,Duronto,LKO,Lucknow Charbagh,BPL,Bhopal Junction,2026-07-09,14:15,25,Delayed,Congestion,929,59,6,Clear,29,7245,29,Low,0,0,0,33,Monitor
245,14588,Vande Bharat,GKP,Gorakhpur,SDAH,Sealdah,2026-09-18,23:30,30,At Risk,Weather,1065,82,5,Heavy Rain,29,459,49,Medium,0,0,0,38,Notify station control
246,12872,Sampark Kranti,BBS,Bhubaneswar,JP,Jaipur Junction,2026-05-12,11:30,0,On Time,No Delay,514,68,2,Clear,20,4466,25,Low,0,0,0,0,Monitor
247,14016,Superfast,CNB,Kanpur Central,NDLS,New Delhi,2026-05-15,20:15,20,At Risk,Late Incoming Train,537,88,11,Cloudy,35,8663,37,Low,0,0,1,29,Monitor
248,14081,Sampark Kranti,MAS,Chennai Central,CNB,Kanpur Central,2026-05-15,11:45,10,Delayed,Congestion,647,74,11,Clear,24,5073,32,Low,1,0,1,13,Monitor
249,12503,Duronto,NGP,Nagpur Junction,MAS,Chennai Central,2026-09-25,02:00,30,At Risk,Track Obstruction,611,79,3,Heatwave,43,8052,40,Medium,0,0,1,26,Notify station control
250,12284,Intercity,ADI,Ahmedabad Junction,SDAH,Sealdah,2026-06-28,10:45,0,On Time,No Delay,761,82,15,Clear,34,2371,25,Low,0,0,0,0,Monitor
251,12871,Express,VSKP,Visakhapatnam,GKP,Gorakhpur,2026-02-15,09:30,0,On Time,No Delay,1284,84,14,Heatwave,30,9045,27,Low,0,0,0,6,Monitor
252,12439,Rajdhani,NGP,Nagpur Junction,ADI,Ahmedabad Junction,2026-05-01,13:30,0,On Time,No Delay,459,94,12,Fog,23,560,44,Medium,0,1,1,0,Notify station control
253,12071,Superfast,KOTA,Kota Junction,PUNE,Pune Junction,2026-04-17,19:30,0,On Time,No Delay,1075,68,13,Fog,40,467,34,Low,0,0,1,3,Monitor
254,12853,Vande Bharat,JP,Jaipur Junction,GKP,Gorakhpur,2026-01-05,01:00,18,At Risk,Track Obstruction,1484,81,15,Clear,33,7718,33,Low,0,0,0,28,Monitor
255,12935,Duronto,MAS,Chennai Central,HWH,Howrah Junction,2026-02-27,04:00,5,At Risk,Technical Fault,210,62,10,Clear,39,8465,24,Low,0,0,0,14,Monitor
256,12270,Express,ADI,Ahmedabad Junction,NGP,Nagpur Junction,2026-04-24,01:15,0,On Time,No Delay,692,76,13,Heatwave,40,506,23,Low,0,0,1,2,Monitor
257,14386,Vande Bharat,VSKP,Visakhapatnam,HWH,Howrah Junction,2026-06-02,21:15,35,Delayed,Technical Fault,1468,72,18,Heatwave,30,2301,37,Low,0,0,0,45,Monitor
258,14042,Rajdhani,HWH,Howrah Junction,ADI,Ahmedabad Junction,2026-03-12,02:15,0,On Time,No Delay,425,51,13,Clear,39,4282,16,Low,1,0,1,0,Monitor
259,12288,Sampark Kranti,MAS,Chennai Central,PNBE,Patna Junction,2026-04-11,17:30,0,On Time,No Delay,1735,72,5,Storm,36,9087,41,Medium,0,1,1,0,Notify station control
260,12089,Intercity,VSKP,Visakhapatnam,SBC,KSR Bengaluru City,2026-04-19,05:30,0,On Time,No Delay,260,72,16,Clear,36,7468,27,Low,1,0,1,4,Monitor
261,12877,Jan Shatabdi,LKO,Lucknow Charbagh,BBS,Bhubaneswar,2026-06-25,19:15,0,On Time,No Delay,1100,72,12,Cloudy,28,311,29,Low,0,0,0,7,Monitor
262,14450,Vande Bharat,LKO,Lucknow Charbagh,CSTM,Mumbai CSMT,2026-02-17,21:00,120,Delayed,Technical Fault,1435,87,10,Rain,24,7014,76,High,0,0,1,125,Reallocate platform and crew
263,12505,Vande Bharat,BCT,Mumbai Central,MAS,Chennai Central,2026-02-01,06:45,0,On Time,No Delay,245,50,16,Clear,30,9971,18,Low,0,0,0,0,Monitor
264,12147,Jan Shatabdi,CSTM,Mumbai CSMT,BBS,Bhubaneswar,2026-02-07,16:00,75,At Risk,Weather,1443,63,9,Fog,30,121,66,High,0,0,1,72,Reallocate platform and crew
265,14450,Vande Bharat,HWH,Howrah Junction,ADI,Ahmedabad Junction,2026-02-06,05:45,0,On Time,No Delay,1347,69,18,Rain,27,2028,28,Low,0,0,1,6,Monitor
266,12569,Sampark Kranti,PNBE,Patna Junction,LKO,Lucknow Charbagh,2026-09-07,12:30,45,Delayed,Late Incoming Train,844,69,12,Heatwave,27,7354,45,Medium,1,0,0,50,Notify station control
267,14151,Rajdhani,CNB,Kanpur Central,BBS,Bhubaneswar,2026-09-17,17:15,35,At Risk,Late Incoming Train,456,88,10,Cloudy,21,3819,46,Medium,0,0,0,40,Notify station control
268,14146,Duronto,HWH,Howrah Junction,BCT,Mumbai Central,2026-04-24,02:30,0,On Time,No Delay,1372,75,8,Clear,21,4498,30,Low,0,0,1,4,Monitor
269,14289,Sampark Kranti,BBS,Bhubaneswar,MAS,Chennai Central,2026-07-28,03:15,12,At Risk,Weather,256,73,3,Cloudy,38,1216,33,Low,0,0,1,17,Monitor
270,13207,Garib Rath,KOTA,Kota Junction,NDLS,New Delhi,2026-09-03,07:45,40,Delayed,Technical Fault,849,56,17,Cloudy,36,3917,34,Low,1,0,1,36,Monitor
271,12417,Superfast,JP,Jaipur Junction,NGP,Nagpur Junction,2026-09-07,15:45,0,On Time,No Delay,280,64,13,Cloudy,30,7418,27,Low,0,0,1,0,Monitor
272,14479,Jan Shatabdi,GKP,Gorakhpur,SBC,KSR Bengaluru City,2026-06-12,06:30,0,On Time,No Delay,1770,72,14,Clear,24,9737,22,Low,0,1,1,0,Monitor
273,12922,Superfast,CNB,Kanpur Central,NDLS,New Delhi,2026-03-28,09:00,90,Delayed,Maintenance Work,271,85,12,Cloudy,18,1705,59,Medium,0,0,1,86,Notify station control
274,12958,Express,LKO,Lucknow Charbagh,HWH,Howrah Junction,2026-03-23,22:00,0,On Time,No Delay,1281,70,7,Clear,20,9252,26,Low,1,0,1,3,Monitor
275,14306,Garib Rath,BPL,Bhopal Junction,KOTA,Kota Junction,2026-02-01,09:45,0,On Time,No Delay,1796,72,15,Clear,34,436,22,Low,0,1,0,7,Monitor
276,14391,Shatabdi,PUNE,Pune Junction,NGP,Nagpur Junction,2026-01-02,07:30,999,Cancelled,Weather,360,64,6,Fog,20,592,100,Critical,1,0,1,999,Escalate to operations command
277,13296,Duronto,LKO,Lucknow Charbagh,PNBE,Patna Junction,2026-09-09,07:15,0,On Time,No Delay,907,68,17,Rain,22,1315,26,Low,0,0,0,3,Monitor
278,12412,Intercity,LKO,Lucknow Charbagh,NGP,Nagpur Junction,2026-09-22,06:15,25,Delayed,Technical Fault,1053,68,10,Clear,43,5695,34,Low,0,0,0,24,Monitor
279,12456,Duronto,JP,Jaipur Junction,ALD,Prayagraj Junction,2026-07-10,14:30,18,Delayed,Late Incoming Train,1271,83,11,Clear,40,2684,38,Low,0,0,1,13,Monitor
280,12317,Duronto,SDAH,Sealdah,PUNE,Pune Junction,2026-04-22,00:30,0,On Time,No Delay,1443,73,9,Storm,33,9590,39,Low,1,0,0,2,Monitor
281,12465,Sampark Kranti,CSTM,Mumbai CSMT,PNBE,Patna Junction,2026-04-24,21:15,45,Delayed,Platform Change,1186,67,8,Clear,15,6994,44,Medium,0,0,1,40,Notify station control
282,12557,Sampark Kranti,SBC,KSR Bengaluru City,CSTM,Mumbai CSMT,2026-09-17,20:00,40,Delayed,Weather,1055,77,13,Fog,38,122,55,Medium,0,0,1,47,Notify station control
283,14159,Rajdhani,PNBE,Patna Junction,HWH,Howrah Junction,2026-08-06,13:30,25,At Risk,Platform Change,1685,90,2,Cloudy,20,5070,39,Low,0,1,0,32,Monitor
284,14319,Express,KOTA,Kota Junction,BCT,Mumbai Central,2026-07-11,14:00,90,At Risk,Late Incoming Train,411,79,6,Clear,38,9891,63,Medium,0,0,1,89,Notify station control
285,14592,Vande Bharat,MAS,Chennai Central,BBS,Bhubaneswar,2026-09-20,05:45,999,Cancelled,Technical Fault,1651,75,15,Clear,34,6246,100,Critical,1,1,1,999,Escalate to operations command
286,12199,Duronto,ALD,Prayagraj Junction,BPL,Bhopal Junction,2026-05-24,14:30,0,Completed,No Delay,1530,69,5,Cloudy,19,2669,22,Low,0,1,0,0,Monitor
287,12426,Rajdhani,MAS,Chennai Central,HWH,Howrah Junction,2026-08-03,19:00,30,Delayed,Maintenance Work,1201,74,16,Clear,21,3853,39,Low,1,0,1,40,Monitor
288,12880,Jan Shatabdi,PUNE,Pune Junction,GKP,Gorakhpur,2026-02-02,03:45,20,At Risk,Technical Fault,292,75,12,Clear,15,2681,38,Low,0,0,0,16,Monitor
289,12979,Sampark Kranti,MAS,Chennai Central,SBC,KSR Bengaluru City,2026-05-16,04:00,18,Delayed,Weather,253,86,12,Storm,42,6508,51,Medium,0,0,0,15,Notify station control
290,14353,Jan Shatabdi,ADI,Ahmedabad Junction,CNB,Kanpur Central,2026-07-20,10:30,0,On Time,No Delay,299,82,4,Clear,32,8966,25,Low,1,0,0,10,Monitor
291,14646,Duronto,PNBE,Patna Junction,KOTA,Kota Junction,2026-01-15,20:00,120,Delayed,Maintenance Work,1188,87,8,Cloudy,36,5059,72,High,0,0,1,115,Reallocate platform and crew
292,14006,Superfast,SBC,KSR Bengaluru City,VSKP,Visakhapatnam,2026-05-10,16:30,0,On Time,No Delay,614,46,1,Heavy Rain,34,3596,33,Low,0,0,0,4,Monitor
293,13044,Intercity,NDLS,New Delhi,SDAH,Sealdah,2026-03-21,14:30,5,At Risk,Weather,856,93,16,Fog,43,565,48,Medium,0,1,1,1,Notify station control
294,12167,Garib Rath,VSKP,Visakhapatnam,NGP,Nagpur Junction,2026-06-13,20:15,40,Delayed,Signal Failure,606,46,11,Cloudy,39,6093,30,Low,0,0,0,39,Monitor
295,12577,Shatabdi,GKP,Gorakhpur,BPL,Bhopal Junction,2026-09-10,05:00,35,At Risk,Congestion,1633,91,16,Rain,42,4193,43,Medium,0,1,0,44,Notify station control
296,12612,Express,CNB,Kanpur Central,BCT,Mumbai Central,2026-03-25,03:15,120,Delayed,Technical Fault,569,79,11,Heatwave,43,8221,75,High,0,0,1,124,Reallocate platform and crew
297,14150,Jan Shatabdi,SBC,KSR Bengaluru City,BCT,Mumbai Central,2026-01-19,09:15,0,On Time,No Delay,270,68,3,Clear,24,7949,21,Low,1,0,0,0,Monitor
298,12637,Garib Rath,LKO,Lucknow Charbagh,SBC,KSR Bengaluru City,2026-09-12,17:30,90,Delayed,Weather,485,57,6,Rain,22,2175,51,Medium,0,0,1,88,Notify station control
299,12974,Vande Bharat,ADI,Ahmedabad Junction,SDAH,Sealdah,2026-07-13,05:45,0,On Time,No Delay,873,71,1,Clear,29,1126,22,Low,0,0,0,7,Monitor
300,12943,Vande Bharat,KOTA,Kota Junction,CNB,Kanpur Central,2026-08-08,07:15,10,At Risk,Weather,1342,74,5,Storm,16,7972,38,Low,0,0,1,19,Monitor
301,13151,Duronto,KOTA,Kota Junction,ADI,Ahmedabad Junction,2026-03-17,03:45,40,Delayed,Weather,1108,70,4,Heavy Rain,25,8142,52,Medium,0,0,0,40,Notify station control
302,14484,Shatabdi,HWH,Howrah Junction,CNB,Kanpur Central,2026-06-07,22:45,90,At Risk,Platform Change,668,76,8,Clear,31,2905,61,Medium,0,0,1,97,Notify station control
303,13070,Vande Bharat,NGP,Nagpur Junction,KOTA,Kota Junction,2026-05-13,02:00,0,On Time,No Delay,1694,93,16,Rain,17,7884,30,Low,0,1,0,0,Monitor
304,13064,Rajdhani,KOTA,Kota Junction,BPL,Bhopal Junction,2026-07-20,18:45,0,On Time,No Delay,1369,67,1,Fog,38,230,38,Low,0,0,0,0,Monitor
305,13039,Sampark Kranti,SBC,KSR Bengaluru City,PUNE,Pune Junction,2026-01-12,17:00,35,At Risk,Platform Change,1650,89,3,Heatwave,32,433,44,Medium,0,1,0,42,Notify station control
306,13115,Garib Rath,NDLS,New Delhi,GKP,Gorakhpur,2026-03-16,04:15,25,At Risk,Platform Change,1460,74,11,Clear,36,6571,35,Low,0,0,0,32,Monitor
307,13154,Duronto,ALD,Prayagraj Junction,BPL,Bhopal Junction,2026-03-21,13:45,0,On Time,No Delay,437,79,1,Fog,18,818,40,Medium,0,0,0,8,Notify station control
308,14624,Express,KOTA,Kota Junction,NGP,Nagpur Junction,2026-09-09,13:30,90,Delayed,Crew Delay,560,80,14,Clear,33,421,62,Medium,0,0,1,100,Notify station control
309,14562,Superfast,BCT,Mumbai Central,CSTM,Mumbai CSMT,2026-04-16,20:00,0,On Time,No Delay,1594,97,17,Cloudy,41,4878,32,Low,1,1,0,0,Monitor
310,12979,Rajdhani,ALD,Prayagraj Junction,KOTA,Kota Junction,2026-05-06,01:30,999,Cancelled,Late Incoming Train,1140,87,11,Cloudy,27,6082,100,Critical,0,0,1,999,Escalate to operations command
311,12181,Express,GKP,Gorakhpur,ADI,Ahmedabad Junction,2026-05-09,08:00,8,Delayed,Weather,1690,67,3,Rain,18,8583,24,Low,0,1,0,11,Monitor
312,14595,Duronto,HWH,Howrah Junction,SBC,KSR Bengaluru City,2026-03-20,04:45,45,Delayed,Weather,1782,67,8,Heavy Rain,29,3262,57,Medium,0,1,0,41,Notify station control
313,12785,Express,NGP,Nagpur Junction,BPL,Bhopal Junction,2026-08-24,17:15,18,At Risk,Congestion,291,60,4,Clear,15,3045,29,Low,0,0,0,25,Monitor
314,14234,Duronto,BPL,Bhopal Junction,NGP,Nagpur Junction,2026-09-21,11:45,75,Delayed,Maintenance Work,962,56,11,Clear,44,8987,52,Medium,0,0,1,71,Notify station control
315,13035,Garib Rath,KOTA,Kota Junction,ADI,Ahmedabad Junction,2026-01-27,02:00,30,At Risk,Platform Change,1124,79,7,Rain,30,5828,41,Medium,0,0,0,30,Notify station control
316,14314,Express,NGP,Nagpur Junction,HWH,Howrah Junction,2026-02-23,03:00,0,On Time,No Delay,695,51,7,Rain,15,688,22,Low,0,0,0,0,Monitor
317,13285,Sampark Kranti,KOTA,Kota Junction,SDAH,Sealdah,2026-03-25,02:30,18,At Risk,Technical Fault,698,69,3,Heatwave,34,7729,30,Low,0,0,0,26,Monitor
318,13243,Rajdhani,BCT,Mumbai Central,NGP,Nagpur Junction,2026-02-05,17:45,0,On Time,No Delay,544,97,15,Fog,16,583,41,Medium,0,1,1,7,Notify station control
319,14192,Garib Rath,SBC,KSR Bengaluru City,HWH,Howrah Junction,2026-05-05,22:30,0,On Time,No Delay,1350,72,1,Clear,42,8454,23,Low,0,0,1,0,Monitor
320,12066,Express,BPL,Bhopal Junction,KOTA,Kota Junction,2026-09-12,10:30,60,Delayed,Weather,1286,50,8,Fog,14,473,57,Medium,0,0,1,70,Notify station control
321,12247,Jan Shatabdi,BPL,Bhopal Junction,BCT,Mumbai Central,2026-02-21,22:30,40,At Risk,Maintenance Work,1737,78,6,Clear,31,944,41,Medium,0,1,1,41,Notify station control
322,14195,Vande Bharat,BBS,Bhubaneswar,CSTM,Mumbai CSMT,2026-01-02,10:00,0,On Time,No Delay,1654,54,8,Clear,29,6669,17,Low,0,1,1,4,Monitor
323,13216,Vande Bharat,LKO,Lucknow Charbagh,BCT,Mumbai Central,2026-01-08,22:15,90,At Risk,Late Incoming Train,485,75,3,Heatwave,15,2619,60,Medium,0,0,1,85,Notify station control
324,12140,Shatabdi,NDLS,New Delhi,SBC,KSR Bengaluru City,2026-07-11,23:45,18,Delayed,Weather,397,65,4,Fog,29,689,46,Medium,0,0,0,20,Notify station control
325,14570,Duronto,LKO,Lucknow Charbagh,HWH,Howrah Junction,2026-06-18,05:45,0,On Time,No Delay,616,77,11,Storm,16,2278,37,Low,0,0,0,0,Monitor
326,12118,Shatabdi,PUNE,Pune Junction,KOTA,Kota Junction,2026-05-14,22:45,60,At Risk,Weather,1177,55,3,Heavy Rain,14,418,53,Medium,1,0,1,57,Notify station control
327,12482,Garib Rath,SDAH,Sealdah,PUNE,Pune Junction,2026-07-01,17:15,75,Delayed,Technical Fault,1430,68,16,Clear,33,1742,54,Medium,0,0,1,79,Notify station control
328,14313,Sampark Kranti,SBC,KSR Bengaluru City,HWH,Howrah Junction,2026-04-04,04:45,0,On Time,No Delay,1285,57,17,Rain,21,7905,25,Low,0,0,0,1,Monitor
329,12586,Rajdhani,BBS,Bhubaneswar,MAS,Chennai Central,2026-03-26,00:45,0,On Time,No Delay,609,63,15,Clear,15,2010,26,Low,1,0,0,0,Monitor
330,12231,Express,PNBE,Patna Junction,HWH,Howrah Junction,2026-07-08,02:45,40,Delayed,Congestion,651,81,4,Clear,24,4031,39,Low,0,0,0,42,Monitor
331,12156,Duronto,GKP,Gorakhpur,BBS,Bhubaneswar,2026-01-23,18:00,0,On Time,No Delay,544,69,7,Cloudy,34,6175,23,Low,0,0,0,1,Monitor
332,12360,Express,ADI,Ahmedabad Junction,SDAH,Sealdah,2026-02-14,16:45,0,On Time,No Delay,630,81,10,Rain,33,2868,31,Low,1,0,0,0,Monitor
333,14260,Garib Rath,SBC,KSR Bengaluru City,KOTA,Kota Junction,2026-01-16,23:00,0,On Time,No Delay,685,76,8,Clear,42,9995,24,Low,0,0,0,0,Monitor
334,13262,Shatabdi,NGP,Nagpur Junction,ALD,Prayagraj Junction,2026-02-01,15:30,25,Delayed,Signal Failure,1599,92,14,Clear,44,3871,37,Low,0,1,0,31,Monitor
335,14596,Sampark Kranti,MAS,Chennai Central,BBS,Bhubaneswar,2026-07-23,10:00,0,On Time,No Delay,1760,91,6,Cloudy,39,6368,32,Low,0,1,0,9,Monitor
336,12890,Sampark Kranti,JP,Jaipur Junction,VSKP,Visakhapatnam,2026-07-12,14:00,20,Delayed,Weather,1450,93,11,Heavy Rain,37,1198,51,Medium,0,1,0,26,Notify station control
337,12583,Jan Shatabdi,CNB,Kanpur Central,BPL,Bhopal Junction,2026-05-02,02:30,20,At Risk,Congestion,668,54,7,Clear,38,3993,27,Low,0,0,1,26,Monitor
338,14265,Jan Shatabdi,CNB,Kanpur Central,BBS,Bhubaneswar,2026-08-03,02:45,120,At Risk,Late Incoming Train,778,70,15,Rain,33,6331,73,High,0,0,1,117,Reallocate platform and crew
339,12214,Duronto,MAS,Chennai Central,LKO,Lucknow Charbagh,2026-07-15,23:00,0,On Time,No Delay,1196,81,1,Rain,23,7124,30,Low,0,0,0,0,Monitor
340,12203,Vande Bharat,JP,Jaipur Junction,SBC,KSR Bengaluru City,2026-03-26,09:15,40,At Risk,Congestion,1522,84,11,Clear,29,8986,47,Medium,0,1,0,49,Notify station control
341,14248,Garib Rath,ADI,Ahmedabad Junction,PUNE,Pune Junction,2026-03-08,03:00,8,At Risk,Weather,1113,96,6,Clear,36,9070,33,Low,0,1,0,8,Monitor
342,12457,Garib Rath,LKO,Lucknow Charbagh,KOTA,Kota Junction,2026-09-06,17:30,0,On Time,No Delay,1628,70,2,Clear,35,5492,24,Low,0,1,1,0,Monitor
343,13264,Duronto,HWH,Howrah Junction,NDLS,New Delhi,2026-08-11,22:00,0,Completed,No Delay,499,100,17,Heatwave,24,5142,33,Low,1,1,0,4,Monitor
344,12487,Jan Shatabdi,BBS,Bhubaneswar,BCT,Mumbai Central,2026-09-08,08:15,0,On Time,No Delay,1444,76,8,Clear,28,6155,23,Low,0,0,0,5,Monitor
345,14458,Shatabdi,NDLS,New Delhi,HWH,Howrah Junction,2026-07-12,00:30,0,Completed,No Delay,1184,67,2,Clear,43,6215,24,Low,0,0,0,0,Monitor
346,12958,Jan Shatabdi,CNB,Kanpur Central,BPL,Bhopal Junction,2026-03-27,18:00,0,On Time,No Delay,1089,94,14,Rain,39,7549,29,Low,0,1,1,0,Monitor
347,12961,Jan Shatabdi,SDAH,Sealdah,PUNE,Pune Junction,2026-03-07,05:45,0,Completed,No Delay,1389,76,14,Clear,34,4778,26,Low,1,0,1,0,Monitor
348,14206,Garib Rath,JP,Jaipur Junction,GKP,Gorakhpur,2026-02-21,21:30,35,At Risk,Maintenance Work,639,69,1,Cloudy,39,340,35,Low,0,0,1,38,Monitor
349,14289,Vande Bharat,NGP,Nagpur Junction,MAS,Chennai Central,2026-02-12,16:00,0,On Time,No Delay,1189,81,12,Rain,32,8172,29,Low,0,0,1,8,Monitor
350,14508,Duronto,ADI,Ahmedabad Junction,MAS,Chennai Central,2026-01-10,09:00,0,On Time,No Delay,457,75,12,Fog,19,134,37,Low,0,0,0,6,Monitor
351,12598,Shatabdi,PNBE,Patna Junction,SBC,KSR Bengaluru City,2026-03-17,09:30,18,Delayed,Congestion,1582,79,12,Cloudy,17,9055,35,Low,0,1,0,24,Monitor
352,13021,Shatabdi,BBS,Bhubaneswar,NGP,Nagpur Junction,2026-02-04,04:00,0,On Time,No Delay,565,64,18,Cloudy,33,8912,27,Low,0,0,1,0,Monitor
353,12989,Superfast,BBS,Bhubaneswar,CNB,Kanpur Central,2026-03-23,07:30,0,On Time,No Delay,1403,36,6,Clear,36,5291,12,Low,0,0,0,0,Monitor
354,12411,Intercity,SDAH,Sealdah,PUNE,Pune Junction,2026-02-09,01:00,12,Delayed,Maintenance Work,1731,70,14,Clear,15,3517,26,Low,0,1,1,8,Monitor
355,12316,Sampark Kranti,JP,Jaipur Junction,NDLS,New Delhi,2026-09-25,23:15,0,On Time,No Delay,558,74,5,Heatwave,41,4844,27,Low,0,0,0,6,Monitor
356,12213,Sampark Kranti,PNBE,Patna Junction,KOTA,Kota Junction,2026-08-22,03:15,20,At Risk,Weather,531,72,18,Rain,14,1916,31,Low,0,0,0,30,Monitor
357,14028,Jan Shatabdi,CNB,Kanpur Central,NGP,Nagpur Junction,2026-02-11,15:00,0,On Time,No Delay,823,81,5,Clear,29,6218,30,Low,1,0,0,4,Monitor
358,14177,Garib Rath,BPL,Bhopal Junction,JP,Jaipur Junction,2026-03-01,21:45,90,Delayed,Platform Change,775,81,14,Clear,20,1440,65,High,0,0,1,100,Reallocate platform and crew
359,14167,Shatabdi,HWH,Howrah Junction,NGP,Nagpur Junction,2026-02-08,13:45,0,On Time,No Delay,1603,70,6,Clear,16,6259,23,Low,0,1,1,5,Monitor
360,14535,Intercity,ADI,Ahmedabad Junction,KOTA,Kota Junction,2026-05-16,15:15,0,On Time,No Delay,1008,72,16,Rain,30,4869,23,Low,0,0,0,9,Monitor
361,12395,Rajdhani,SDAH,Sealdah,NDLS,New Delhi,2026-08-07,09:45,120,At Risk,Technical Fault,963,65,10,Rain,33,1878,72,High,1,0,1,117,Reallocate platform and crew
362,12870,Superfast,BBS,Bhubaneswar,ALD,Prayagraj Junction,2026-01-02,05:30,5,At Risk,Weather,1061,67,4,Storm,26,7674,37,Low,0,0,1,12,Monitor
363,14018,Garib Rath,MAS,Chennai Central,PNBE,Patna Junction,2026-07-09,15:45,120,At Risk,Maintenance Work,1531,58,16,Rain,29,9511,71,High,0,1,1,120,Reallocate platform and crew
364,12942,Rajdhani,KOTA,Kota Junction,CNB,Kanpur Central,2026-07-12,11:45,0,On Time,No Delay,930,69,12,Clear,39,9867,21,Low,0,0,0,5,Monitor
365,12732,Vande Bharat,CNB,Kanpur Central,BCT,Mumbai Central,2026-01-23,15:00,10,Delayed,Track Obstruction,804,82,18,Heatwave,24,912,32,Low,1,0,0,18,Monitor
366,14550,Superfast,LKO,Lucknow Charbagh,NGP,Nagpur Junction,2026-07-07,15:00,120,Delayed,Crew Delay,868,82,16,Clear,30,5863,70,High,0,0,1,124,Reallocate platform and crew
367,12934,Rajdhani,ALD,Prayagraj Junction,SBC,KSR Bengaluru City,2026-07-07,11:00,0,On Time,No Delay,642,49,4,Cloudy,32,5818,18,Low,1,0,1,0,Monitor
368,12956,Jan Shatabdi,JP,Jaipur Junction,ALD,Prayagraj Junction,2026-08-07,21:45,0,On Time,No Delay,694,49,17,Clear,28,9271,17,Low,1,0,0,0,Monitor
369,14699,Intercity,ADI,Ahmedabad Junction,GKP,Gorakhpur,2026-06-28,02:15,0,Completed,No Delay,302,61,5,Rain,21,2765,26,Low,0,0,1,4,Monitor
370,12983,Duronto,NGP,Nagpur Junction,ADI,Ahmedabad Junction,2026-08-16,17:45,0,On Time,No Delay,1011,74,8,Cloudy,17,2756,24,Low,0,0,0,0,Monitor
371,12621,Garib Rath,NGP,Nagpur Junction,BCT,Mumbai Central,2026-06-20,09:00,0,On Time,No Delay,748,70,2,Clear,44,8260,28,Low,0,0,0,0,Monitor
372,12251,Duronto,NGP,Nagpur Junction,CNB,Kanpur Central,2026-04-20,03:30,0,On Time,No Delay,1204,68,4,Cloudy,30,9809,28,Low,0,0,0,3,Monitor
373,13296,Vande Bharat,LKO,Lucknow Charbagh,KOTA,Kota Junction,2026-02-11,17:45,0,Completed,No Delay,398,93,15,Clear,27,4466,35,Low,0,1,0,0,Monitor
374,12819,Superfast,BBS,Bhubaneswar,PUNE,Pune Junction,2026-09-13,09:30,45,Delayed,Weather,1501,100,2,Fog,40,837,63,Medium,0,1,0,41,Notify station control
375,12757,Intercity,HWH,Howrah Junction,GKP,Gorakhpur,2026-07-26,01:30,0,On Time,No Delay,703,64,8,Storm,23,3746,40,Medium,0,0,0,0,Notify station control
376,14295,Intercity,CSTM,Mumbai CSMT,PNBE,Patna Junction,2026-06-14,19:30,0,Completed,No Delay,1045,100,4,Clear,40,2927,35,Low,1,1,0,3,Monitor
377,12183,Duronto,VSKP,Visakhapatnam,NDLS,New Delhi,2026-06-15,15:15,15,Delayed,Crew Delay,1466,69,4,Clear,19,4389,31,Low,1,0,1,14,Monitor
378,14542,Garib Rath,ADI,Ahmedabad Junction,MAS,Chennai Central,2026-09-21,19:15,0,On Time,No Delay,552,94,13,Clear,42,6482,35,Low,0,1,0,2,Monitor
379,12634,Duronto,CSTM,Mumbai CSMT,BBS,Bhubaneswar,2026-08-27,21:45,0,On Time,No Delay,1409,75,12,Cloudy,19,9593,23,Low,1,0,1,0,Monitor
380,12625,Garib Rath,HWH,Howrah Junction,ADI,Ahmedabad Junction,2026-07-06,13:15,0,On Time,No Delay,446,82,14,Cloudy,41,3685,29,Low,0,0,0,1,Monitor
381,12831,Sampark Kranti,NDLS,New Delhi,LKO,Lucknow Charbagh,2026-05-03,03:00,25,Delayed,Maintenance Work,355,84,11,Clear,36,6813,40,Medium,1,0,1,26,Notify station control
382,12761,Superfast,BCT,Mumbai Central,CNB,Kanpur Central,2026-06-05,17:00,0,Completed,No Delay,1405,76,2,Heatwave,14,4455,27,Low,0,0,1,7,Monitor
383,12822,Jan Shatabdi,GKP,Gorakhpur,MAS,Chennai Central,2026-05-24,11:45,40,Delayed,Weather,363,68,5,Fog,22,199,50,Medium,0,0,1,36,Notify station control
384,14698,Garib Rath,JP,Jaipur Junction,ADI,Ahmedabad Junction,2026-04-05,01:15,75,Delayed,Congestion,1689,92,16,Heatwave,38,2778,60,Medium,0,1,1,84,Notify station control
385,14234,Duronto,MAS,Chennai Central,BCT,Mumbai Central,2026-02-12,02:15,75,At Risk,Maintenance Work,263,35,18,Clear,29,7799,45,Medium,0,0,1,73,Notify station control
386,12596,Jan Shatabdi,JP,Jaipur Junction,MAS,Chennai Central,2026-01-10,21:00,20,At Risk,Signal Failure,1257,92,6,Cloudy,27,1558,36,Low,0,1,0,30,Monitor
387,14514,Superfast,BPL,Bhopal Junction,CNB,Kanpur Central,2026-06-24,23:15,0,On Time,No Delay,1629,67,9,Clear,33,395,23,Low,1,1,1,0,Monitor
388,12942,Rajdhani,SBC,KSR Bengaluru City,BCT,Mumbai Central,2026-03-13,12:30,60,At Risk,Weather,544,62,8,Clear,44,6835,42,Medium,0,0,1,55,Notify station control
389,12963,Intercity,SDAH,Sealdah,HWH,Howrah Junction,2026-07-03,13:30,35,At Risk,Technical Fault,915,61,17,Heatwave,20,8321,36,Low,1,0,0,42,Monitor
390,14081,Intercity,KOTA,Kota Junction,MAS,Chennai Central,2026-07-03,15:30,0,On Time,No Delay,1129,51,8,Cloudy,34,2840,21,Low,0,0,1,0,Monitor
391,12932,Jan Shatabdi,SDAH,Sealdah,MAS,Chennai Central,2026-02-25,16:00,8,Delayed,Signal Failure,1231,88,4,Cloudy,28,9613,36,Low,0,0,0,11,Monitor
392,12524,Intercity,HWH,Howrah Junction,BBS,Bhubaneswar,2026-06-28,05:15,0,On Time,No Delay,1622,85,10,Clear,24,9920,31,Low,0,1,0,9,Monitor
393,14634,Shatabdi,MAS,Chennai Central,CSTM,Mumbai CSMT,2026-02-05,04:00,5,Delayed,Track Obstruction,207,84,13,Clear,41,8274,29,Low,1,0,0,11,Monitor
394,12090,Vande Bharat,SBC,KSR Bengaluru City,HWH,Howrah Junction,2026-03-16,13:00,20,At Risk,Technical Fault,1510,91,8,Cloudy,27,9124,35,Low,0,1,1,17,Monitor
395,12495,Express,HWH,Howrah Junction,SBC,KSR Bengaluru City,2026-08-24,18:30,0,Completed,No Delay,1100,67,13,Cloudy,15,5769,20,Low,0,0,1,0,Monitor
396,13263,Jan Shatabdi,BCT,Mumbai Central,PNBE,Patna Junction,2026-07-16,03:45,120,Delayed,Signal Failure,1261,70,1,Clear,27,9743,69,High,0,0,1,117,Reallocate platform and crew
397,14190,Intercity,KOTA,Kota Junction,CNB,Kanpur Central,2026-03-10,23:45,0,On Time,No Delay,573,60,17,Clear,21,9928,25,Low,1,0,1,5,Monitor
398,14221,Sampark Kranti,NGP,Nagpur Junction,CNB,Kanpur Central,2026-02-26,13:45,0,On Time,No Delay,356,79,16,Rain,18,3139,25,Low,1,0,1,0,Monitor
399,12672,Rajdhani,JP,Jaipur Junction,PUNE,Pune Junction,2026-02-18,07:45,0,Completed,No Delay,714,70,17,Clear,15,1343,24,Low,0,0,0,8,Monitor
400,13199,Rajdhani,ADI,Ahmedabad Junction,CNB,Kanpur Central,2026-02-27,17:00,30,At Risk,Late Incoming Train,1417,82,4,Heatwave,36,1126,39,Low,0,0,0,39,Monitor
401,12581,Shatabdi,PNBE,Patna Junction,HWH,Howrah Junction,2026-08-14,00:15,45,At Risk,Weather,1630,59,4,Clear,18,6259,38,Low,0,1,0,44,Monitor
402,12965,Duronto,BBS,Bhubaneswar,LKO,Lucknow Charbagh,2026-07-14,13:45,0,On Time,No Delay,1725,82,14,Clear,25,4321,25,Low,0,1,0,8,Monitor
403,12057,Duronto,PNBE,Patna Junction,CNB,Kanpur Central,2026-09-10,13:45,10,At Risk,Congestion,1002,84,2,Clear,26,907,34,Low,1,0,0,9,Monitor
404,13045,Rajdhani,ALD,Prayagraj Junction,JP,Jaipur Junction,2026-04-10,02:00,15,At Risk,Maintenance Work,1498,74,7,Rain,42,9219,33,Low,0,0,1,24,Monitor
405,13293,Duronto,ALD,Prayagraj Junction,LKO,Lucknow Charbagh,2026-07-17,03:00,35,Delayed,Late Incoming Train,1310,70,6,Clear,14,756,41,Medium,0,0,0,38,Notify station control
406,14346,Shatabdi,CNB,Kanpur Central,ADI,Ahmedabad Junction,2026-04-26,23:15,0,On Time,No Delay,435,88,15,Rain,23,9678,32,Low,0,0,0,0,Monitor
407,12986,Sampark Kranti,CNB,Kanpur Central,JP,Jaipur Junction,2026-02-03,01:45,60,Delayed,Crew Delay,395,66,12,Cloudy,28,1905,44,Medium,0,0,1,68,Notify station control
408,12658,Shatabdi,SDAH,Sealdah,PNBE,Patna Junction,2026-07-15,22:45,0,On Time,No Delay,1384,93,18,Cloudy,30,6768,35,Low,1,1,1,3,Monitor
409,12465,Duronto,NGP,Nagpur Junction,MAS,Chennai Central,2026-07-04,03:30,90,Delayed,Late Incoming Train,1263,83,16,Clear,15,2869,63,Medium,0,0,1,96,Notify station control
410,12167,Duronto,GKP,Gorakhpur,JP,Jaipur Junction,2026-01-10,09:15,0,On Time,No Delay,946,83,10,Clear,23,8261,24,Low,0,0,1,0,Monitor
411,12016,Jan Shatabdi,MAS,Chennai Central,PNBE,Patna Junction,2026-03-17,20:45,0,On Time,No Delay,1035,63,15,Fog,42,425,39,Low,0,0,0,7,Monitor
412,12494,Superfast,VSKP,Visakhapatnam,BBS,Bhubaneswar,2026-08-24,08:00,0,On Time,No Delay,1457,77,14,Cloudy,26,4114,26,Low,1,0,0,5,Monitor
413,14581,Garib Rath,MAS,Chennai Central,NDLS,New Delhi,2026-02-22,17:15,12,Delayed,Track Obstruction,574,94,2,Cloudy,44,9642,36,Low,1,1,0,13,Monitor
414,12632,Sampark Kranti,NDLS,New Delhi,JP,Jaipur Junction,2026-07-09,02:00,40,Delayed,Signal Failure,1186,70,1,Clear,24,7460,37,Low,0,0,0,48,Monitor
415,12537,Duronto,HWH,Howrah Junction,GKP,Gorakhpur,2026-07-04,10:15,0,On Time,No Delay,495,70,6,Rain,15,5629,22,Low,0,0,0,0,Monitor
416,12849,Shatabdi,NGP,Nagpur Junction,LKO,Lucknow Charbagh,2026-01-11,14:45,0,On Time,No Delay,1402,90,8,Clear,29,8633,33,Low,0,1,0,7,Monitor
417,12053,Vande Bharat,CSTM,Mumbai CSMT,PNBE,Patna Junction,2026-08-03,20:15,0,Completed,No Delay,1314,97,8,Clear,38,9388,34,Low,0,1,1,0,Monitor
418,14422,Vande Bharat,SDAH,Sealdah,BPL,Bhopal Junction,2026-01-02,15:30,75,Delayed,Weather,1105,70,2,Storm,14,7912,69,High,0,0,1,79,Reallocate platform and crew
419,13245,Vande Bharat,KOTA,Kota Junction,ADI,Ahmedabad Junction,2026-09-26,10:30,35,Delayed,Late Incoming Train,1333,81,4,Clear,40,2588,44,Medium,0,0,0,38,Notify station control
420,12832,Superfast,ADI,Ahmedabad Junction,BBS,Bhubaneswar,2026-01-01,21:15,0,On Time,No Delay,1407,78,11,Cloudy,14,2490,29,Low,1,0,1,0,Monitor
421,14298,Intercity,NGP,Nagpur Junction,GKP,Gorakhpur,2026-08-12,06:45,10,Delayed,Maintenance Work,1556,100,13,Cloudy,40,6164,36,Low,0,1,0,10,Monitor
422,12098,Garib Rath,NDLS,New Delhi,ADI,Ahmedabad Junction,2026-04-01,06:45,45,Delayed,Weather,1650,100,8,Clear,21,8390,49,Medium,0,1,1,41,Notify station control
423,14565,Express,HWH,Howrah Junction,JP,Jaipur Junction,2026-04-17,23:30,0,On Time,No Delay,1693,55,6,Clear,16,9936,18,Low,0,1,0,0,Monitor
424,14479,Garib Rath,SBC,KSR Bengaluru City,NDLS,New Delhi,2026-02-22,16:45,90,Delayed,Platform Change,1492,66,2,Clear,41,5592,58,Medium,0,0,1,98,Notify station control
425,14398,Rajdhani,BBS,Bhubaneswar,CNB,Kanpur Central,2026-04-23,13:00,999,Cancelled,Platform Change,1270,74,7,Clear,24,1640,100,Critical,0,0,1,999,Escalate to operations command
426,12543,Garib Rath,PUNE,Pune Junction,SBC,KSR Bengaluru City,2026-02-16,07:30,0,On Time,No Delay,237,76,16,Cloudy,27,693,28,Low,0,0,0,5,Monitor
427,14331,Shatabdi,BCT,Mumbai Central,CNB,Kanpur Central,2026-01-26,14:00,90,At Risk,Maintenance Work,1365,100,2,Rain,26,5432,70,High,0,1,1,87,Reallocate platform and crew
428,12214,Rajdhani,JP,Jaipur Junction,VSKP,Visakhapatnam,2026-08-26,13:00,35,Delayed,Weather,376,100,14,Fog,21,693,61,Medium,0,1,1,30,Notify station control
429,14167,Superfast,LKO,Lucknow Charbagh,NDLS,New Delhi,2026-08-06,07:15,12,Delayed,Track Obstruction,1394,78,5,Clear,34,8637,30,Low,1,0,1,18,Monitor
430,12440,Sampark Kranti,BCT,Mumbai Central,CSTM,Mumbai CSMT,2026-01-17,18:15,45,Delayed,Late Incoming Train,1768,66,5,Clear,18,7992,39,Low,0,1,0,50,Monitor
431,14372,Rajdhani,BCT,Mumbai Central,ADI,Ahmedabad Junction,2026-05-14,10:15,20,Delayed,Weather,1788,84,16,Storm,36,7957,49,Medium,1,1,0,25,Notify station control
432,12164,Vande Bharat,HWH,Howrah Junction,BBS,Bhubaneswar,2026-04-13,05:00,0,Completed,No Delay,1599,80,8,Cloudy,28,3792,26,Low,0,1,1,10,Monitor
433,12246,Rajdhani,CNB,Kanpur Central,NDLS,New Delhi,2026-05-24,05:30,15,Delayed,Crew Delay,1472,54,2,Clear,14,3562,24,Low,0,0,0,19,Monitor
434,12526,Rajdhani,ALD,Prayagraj Junction,PUNE,Pune Junction,2026-05-15,07:30,0,On Time,No Delay,387,62,1,Clear,40,2548,22,Low,0,0,0,0,Monitor
435,14380,Intercity,CNB,Kanpur Central,MAS,Chennai Central,2026-09-10,04:30,10,At Risk,Technical Fault,568,81,12,Clear,24,7337,33,Low,0,0,0,12,Monitor
436,12817,Jan Shatabdi,PUNE,Pune Junction,BCT,Mumbai Central,2026-09-12,15:45,0,Completed,No Delay,608,89,3,Fog,39,561,45,Medium,0,0,1,0,Notify station control
437,13168,Express,MAS,Chennai Central,CNB,Kanpur Central,2026-07-07,09:45,120,At Risk,Platform Change,1486,93,2,Cloudy,20,3896,73,High,0,1,1,129,Reallocate platform and crew
438,12548,Garib Rath,BPL,Bhopal Junction,KOTA,Kota Junction,2026-07-15,14:45,15,Delayed,Weather,1090,66,17,Rain,25,4071,31,Low,0,0,0,11,Monitor
439,14241,Garib Rath,NGP,Nagpur Junction,CNB,Kanpur Central,2026-02-04,02:30,0,On Time,No Delay,658,75,3,Clear,23,8520,27,Low,0,0,0,0,Monitor
440,12643,Vande Bharat,BCT,Mumbai Central,GKP,Gorakhpur,2026-06-26,12:45,30,Delayed,Weather,570,81,5,Clear,41,9198,37,Low,0,0,0,25,Monitor
441,14284,Jan Shatabdi,GKP,Gorakhpur,NDLS,New Delhi,2026-02-11,06:45,0,Completed,No Delay,994,79,7,Storm,29,4129,40,Medium,0,0,0,9,Notify station control
442,14158,Jan Shatabdi,NGP,Nagpur Junction,SBC,KSR Bengaluru City,2026-07-14,21:45,0,On Time,No Delay,442,99,10,Clear,44,458,33,Low,0,1,0,6,Monitor
443,13076,Rajdhani,ALD,Prayagraj Junction,JP,Jaipur Junction,2026-08-04,10:45,8,Delayed,Technical Fault,856,51,13,Heatwave,26,3645,23,Low,1,0,0,5,Monitor
444,12514,Jan Shatabdi,JP,Jaipur Junction,CSTM,Mumbai CSMT,2026-04-08,09:00,0,On Time,No Delay,1415,64,16,Fog,14,271,33,Low,0,0,0,0,Monitor
445,13167,Rajdhani,VSKP,Visakhapatnam,BCT,Mumbai Central,2026-03-28,06:30,0,On Time,No Delay,1021,40,5,Fog,31,508,30,Low,0,0,0,0,Monitor
446,12578,Sampark Kranti,NGP,Nagpur Junction,PNBE,Patna Junction,2026-07-20,07:30,0,Completed,No Delay,1209,100,15,Cloudy,22,3604,28,Low,0,1,0,0,Monitor
447,14160,Sampark Kranti,GKP,Gorakhpur,BBS,Bhubaneswar,2026-08-13,21:15,0,On Time,No Delay,1503,88,10,Clear,26,3169,29,Low,0,1,1,2,Monitor
448,13290,Rajdhani,GKP,Gorakhpur,HWH,Howrah Junction,2026-09-04,11:00,0,On Time,No Delay,740,64,18,Fog,23,762,32,Low,0,0,1,1,Monitor
449,13053,Express,HWH,Howrah Junction,ALD,Prayagraj Junction,2026-01-01,08:00,0,On Time,No Delay,271,70,15,Clear,26,5930,28,Low,0,0,1,7,Monitor
450,14163,Express,SDAH,Sealdah,CNB,Kanpur Central,2026-01-20,03:15,0,On Time,No Delay,676,77,15,Cloudy,18,8013,30,Low,0,0,0,3,Monitor
451,14495,Intercity,JP,Jaipur Junction,HWH,Howrah Junction,2026-08-23,01:00,0,On Time,No Delay,202,72,12,Rain,19,3849,28,Low,1,0,0,0,Monitor
452,14107,Sampark Kranti,BPL,Bhopal Junction,JP,Jaipur Junction,2026-01-14,00:00,0,On Time,No Delay,1751,68,7,Heavy Rain,43,4391,36,Low,0,1,0,2,Monitor
453,12229,Shatabdi,LKO,Lucknow Charbagh,SBC,KSR Bengaluru City,2026-07-04,07:15,18,At Risk,Signal Failure,1031,48,11,Rain,31,3405,28,Low,1,0,1,19,Monitor
454,13023,Rajdhani,HWH,Howrah Junction,BPL,Bhopal Junction,2026-01-03,06:45,0,On Time,No Delay,977,73,7,Clear,28,3906,22,Low,1,0,0,3,Monitor
455,12392,Jan Shatabdi,JP,Jaipur Junction,PNBE,Patna Junction,2026-02-11,00:45,18,At Risk,Track Obstruction,1408,66,13,Clear,35,2477,30,Low,0,0,1,18,Monitor
456,12765,Sampark Kranti,BPL,Bhopal Junction,ALD,Prayagraj Junction,2026-03-12,15:30,5,At Risk,Track Obstruction,812,94,8,Clear,37,7320,36,Low,0,1,0,7,Monitor
457,13227,Rajdhani,SBC,KSR Bengaluru City,SDAH,Sealdah,2026-04-28,23:30,0,On Time,No Delay,1088,75,9,Rain,24,948,27,Low,0,0,0,8,Monitor
458,12670,Rajdhani,LKO,Lucknow Charbagh,PUNE,Pune Junction,2026-01-03,15:00,999,Cancelled,Weather,1425,62,13,Heavy Rain,30,5569,100,Critical,0,0,1,999,Escalate to operations command
459,12427,Duronto,SBC,KSR Bengaluru City,BCT,Mumbai Central,2026-03-20,07:30,0,On Time,No Delay,598,76,15,Cloudy,23,2989,29,Low,0,0,1,1,Monitor
460,14182,Vande Bharat,JP,Jaipur Junction,KOTA,Kota Junction,2026-09-20,23:45,0,On Time,No Delay,343,82,12,Heavy Rain,26,6488,37,Low,0,0,1,10,Monitor
461,12098,Intercity,SDAH,Sealdah,PNBE,Patna Junction,2026-07-18,19:45,10,Delayed,Weather,1398,57,6,Rain,22,6533,26,Low,0,0,0,14,Monitor
462,12492,Express,CSTM,Mumbai CSMT,CNB,Kanpur Central,2026-07-13,23:30,0,On Time,No Delay,188,71,1,Heatwave,41,8503,28,Low,0,0,1,6,Monitor
463,12983,Sampark Kranti,BPL,Bhopal Junction,PNBE,Patna Junction,2026-06-23,01:45,0,On Time,No Delay,434,61,7,Fog,38,526,33,Low,1,0,1,6,Monitor
464,12762,Rajdhani,NGP,Nagpur Junction,PUNE,Pune Junction,2026-04-20,18:15,0,Completed,No Delay,1627,88,1,Clear,36,2722,28,Low,0,1,0,9,Monitor
465,12283,Intercity,NDLS,New Delhi,SDAH,Sealdah,2026-05-24,13:00,0,On Time,No Delay,344,66,14,Cloudy,19,7293,22,Low,1,0,1,4,Monitor
466,13119,Garib Rath,HWH,Howrah Junction,KOTA,Kota Junction,2026-07-21,09:45,60,At Risk,Signal Failure,524,74,16,Rain,14,1887,45,Medium,1,0,1,68,Notify station control
467,13124,Duronto,MAS,Chennai Central,SBC,KSR Bengaluru City,2026-07-15,20:00,0,On Time,No Delay,405,49,6,Clear,20,1266,23,Low,0,0,0,0,Monitor
468,12911,Intercity,MAS,Chennai Central,CSTM,Mumbai CSMT,2026-05-25,00:00,0,On Time,No Delay,240,84,8,Clear,29,8249,31,Low,0,0,0,0,Monitor
469,14301,Intercity,HWH,Howrah Junction,PUNE,Pune Junction,2026-07-20,01:30,30,Delayed,Maintenance Work,1730,67,12,Heatwave,35,5920,34,Low,0,1,1,32,Monitor
470,12059,Intercity,LKO,Lucknow Charbagh,HWH,Howrah Junction,2026-04-01,20:30,15,At Risk,Track Obstruction,1266,89,9,Clear,44,4372,35,Low,1,0,1,24,Monitor
471,12195,Superfast,NDLS,New Delhi,BPL,Bhopal Junction,2026-04-23,04:00,25,Delayed,Platform Change,1693,71,14,Cloudy,44,8100,37,Low,0,1,0,23,Monitor
472,12239,Jan Shatabdi,SDAH,Sealdah,PNBE,Patna Junction,2026-02-04,13:00,0,Completed,No Delay,1093,71,4,Cloudy,29,9158,23,Low,0,0,0,2,Monitor
473,13299,Garib Rath,MAS,Chennai Central,CNB,Kanpur Central,2026-04-19,19:00,0,On Time,No Delay,1155,97,5,Clear,43,9057,34,Low,0,1,0,10,Monitor
474,13284,Jan Shatabdi,LKO,Lucknow Charbagh,NGP,Nagpur Junction,2026-06-24,18:15,0,Completed,No Delay,657,69,8,Clear,22,2195,23,Low,0,0,0,0,Monitor
475,13117,Superfast,HWH,Howrah Junction,KOTA,Kota Junction,2026-09-22,19:15,0,Completed,No Delay,183,68,7,Cloudy,41,6659,24,Low,0,0,0,5,Monitor
476,12069,Express,HWH,Howrah Junction,NGP,Nagpur Junction,2026-03-24,21:00,0,On Time,No Delay,787,94,8,Fog,29,776,43,Medium,1,1,0,0,Notify station control
477,12965,Shatabdi,KOTA,Kota Junction,LKO,Lucknow Charbagh,2026-04-28,23:15,0,On Time,No Delay,1355,48,16,Fog,23,801,31,Low,0,0,0,0,Monitor
478,14294,Intercity,BCT,Mumbai Central,SBC,KSR Bengaluru City,2026-07-13,02:30,0,On Time,No Delay,506,79,1,Fog,31,481,38,Low,0,0,0,8,Monitor
479,14451,Shatabdi,JP,Jaipur Junction,SBC,KSR Bengaluru City,2026-05-05,06:15,0,On Time,No Delay,1368,79,10,Rain,28,2981,28,Low,0,0,1,0,Monitor
480,13193,Sampark Kranti,SBC,KSR Bengaluru City,NDLS,New Delhi,2026-06-16,05:00,0,On Time,No Delay,482,72,13,Heavy Rain,44,7297,40,Medium,0,0,0,0,Notify station control
481,13076,Intercity,HWH,Howrah Junction,ALD,Prayagraj Junction,2026-08-28,20:45,0,Completed,No Delay,1007,76,13,Cloudy,29,5259,29,Low,0,0,0,0,Monitor
482,13102,Shatabdi,ADI,Ahmedabad Junction,BBS,Bhubaneswar,2026-03-13,15:45,0,On Time,No Delay,1493,83,17,Clear,21,677,30,Low,0,0,0,10,Monitor
483,12413,Superfast,JP,Jaipur Junction,KOTA,Kota Junction,2026-04-22,03:15,0,On Time,No Delay,1280,86,1,Heatwave,26,9410,33,Low,0,0,0,10,Monitor
484,12072,Express,KOTA,Kota Junction,MAS,Chennai Central,2026-09-10,11:15,12,At Risk,Crew Delay,1516,100,6,Clear,16,9515,35,Low,0,1,0,8,Monitor
485,12739,Rajdhani,NGP,Nagpur Junction,NDLS,New Delhi,2026-09-17,06:00,0,Completed,No Delay,1783,71,5,Cloudy,32,8335,28,Low,1,1,0,5,Monitor
486,12125,Duronto,BCT,Mumbai Central,ADI,Ahmedabad Junction,2026-02-18,08:30,0,On Time,No Delay,454,93,18,Fog,20,685,42,Medium,0,1,1,3,Notify station control
487,13259,Shatabdi,BPL,Bhopal Junction,MAS,Chennai Central,2026-07-27,04:30,0,Completed,No Delay,1602,82,9,Rain,34,3456,31,Low,1,1,0,6,Monitor
488,12078,Vande Bharat,NGP,Nagpur Junction,BPL,Bhopal Junction,2026-05-05,07:30,0,On Time,No Delay,405,83,18,Clear,27,1380,27,Low,0,0,0,0,Monitor
489,13229,Intercity,NDLS,New Delhi,SDAH,Sealdah,2026-09-09,19:00,0,Completed,No Delay,432,86,10,Heavy Rain,32,8321,38,Low,1,0,0,6,Monitor
490,13097,Intercity,BCT,Mumbai Central,SBC,KSR Bengaluru City,2026-09-23,04:15,0,On Time,No Delay,1568,97,18,Heavy Rain,31,6897,44,Medium,0,1,0,0,Notify station control
491,14595,Garib Rath,SDAH,Sealdah,NGP,Nagpur Junction,2026-09-10,08:45,0,On Time,No Delay,938,73,14,Rain,36,7800,23,Low,0,0,1,9,Monitor
492,12982,Shatabdi,PNBE,Patna Junction,PUNE,Pune Junction,2026-01-03,23:30,0,Completed,No Delay,820,65,3,Clear,34,1602,20,Low,0,0,0,2,Monitor
493,12055,Jan Shatabdi,ALD,Prayagraj Junction,BBS,Bhubaneswar,2026-01-23,13:30,0,Completed,No Delay,1199,35,18,Clear,36,2342,16,Low,1,0,0,0,Monitor
494,14606,Sampark Kranti,PUNE,Pune Junction,ALD,Prayagraj Junction,2026-01-14,15:45,18,Delayed,Late Incoming Train,640,71,6,Rain,16,6313,36,Low,1,0,0,17,Monitor
495,12344,Vande Bharat,MAS,Chennai Central,BPL,Bhopal Junction,2026-01-12,00:45,12,At Risk,Maintenance Work,781,75,13,Clear,20,5294,33,Low,1,0,1,8,Monitor
496,13114,Rajdhani,LKO,Lucknow Charbagh,JP,Jaipur Junction,2026-09-17,04:45,0,On Time,No Delay,1003,76,12,Rain,14,1960,26,Low,0,0,0,10,Monitor
497,12020,Garib Rath,HWH,Howrah Junction,PNBE,Patna Junction,2026-03-12,23:45,0,On Time,No Delay,792,55,18,Clear,39,4715,18,Low,0,0,0,9,Monitor
498,12615,Vande Bharat,NDLS,New Delhi,BPL,Bhopal Junction,2026-02-14,15:45,0,On Time,No Delay,1042,99,11,Clear,42,817,30,Low,0,1,0,1,Monitor
499,13265,Intercity,SDAH,Sealdah,CNB,Kanpur Central,2026-07-16,09:30,0,On Time,No Delay,223,85,1,Storm,38,4174,37,Low,0,0,0,5,Monitor
500,14032,Sampark Kranti,BBS,Bhubaneswar,CSTM,Mumbai CSMT,2026-04-16,22:00,0,On Time,No Delay,690,85,9,Cloudy,38,2184,33,Low,0,0,1,3,Monitor
501,12676,Duronto,PNBE,Patna Junction,MAS,Chennai Central,2026-07-14,16:30,0,On Time,No Delay,258,74,5,Clear,27,589,28,Low,0,0,0,1,Monitor
502,13055,Express,PUNE,Pune Junction,ADI,Ahmedabad Junction,2026-04-11,01:15,0,On Time,No Delay,285,85,10,Clear,17,4711,28,Low,0,0,1,3,Monitor
503,12185,Superfast,BCT,Mumbai Central,NDLS,New Delhi,2026-09-25,04:30,0,On Time,No Delay,1422,83,16,Cloudy,25,5776,27,Low,0,0,0,0,Monitor
504,14568,Sampark Kranti,CNB,Kanpur Central,BPL,Bhopal Junction,2026-04-23,14:00,0,On Time,No Delay,610,81,13,Rain,16,2042,25,Low,0,0,0,0,Monitor
505,14644,Garib Rath,CSTM,Mumbai CSMT,GKP,Gorakhpur,2026-07-03,15:45,20,At Risk,Technical Fault,269,86,9,Cloudy,42,9480,36,Low,1,0,0,26,Monitor
506,12022,Sampark Kranti,PNBE,Patna Junction,ALD,Prayagraj Junction,2026-09-28,16:00,0,On Time,No Delay,773,87,2,Storm,44,9576,37,Low,0,0,1,1,Monitor
507,14350,Jan Shatabdi,MAS,Chennai Central,BBS,Bhubaneswar,2026-04-10,22:30,60,At Risk,Crew Delay,556,95,1,Cloudy,42,8701,54,Medium,0,1,1,63,Notify station control
508,12529,Rajdhani,ALD,Prayagraj Junction,HWH,Howrah Junction,2026-01-21,11:30,35,Delayed,Technical Fault,748,76,5,Clear,22,1144,42,Medium,0,0,0,37,Notify station control
509,14434,Duronto,LKO,Lucknow Charbagh,CSTM,Mumbai CSMT,2026-01-18,21:00,0,On Time,No Delay,844,96,1,Cloudy,40,6124,29,Low,0,1,0,3,Monitor
510,14671,Vande Bharat,BPL,Bhopal Junction,ADI,Ahmedabad Junction,2026-08-03,15:15,25,At Risk,Crew Delay,1371,74,13,Clear,18,7608,33,Low,0,0,0,33,Monitor
511,12525,Sampark Kranti,VSKP,Visakhapatnam,MAS,Chennai Central,2026-04-15,20:45,18,Delayed,Signal Failure,815,80,13,Cloudy,35,3377,31,Low,0,0,1,17,Monitor
512,12494,Rajdhani,HWH,Howrah Junction,ALD,Prayagraj Junction,2026-03-21,19:00,60,Delayed,Track Obstruction,207,84,2,Clear,18,4368,54,Medium,0,0,1,57,Notify station control
513,14495,Superfast,NDLS,New Delhi,SDAH,Sealdah,2026-09-23,08:00,10,At Risk,Maintenance Work,1735,60,6,Clear,23,5735,27,Low,0,1,0,9,Monitor
514,12370,Garib Rath,NDLS,New Delhi,CSTM,Mumbai CSMT,2026-03-12,20:30,0,On Time,No Delay,1030,69,5,Fog,14,309,33,Low,0,0,1,2,Monitor
515,12363,Duronto,PUNE,Pune Junction,NGP,Nagpur Junction,2026-09-11,19:15,0,Completed,No Delay,757,63,4,Clear,25,1689,19,Low,0,0,1,0,Monitor
516,12980,Garib Rath,NGP,Nagpur Junction,SDAH,Sealdah,2026-03-11,04:45,0,On Time,No Delay,1202,92,12,Clear,43,4648,34,Low,0,1,0,0,Monitor
517,12215,Sampark Kranti,VSKP,Visakhapatnam,PNBE,Patna Junction,2026-03-26,20:15,30,Delayed,Congestion,441,82,11,Clear,29,7244,40,Medium,1,0,0,38,Notify station control
518,14464,Jan Shatabdi,BPL,Bhopal Junction,VSKP,Visakhapatnam,2026-01-12,17:45,25,Delayed,Platform Change,1259,89,8,Clear,36,1729,37,Low,0,0,0,31,Monitor
519,12145,Superfast,SDAH,Sealdah,HWH,Howrah Junction,2026-07-24,00:45,15,At Risk,Technical Fault,1309,100,8,Clear,20,3979,34,Low,0,1,0,14,Monitor
520,12385,Sampark Kranti,CNB,Kanpur Central,BCT,Mumbai Central,2026-01-19,13:15,0,On Time,No Delay,503,70,1,Fog,18,454,34,Low,0,0,0,0,Monitor
521,12496,Jan Shatabdi,MAS,Chennai Central,PNBE,Patna Junction,2026-09-06,00:45,35,Delayed,Congestion,1089,80,10,Cloudy,17,2854,37,Low,1,0,0,31,Monitor
522,14492,Garib Rath,NGP,Nagpur Junction,BBS,Bhubaneswar,2026-03-24,06:45,0,Completed,No Delay,1632,53,8,Cloudy,27,2869,19,Low,1,1,1,0,Monitor
523,12751,Duronto,KOTA,Kota Junction,BCT,Mumbai Central,2026-05-04,03:00,10,At Risk,Weather,1157,67,13,Fog,19,135,43,Medium,0,0,0,16,Notify station control
524,12031,Garib Rath,CNB,Kanpur Central,LKO,Lucknow Charbagh,2026-05-03,18:00,0,On Time,No Delay,613,95,1,Clear,38,5364,29,Low,0,1,0,1,Monitor
525,12107,Superfast,GKP,Gorakhpur,BBS,Bhubaneswar,2026-02-11,13:00,0,On Time,No Delay,910,76,17,Clear,20,5452,29,Low,0,0,0,7,Monitor
526,12076,Intercity,PNBE,Patna Junction,SDAH,Sealdah,2026-03-17,16:30,8,Delayed,Technical Fault,1577,38,15,Clear,16,1828,23,Low,0,1,0,10,Monitor
527,13038,Superfast,VSKP,Visakhapatnam,SDAH,Sealdah,2026-01-05,09:00,75,Delayed,Platform Change,669,81,3,Clear,44,2796,57,Medium,0,0,1,85,Notify station control
528,14141,Duronto,BBS,Bhubaneswar,HWH,Howrah Junction,2026-08-09,14:15,0,Completed,No Delay,753,95,12,Clear,25,1761,28,Low,0,1,0,0,Monitor
529,14206,Superfast,HWH,Howrah Junction,KOTA,Kota Junction,2026-05-22,01:00,60,At Risk,Technical Fault,1082,56,11,Clear,25,1667,46,Medium,1,0,1,68,Notify station control
530,12020,Shatabdi,PUNE,Pune Junction,GKP,Gorakhpur,2026-08-15,20:45,0,On Time,No Delay,997,97,3,Clear,21,6660,36,Low,0,1,0,9,Monitor
531,12594,Shatabdi,HWH,Howrah Junction,CSTM,Mumbai CSMT,2026-02-09,14:00,0,Completed,No Delay,1753,62,3,Heatwave,24,5910,24,Low,0,1,1,10,Monitor
532,14219,Vande Bharat,ALD,Prayagraj Junction,SDAH,Sealdah,2026-01-07,00:45,0,On Time,No Delay,1411,82,13,Clear,15,6222,31,Low,0,0,0,8,Monitor
533,12511,Duronto,ADI,Ahmedabad Junction,JP,Jaipur Junction,2026-02-14,10:30,0,On Time,No Delay,790,87,14,Clear,30,3807,31,Low,0,0,0,3,Monitor
534,13154,Express,MAS,Chennai Central,PUNE,Pune Junction,2026-06-22,23:30,18,Delayed,Weather,906,64,13,Storm,40,462,43,Medium,0,0,0,19,Notify station control
535,14119,Express,NDLS,New Delhi,MAS,Chennai Central,2026-01-07,23:15,12,At Risk,Weather,718,74,15,Heavy Rain,44,2359,44,Medium,1,0,0,21,Notify station control
536,12577,Intercity,NGP,Nagpur Junction,GKP,Gorakhpur,2026-08-21,14:45,0,On Time,No Delay,571,75,1,Clear,25,6260,22,Low,0,0,0,4,Monitor
537,13170,Intercity,NGP,Nagpur Junction,CNB,Kanpur Central,2026-02-03,03:00,40,Delayed,Technical Fault,1119,67,6,Clear,31,7441,39,Low,1,0,0,44,Monitor
538,12364,Sampark Kranti,NDLS,New Delhi,VSKP,Visakhapatnam,2026-04-25,14:45,0,Completed,No Delay,1089,80,17,Clear,32,834,30,Low,0,0,0,4,Monitor
539,14216,Superfast,HWH,Howrah Junction,PUNE,Pune Junction,2026-05-22,08:30,0,Completed,No Delay,1025,94,13,Heatwave,14,6438,34,Low,1,1,0,2,Monitor
540,12054,Rajdhani,NGP,Nagpur Junction,PUNE,Pune Junction,2026-04-18,12:15,0,On Time,No Delay,946,64,17,Clear,40,5501,22,Low,1,0,1,0,Monitor
541,12174,Intercity,KOTA,Kota Junction,BPL,Bhopal Junction,2026-07-27,20:30,0,On Time,No Delay,1671,90,17,Cloudy,19,7466,28,Low,0,1,0,0,Monitor
542,13027,Shatabdi,ALD,Prayagraj Junction,MAS,Chennai Central,2026-08-21,20:30,0,On Time,No Delay,1467,100,5,Clear,14,9207,29,Low,0,1,0,7,Monitor
543,12739,Vande Bharat,MAS,Chennai Central,ADI,Ahmedabad Junction,2026-02-15,19:00,25,Delayed,Platform Change,1757,75,3,Rain,43,2655,37,Low,1,1,0,20,Monitor
544,12934,Duronto,HWH,Howrah Junction,MAS,Chennai Central,2026-08-21,02:15,0,On Time,No Delay,920,80,7,Cloudy,26,1949,28,Low,0,0,0,0,Monitor
545,13082,Express,NGP,Nagpur Junction,BPL,Bhopal Junction,2026-09-24,08:00,18,At Risk,Technical Fault,1530,57,2,Clear,17,5916,28,Low,0,1,0,28,Monitor
546,14403,Jan Shatabdi,SBC,KSR Bengaluru City,NDLS,New Delhi,2026-05-09,15:15,15,Delayed,Congestion,415,67,7,Clear,14,5666,27,Low,0,0,0,17,Monitor
547,14484,Garib Rath,CSTM,Mumbai CSMT,BPL,Bhopal Junction,2026-04-24,15:45,120,Delayed,Platform Change,575,75,9,Clear,44,6736,68,High,0,0,1,124,Reallocate platform and crew
548,14696,Garib Rath,VSKP,Visakhapatnam,NGP,Nagpur Junction,2026-07-10,19:30,12,At Risk,Platform Change,589,85,12,Cloudy,25,1352,33,Low,0,0,0,12,Monitor
549,12324,Superfast,BPL,Bhopal Junction,NDLS,New Delhi,2026-08-19,10:15,18,Delayed,Track Obstruction,620,68,11,Clear,17,457,30,Low,0,0,0,13,Monitor
550,13237,Sampark Kranti,ALD,Prayagraj Junction,CSTM,Mumbai CSMT,2026-06-07,06:00,0,On Time,No Delay,1328,63,9,Clear,36,1525,24,Low,0,0,0,8,Monitor
551,12136,Intercity,BBS,Bhubaneswar,PNBE,Patna Junction,2026-03-27,12:00,0,On Time,No Delay,1411,69,1,Cloudy,23,592,27,Low,0,0,0,0,Monitor
552,12144,Rajdhani,ALD,Prayagraj Junction,PNBE,Patna Junction,2026-09-25,10:45,0,On Time,No Delay,1030,89,10,Clear,22,5496,33,Low,0,0,0,6,Monitor
553,13239,Express,KOTA,Kota Junction,BCT,Mumbai Central,2026-02-07,23:30,12,Delayed,Weather,239,80,5,Fog,17,410,48,Medium,0,0,0,20,Notify station control
554,12134,Rajdhani,ALD,Prayagraj Junction,NDLS,New Delhi,2026-02-05,10:15,0,On Time,No Delay,333,100,9,Heatwave,24,6518,31,Low,0,1,1,0,Monitor
555,14186,Shatabdi,GKP,Gorakhpur,NGP,Nagpur Junction,2026-09-27,07:15,25,Delayed,Maintenance Work,754,65,8,Cloudy,16,4622,36,Low,0,0,0,29,Monitor
556,14208,Vande Bharat,CSTM,Mumbai CSMT,HWH,Howrah Junction,2026-05-23,14:15,0,On Time,No Delay,968,97,7,Clear,29,2012,31,Low,1,1,0,1,Monitor
557,12429,Superfast,PNBE,Patna Junction,HWH,Howrah Junction,2026-03-15,03:00,0,On Time,No Delay,1450,49,7,Cloudy,16,4852,20,Low,0,0,0,0,Monitor
558,14124,Garib Rath,PUNE,Pune Junction,NDLS,New Delhi,2026-04-05,12:45,0,On Time,No Delay,1107,73,12,Rain,22,2238,27,Low,0,0,1,0,Monitor
559,12157,Garib Rath,PNBE,Patna Junction,LKO,Lucknow Charbagh,2026-09-14,03:00,0,On Time,No Delay,963,74,10,Clear,20,6897,23,Low,1,0,1,3,Monitor
560,12715,Rajdhani,PUNE,Pune Junction,HWH,Howrah Junction,2026-02-08,23:30,999,Cancelled,Late Incoming Train,386,60,9,Clear,21,6928,100,Critical,0,0,1,999,Escalate to operations command
561,12527,Superfast,BBS,Bhubaneswar,SBC,KSR Bengaluru City,2026-02-06,05:30,35,Delayed,Track Obstruction,559,52,16,Rain,37,5302,37,Low,0,0,0,37,Monitor
562,12086,Express,VSKP,Visakhapatnam,SDAH,Sealdah,2026-08-28,07:45,5,Delayed,Weather,337,75,6,Clear,35,459,30,Low,0,0,0,11,Monitor
563,12073,Garib Rath,HWH,Howrah Junction,BCT,Mumbai Central,2026-06-15,00:30,18,At Risk,Track Obstruction,384,67,15,Rain,29,6047,32,Low,1,0,0,21,Monitor
564,14385,Sampark Kranti,JP,Jaipur Junction,CNB,Kanpur Central,2026-01-08,18:45,30,Delayed,Signal Failure,482,99,14,Rain,41,3908,46,Medium,0,1,1,29,Notify station control
565,12225,Intercity,CNB,Kanpur Central,SBC,KSR Bengaluru City,2026-05-10,06:00,30,Delayed,Weather,1100,100,6,Fog,22,775,55,Medium,0,1,1,35,Notify station control
566,13079,Shatabdi,GKP,Gorakhpur,PNBE,Patna Junction,2026-03-17,09:15,90,Delayed,Congestion,770,73,4,Cloudy,14,8474,62,Medium,0,0,1,89,Notify station control
567,12909,Garib Rath,JP,Jaipur Junction,PNBE,Patna Junction,2026-05-05,11:30,0,On Time,No Delay,759,79,16,Clear,23,383,27,Low,0,0,0,6,Monitor
568,12412,Garib Rath,PNBE,Patna Junction,GKP,Gorakhpur,2026-07-14,12:00,0,On Time,No Delay,1064,69,3,Rain,23,3885,21,Low,0,0,0,10,Monitor
569,14640,Duronto,ADI,Ahmedabad Junction,LKO,Lucknow Charbagh,2026-08-18,05:45,40,Delayed,Weather,1579,77,14,Heavy Rain,31,3568,52,Medium,0,1,0,44,Notify station control
570,12468,Express,NGP,Nagpur Junction,HWH,Howrah Junction,2026-07-03,04:30,45,Delayed,Platform Change,1135,64,14,Cloudy,44,7021,40,Medium,1,0,0,40,Notify station control
571,14348,Duronto,PUNE,Pune Junction,KOTA,Kota Junction,2026-06-20,03:30,35,Delayed,Platform Change,437,74,17,Clear,28,1190,36,Low,0,0,0,31,Monitor
572,13008,Shatabdi,GKP,Gorakhpur,BBS,Bhubaneswar,2026-05-24,00:45,8,At Risk,Late Incoming Train,475,76,18,Rain,37,8415,26,Low,0,0,0,10,Monitor
573,12309,Rajdhani,KOTA,Kota Junction,SBC,KSR Bengaluru City,2026-05-13,15:15,0,On Time,No Delay,1244,84,16,Fog,14,597,40,Medium,0,0,0,7,Notify station control
574,12879,Express,PUNE,Pune Junction,GKP,Gorakhpur,2026-05-10,21:00,12,At Risk,Signal Failure,558,81,5,Clear,40,4243,30,Low,0,0,1,13,Monitor
575,13186,Garib Rath,GKP,Gorakhpur,BBS,Bhubaneswar,2026-01-19,09:00,0,On Time,No Delay,399,49,5,Rain,14,4943,20,Low,1,0,1,0,Monitor
576,12146,Duronto,KOTA,Kota Junction,VSKP,Visakhapatnam,2026-09-03,05:15,90,Delayed,Technical Fault,912,82,17,Clear,41,8544,59,Medium,1,0,1,96,Notify station control
577,13059,Duronto,CNB,Kanpur Central,KOTA,Kota Junction,2026-03-23,10:30,0,On Time,No Delay,800,80,16,Rain,26,8029,29,Low,1,0,0,0,Monitor
578,12206,Rajdhani,GKP,Gorakhpur,BPL,Bhopal Junction,2026-07-25,13:00,18,At Risk,Track Obstruction,1202,73,16,Clear,24,4093,36,Low,0,0,0,20,Monitor
579,12305,Shatabdi,BCT,Mumbai Central,JP,Jaipur Junction,2026-08-15,21:30,45,Delayed,Signal Failure,536,65,13,Cloudy,18,9700,42,Medium,0,0,0,46,Notify station control
580,12556,Jan Shatabdi,PUNE,Pune Junction,SBC,KSR Bengaluru City,2026-07-19,17:00,20,At Risk,Signal Failure,1468,96,4,Clear,20,844,42,Medium,0,1,0,19,Notify station control
581,14364,Vande Bharat,LKO,Lucknow Charbagh,MAS,Chennai Central,2026-02-05,16:30,120,At Risk,Congestion,1446,99,3,Cloudy,28,7304,79,High,0,1,1,127,Reallocate platform and crew
582,14230,Rajdhani,HWH,Howrah Junction,SDAH,Sealdah,2026-09-19,07:30,40,Delayed,Weather,694,58,13,Clear,36,6163,33,Low,0,0,0,40,Monitor
583,14490,Shatabdi,BPL,Bhopal Junction,BCT,Mumbai Central,2026-08-03,18:00,30,Delayed,Signal Failure,872,67,2,Rain,18,3646,37,Low,0,0,0,35,Monitor
584,14077,Sampark Kranti,CNB,Kanpur Central,CSTM,Mumbai CSMT,2026-09-08,20:30,0,Completed,No Delay,1160,80,5,Fog,22,820,36,Low,0,0,1,0,Monitor
585,12930,Rajdhani,NGP,Nagpur Junction,PNBE,Patna Junction,2026-07-23,04:45,0,Completed,No Delay,1781,82,13,Clear,35,596,29,Low,0,1,1,10,Monitor
586,12415,Express,NGP,Nagpur Junction,GKP,Gorakhpur,2026-02-19,00:15,0,On Time,No Delay,933,58,12,Cloudy,20,5921,22,Low,0,0,0,0,Monitor
587,14506,Rajdhani,NGP,Nagpur Junction,GKP,Gorakhpur,2026-07-16,21:00,25,At Risk,Weather,296,82,2,Fog,24,438,51,Medium,0,0,0,27,Notify station control
588,12870,Vande Bharat,CSTM,Mumbai CSMT,HWH,Howrah Junction,2026-06-23,17:00,45,Delayed,Crew Delay,1088,82,10,Heatwave,44,6311,48,Medium,0,0,0,49,Notify station control
589,14091,Sampark Kranti,BCT,Mumbai Central,BPL,Bhopal Junction,2026-08-21,14:00,10,Delayed,Technical Fault,1246,79,7,Clear,17,6401,34,Low,0,0,0,9,Monitor
590,12135,Garib Rath,NDLS,New Delhi,PNBE,Patna Junction,2026-07-15,01:15,35,Delayed,Weather,302,100,9,Fog,41,704,57,Medium,0,1,1,45,Notify station control
591,12585,Intercity,SBC,KSR Bengaluru City,NGP,Nagpur Junction,2026-07-28,13:00,35,Delayed,Congestion,233,97,11,Clear,43,4601,48,Medium,0,1,0,36,Notify station control
592,13293,Garib Rath,HWH,Howrah Junction,GKP,Gorakhpur,2026-01-09,21:30,90,At Risk,Late Incoming Train,712,62,6,Clear,44,6547,57,Medium,0,0,1,92,Notify station control
593,14438,Superfast,CSTM,Mumbai CSMT,ADI,Ahmedabad Junction,2026-08-15,00:45,8,Delayed,Congestion,730,61,1,Cloudy,17,5328,27,Low,0,0,0,13,Monitor
594,12146,Express,NDLS,New Delhi,BBS,Bhubaneswar,2026-05-28,15:15,20,Delayed,Track Obstruction,746,53,18,Clear,24,1349,28,Low,0,0,0,20,Monitor
595,12480,Rajdhani,PUNE,Pune Junction,MAS,Chennai Central,2026-05-01,21:30,0,On Time,No Delay,557,64,11,Rain,15,9367,26,Low,0,0,0,2,Monitor
596,14631,Superfast,ALD,Prayagraj Junction,BCT,Mumbai Central,2026-07-03,20:45,0,On Time,No Delay,411,48,17,Cloudy,16,4182,17,Low,1,0,0,5,Monitor
597,12042,Sampark Kranti,JP,Jaipur Junction,SDAH,Sealdah,2026-02-20,06:30,40,At Risk,Weather,1143,87,1,Storm,19,6334,52,Medium,0,0,0,44,Notify station control
598,14592,Superfast,PNBE,Patna Junction,ALD,Prayagraj Junction,2026-09-19,20:45,0,Completed,No Delay,1373,71,2,Clear,35,2758,25,Low,0,0,0,0,Monitor
599,14307,Sampark Kranti,ALD,Prayagraj Junction,HWH,Howrah Junction,2026-02-23,07:45,90,Delayed,Crew Delay,1358,73,8,Clear,39,6230,57,Medium,0,0,1,99,Notify station control
600,12246,Jan Shatabdi,NGP,Nagpur Junction,CNB,Kanpur Central,2026-07-22,18:15,45,Delayed,Crew Delay,1099,86,14,Rain,21,9628,49,Medium,1,0,0,44,Notify station control
601,12944,Superfast,KOTA,Kota Junction,ADI,Ahmedabad Junction,2026-07-09,17:45,0,On Time,No Delay,1214,95,7,Clear,42,3247,31,Low,0,1,0,0,Monitor
602,12156,Rajdhani,HWH,Howrah Junction,MAS,Chennai Central,2026-06-27,10:00,10,Delayed,Late Incoming Train,974,73,14,Clear,25,2388,29,Low,0,0,0,12,Monitor
603,13158,Intercity,BCT,Mumbai Central,HWH,Howrah Junction,2026-07-11,14:15,75,Delayed,Maintenance Work,1613,82,17,Clear,16,2794,52,Medium,1,1,1,81,Notify station control
604,12899,Shatabdi,PNBE,Patna Junction,KOTA,Kota Junction,2026-07-11,05:15,0,On Time,No Delay,278,83,17,Cloudy,42,8904,30,Low,0,0,0,8,Monitor
605,14067,Garib Rath,BCT,Mumbai Central,PUNE,Pune Junction,2026-04-22,08:15,40,Delayed,Weather,519,84,15,Clear,21,3074,42,Medium,1,0,0,43,Notify station control
606,14466,Duronto,HWH,Howrah Junction,PUNE,Pune Junction,2026-04-10,18:45,0,On Time,No Delay,1285,84,18,Heatwave,39,3497,24,Low,0,0,0,10,Monitor
607,12459,Garib Rath,VSKP,Visakhapatnam,ALD,Prayagraj Junction,2026-04-24,02:30,0,Completed,No Delay,425,61,9,Rain,16,2541,21,Low,0,0,0,0,Monitor
608,13036,Express,MAS,Chennai Central,ALD,Prayagraj Junction,2026-01-08,04:45,10,Delayed,Congestion,258,81,14,Rain,17,8840,30,Low,1,0,0,11,Monitor
609,12861,Duronto,PUNE,Pune Junction,SBC,KSR Bengaluru City,2026-09-20,06:15,18,Delayed,Weather,449,85,17,Rain,41,3809,31,Low,0,0,1,26,Monitor
610,12879,Intercity,BCT,Mumbai Central,VSKP,Visakhapatnam,2026-08-26,20:45,25,Delayed,Maintenance Work,1266,100,6,Cloudy,42,5216,46,Medium,0,1,1,27,Notify station control
611,14462,Garib Rath,KOTA,Kota Junction,CNB,Kanpur Central,2026-08-11,21:00,0,On Time,No Delay,1726,77,15,Clear,24,4353,29,Low,0,1,0,8,Monitor
612,12462,Express,CNB,Kanpur Central,NGP,Nagpur Junction,2026-07-13,14:45,25,Delayed,Weather,1219,60,7,Clear,42,7001,28,Low,0,0,0,30,Monitor
613,12135,Express,BPL,Bhopal Junction,ADI,Ahmedabad Junction,2026-03-20,17:00,40,At Risk,Signal Failure,811,65,6,Cloudy,31,3678,42,Medium,1,0,0,38,Notify station control
614,12291,Superfast,NDLS,New Delhi,NGP,Nagpur Junction,2026-03-27,17:45,0,Completed,No Delay,1312,79,3,Rain,34,1106,28,Low,0,0,0,1,Monitor
615,12548,Superfast,PUNE,Pune Junction,LKO,Lucknow Charbagh,2026-03-10,09:00,0,On Time,No Delay,689,79,1,Cloudy,38,8927,24,Low,0,0,0,7,Monitor
616,12135,Shatabdi,PUNE,Pune Junction,ADI,Ahmedabad Junction,2026-01-01,23:15,60,At Risk,Technical Fault,1696,74,9,Rain,41,1691,45,Medium,1,1,1,57,Notify station control
617,13225,Sampark Kranti,HWH,Howrah Junction,KOTA,Kota Junction,2026-02-08,13:30,40,At Risk,Signal Failure,798,74,9,Clear,34,9740,41,Medium,0,0,1,47,Notify station control
618,14465,Vande Bharat,BBS,Bhubaneswar,JP,Jaipur Junction,2026-01-13,07:45,0,On Time,No Delay,1670,85,13,Storm,44,6406,44,Medium,0,1,0,0,Notify station control
619,14514,Garib Rath,CNB,Kanpur Central,PNBE,Patna Junction,2026-09-24,18:15,0,On Time,No Delay,351,83,16,Heavy Rain,32,4395,37,Low,0,0,1,0,Monitor
620,12853,Garib Rath,BCT,Mumbai Central,PNBE,Patna Junction,2026-06-21,07:30,15,At Risk,Platform Change,191,81,9,Clear,36,3727,36,Low,1,0,1,25,Monitor
621,14372,Shatabdi,VSKP,Visakhapatnam,PNBE,Patna Junction,2026-01-14,15:15,0,Completed,No Delay,338,58,6,Clear,30,2290,19,Low,0,0,0,1,Monitor
622,12496,Jan Shatabdi,PNBE,Patna Junction,BBS,Bhubaneswar,2026-03-05,09:15,0,On Time,No Delay,420,93,14,Clear,23,4741,31,Low,1,1,0,5,Monitor
623,14378,Garib Rath,KOTA,Kota Junction,CNB,Kanpur Central,2026-01-10,22:15,20,Delayed,Technical Fault,516,48,1,Heatwave,24,7120,24,Low,1,0,0,19,Monitor
624,14459,Superfast,SBC,KSR Bengaluru City,HWH,Howrah Junction,2026-04-09,09:45,0,On Time,No Delay,1397,71,6,Cloudy,16,6041,27,Low,0,0,0,2,Monitor
625,13180,Intercity,GKP,Gorakhpur,JP,Jaipur Junction,2026-03-26,16:45,0,Completed,No Delay,1493,72,5,Cloudy,17,3846,24,Low,0,0,0,0,Monitor
626,14578,Garib Rath,LKO,Lucknow Charbagh,KOTA,Kota Junction,2026-03-05,05:45,0,Completed,No Delay,1441,70,16,Rain,20,3054,21,Low,0,0,0,2,Monitor
627,12207,Duronto,NDLS,New Delhi,CNB,Kanpur Central,2026-06-10,16:30,90,Delayed,Maintenance Work,849,67,8,Clear,31,6742,57,Medium,1,0,1,97,Notify station control
628,14628,Duronto,PNBE,Patna Junction,CSTM,Mumbai CSMT,2026-02-18,13:30,0,Completed,No Delay,1636,99,5,Fog,40,527,45,Medium,0,1,0,9,Notify station control
629,13160,Superfast,MAS,Chennai Central,NDLS,New Delhi,2026-06-04,11:30,20,At Risk,Crew Delay,963,51,1,Cloudy,20,7543,27,Low,0,0,0,21,Monitor
630,14635,Rajdhani,PNBE,Patna Junction,NDLS,New Delhi,2026-08-16,05:45,120,Delayed,Weather,741,100,2,Clear,32,798,82,High,1,1,1,130,Reallocate platform and crew
631,12148,Rajdhani,ALD,Prayagraj Junction,HWH,Howrah Junction,2026-09-09,06:00,15,Delayed,Technical Fault,449,100,4,Rain,15,7564,40,Medium,0,1,0,11,Notify station control
632,12576,Superfast,LKO,Lucknow Charbagh,CNB,Kanpur Central,2026-03-15,01:30,60,Delayed,Signal Failure,313,90,7,Clear,40,8516,50,Medium,0,1,1,63,Notify station control
633,14353,Duronto,KOTA,Kota Junction,SBC,KSR Bengaluru City,2026-02-06,10:00,5,Delayed,Late Incoming Train,898,88,3,Clear,32,7885,28,Low,0,0,0,3,Monitor
634,12682,Superfast,MAS,Chennai Central,NDLS,New Delhi,2026-03-19,10:45,25,Delayed,Crew Delay,1710,87,5,Clear,23,1173,38,Low,0,1,0,29,Monitor
635,12826,Duronto,PUNE,Pune Junction,SBC,KSR Bengaluru City,2026-03-18,18:15,0,Completed,No Delay,1080,74,12,Clear,25,8869,26,Low,0,0,1,0,Monitor
636,12927,Superfast,NGP,Nagpur Junction,CNB,Kanpur Central,2026-08-05,14:30,30,Delayed,Crew Delay,708,93,7,Clear,28,4573,38,Low,1,1,0,28,Monitor
637,13285,Sampark Kranti,CNB,Kanpur Central,KOTA,Kota Junction,2026-05-06,14:15,999,Cancelled,Congestion,196,85,11,Rain,34,1941,100,Critical,0,0,1,999,Escalate to operations command
638,14659,Sampark Kranti,NDLS,New Delhi,BBS,Bhubaneswar,2026-07-10,01:15,75,Delayed,Maintenance Work,678,90,9,Rain,37,6414,60,Medium,1,1,1,80,Notify station control
639,14055,Garib Rath,PNBE,Patna Junction,HWH,Howrah Junction,2026-01-03,09:15,0,Completed,No Delay,238,80,10,Clear,42,8886,25,Low,0,0,0,0,Monitor
640,13222,Express,CNB,Kanpur Central,BBS,Bhubaneswar,2026-02-24,07:15,0,On Time,No Delay,532,83,10,Clear,23,1616,26,Low,0,0,1,2,Monitor
641,12062,Duronto,ALD,Prayagraj Junction,CNB,Kanpur Central,2026-07-05,10:15,0,On Time,No Delay,1586,67,16,Cloudy,35,6465,28,Low,0,1,0,9,Monitor
642,12987,Intercity,BPL,Bhopal Junction,LKO,Lucknow Charbagh,2026-07-03,20:15,10,Delayed,Signal Failure,634,82,6,Clear,38,4152,31,Low,0,0,0,16,Monitor
643,12606,Vande Bharat,SDAH,Sealdah,PNBE,Patna Junction,2026-07-06,05:45,0,On Time,No Delay,966,67,10,Clear,23,6637,26,Low,0,0,0,10,Monitor
644,14111,Superfast,PNBE,Patna Junction,HWH,Howrah Junction,2026-08-21,21:45,12,Delayed,Platform Change,205,62,6,Rain,24,2409,29,Low,0,0,0,19,Monitor
645,12955,Garib Rath,NGP,Nagpur Junction,BCT,Mumbai Central,2026-09-25,12:00,12,At Risk,Maintenance Work,1208,64,11,Cloudy,41,9065,27,Low,0,0,1,10,Monitor
646,13091,Sampark Kranti,SDAH,Sealdah,NDLS,New Delhi,2026-08-15,11:00,0,On Time,No Delay,1438,88,15,Cloudy,27,1095,30,Low,0,0,0,4,Monitor
647,12855,Superfast,KOTA,Kota Junction,CNB,Kanpur Central,2026-09-24,12:15,5,Delayed,Technical Fault,780,74,11,Cloudy,23,883,29,Low,0,0,0,3,Monitor
648,14413,Duronto,MAS,Chennai Central,CSTM,Mumbai CSMT,2026-02-11,11:00,120,At Risk,Weather,887,78,15,Clear,36,4299,76,High,0,0,1,129,Reallocate platform and crew
649,13266,Shatabdi,SDAH,Sealdah,HWH,Howrah Junction,2026-05-10,19:15,0,On Time,No Delay,798,73,9,Cloudy,37,1598,29,Low,0,0,0,8,Monitor
650,14561,Vande Bharat,BCT,Mumbai Central,BPL,Bhopal Junction,2026-05-09,00:45,75,At Risk,Technical Fault,746,77,17,Clear,35,1049,56,Medium,0,0,1,82,Notify station control
651,14085,Duronto,SBC,KSR Bengaluru City,NDLS,New Delhi,2026-05-24,22:45,0,On Time,No Delay,1798,88,8,Cloudy,21,596,32,Low,0,1,0,5,Monitor
652,14643,Jan Shatabdi,GKP,Gorakhpur,NGP,Nagpur Junction,2026-08-07,17:15,0,On Time,No Delay,205,74,11,Heatwave,24,5537,25,Low,0,0,1,9,Monitor
653,13205,Sampark Kranti,BPL,Bhopal Junction,ADI,Ahmedabad Junction,2026-01-05,19:15,0,Completed,No Delay,1329,82,17,Cloudy,25,5281,26,Low,0,0,1,5,Monitor
654,14556,Intercity,KOTA,Kota Junction,CNB,Kanpur Central,2026-07-20,03:00,0,Completed,No Delay,761,75,18,Clear,37,8340,24,Low,1,0,0,7,Monitor
655,12615,Sampark Kranti,BPL,Bhopal Junction,SBC,KSR Bengaluru City,2026-06-25,11:00,0,On Time,No Delay,1750,80,13,Fog,31,498,39,Low,0,1,0,1,Monitor
656,14469,Intercity,LKO,Lucknow Charbagh,ALD,Prayagraj Junction,2026-01-18,10:45,0,On Time,No Delay,1729,51,15,Clear,23,7663,18,Low,0,1,0,0,Monitor
657,13275,Intercity,MAS,Chennai Central,HWH,Howrah Junction,2026-04-06,18:45,0,Completed,No Delay,1483,86,17,Clear,16,9648,32,Low,0,0,0,8,Monitor
658,12096,Sampark Kranti,CSTM,Mumbai CSMT,BPL,Bhopal Junction,2026-04-11,04:30,999,Cancelled,Crew Delay,510,77,15,Cloudy,25,4220,100,Critical,0,0,1,999,Escalate to operations command
659,12674,Express,CSTM,Mumbai CSMT,NDLS,New Delhi,2026-01-24,01:45,90,Delayed,Weather,1124,68,11,Storm,41,2909,68,High,0,0,1,99,Reallocate platform and crew
660,13210,Intercity,PNBE,Patna Junction,BBS,Bhubaneswar,2026-01-10,12:00,0,Completed,No Delay,1280,75,4,Fog,36,875,40,Medium,0,0,1,0,Notify station control
661,14381,Express,CNB,Kanpur Central,NGP,Nagpur Junction,2026-04-26,15:15,12,Delayed,Weather,1732,87,4,Clear,37,3068,33,Low,0,1,0,20,Monitor
662,13083,Shatabdi,ADI,Ahmedabad Junction,HWH,Howrah Junction,2026-05-20,01:15,120,Delayed,Weather,881,53,10,Rain,36,7585,65,High,0,0,1,129,Reallocate platform and crew
663,12904,Vande Bharat,SDAH,Sealdah,ALD,Prayagraj Junction,2026-03-24,22:15,999,Cancelled,Weather,1646,87,16,Rain,36,7506,100,Critical,0,1,1,999,Escalate to operations command
664,13233,Vande Bharat,SDAH,Sealdah,LKO,Lucknow Charbagh,2026-08-20,05:30,0,On Time,No Delay,800,93,5,Clear,32,497,29,Low,1,1,1,6,Monitor
665,14341,Jan Shatabdi,SDAH,Sealdah,KOTA,Kota Junction,2026-04-10,06:15,0,On Time,No Delay,1173,57,16,Fog,19,575,33,Low,0,0,0,0,Monitor
666,14694,Shatabdi,SDAH,Sealdah,JP,Jaipur Junction,2026-07-21,03:30,45,Delayed,Signal Failure,1708,51,17,Cloudy,42,4041,40,Medium,0,1,0,46,Notify station control
667,12871,Jan Shatabdi,PNBE,Patna Junction,CSTM,Mumbai CSMT,2026-03-02,19:30,10,At Risk,Weather,1094,65,9,Storm,39,3293,42,Medium,0,0,1,12,Notify station control
668,12296,Vande Bharat,ALD,Prayagraj Junction,ADI,Ahmedabad Junction,2026-02-18,01:30,10,At Risk,Technical Fault,1250,71,10,Heatwave,15,3703,27,Low,1,0,1,12,Monitor
669,14215,Express,CSTM,Mumbai CSMT,PUNE,Pune Junction,2026-04-19,20:45,0,On Time,No Delay,1290,58,10,Clear,32,457,23,Low,0,0,1,8,Monitor
670,14077,Garib Rath,NDLS,New Delhi,JP,Jaipur Junction,2026-09-17,09:45,18,Delayed,Maintenance Work,1233,65,10,Clear,44,5209,29,Low,0,0,0,20,Monitor
671,14201,Superfast,HWH,Howrah Junction,SBC,KSR Bengaluru City,2026-04-25,03:15,999,Cancelled,Technical Fault,314,77,4,Cloudy,43,7561,100,Critical,0,0,1,999,Escalate to operations command
672,14340,Superfast,SBC,KSR Bengaluru City,LKO,Lucknow Charbagh,2026-07-26,05:15,120,At Risk,Weather,1428,53,7,Clear,32,2832,65,High,0,0,1,120,Reallocate platform and crew
673,13067,Express,KOTA,Kota Junction,MAS,Chennai Central,2026-06-15,09:45,75,Delayed,Weather,648,91,10,Heavy Rain,25,2675,69,High,0,1,1,80,Reallocate platform and crew
674,14001,Intercity,GKP,Gorakhpur,BPL,Bhopal Junction,2026-05-27,11:00,0,On Time,No Delay,1502,69,5,Clear,28,4792,21,Low,0,1,0,1,Monitor
675,13242,Jan Shatabdi,LKO,Lucknow Charbagh,VSKP,Visakhapatnam,2026-01-25,21:45,20,Delayed,Weather,1081,80,8,Heavy Rain,19,5632,50,Medium,1,0,1,30,Notify station control
676,12878,Sampark Kranti,BBS,Bhubaneswar,PUNE,Pune Junction,2026-08-05,23:00,0,On Time,No Delay,1489,70,11,Clear,22,9112,24,Low,0,0,0,9,Monitor
677,12420,Sampark Kranti,LKO,Lucknow Charbagh,VSKP,Visakhapatnam,2026-02-28,22:30,0,On Time,No Delay,360,63,18,Clear,38,4571,24,Low,0,0,0,4,Monitor
678,12624,Superfast,CNB,Kanpur Central,BBS,Bhubaneswar,2026-07-13,15:00,90,Delayed,Crew Delay,1567,81,9,Clear,22,679,58,Medium,0,1,1,88,Notify station control
679,14348,Rajdhani,PNBE,Patna Junction,BCT,Mumbai Central,2026-09-25,03:15,8,Delayed,Weather,1798,64,11,Storm,34,1399,41,Medium,1,1,0,5,Notify station control
680,14560,Sampark Kranti,PNBE,Patna Junction,CSTM,Mumbai CSMT,2026-06-15,16:45,20,Delayed,Platform Change,747,73,15,Rain,28,2793,35,Low,0,0,0,25,Monitor
681,14538,Rajdhani,NDLS,New Delhi,NGP,Nagpur Junction,2026-06-23,18:15,60,Delayed,Crew Delay,840,65,8,Clear,32,5651,47,Medium,0,0,1,69,Notify station control
682,12640,Duronto,SBC,KSR Bengaluru City,SDAH,Sealdah,2026-04-07,09:15,0,On Time,No Delay,260,81,5,Cloudy,31,6010,24,Low,0,0,0,5,Monitor
683,12728,Superfast,NGP,Nagpur Junction,ADI,Ahmedabad Junction,2026-08-15,12:15,0,On Time,No Delay,1080,100,1,Fog,28,841,48,Medium,0,1,0,1,Notify station control
684,14516,Shatabdi,SBC,KSR Bengaluru City,NGP,Nagpur Junction,2026-06-24,10:45,0,Completed,No Delay,1364,100,17,Cloudy,17,2968,35,Low,0,1,1,1,Monitor
685,12265,Superfast,SBC,KSR Bengaluru City,PUNE,Pune Junction,2026-04-23,02:45,12,Delayed,Signal Failure,194,64,4,Heatwave,25,6204,27,Low,0,0,0,9,Monitor
686,12894,Superfast,BBS,Bhubaneswar,NDLS,New Delhi,2026-01-20,06:30,0,On Time,No Delay,543,86,1,Fog,18,611,38,Low,0,0,0,0,Monitor
687,12554,Duronto,CNB,Kanpur Central,VSKP,Visakhapatnam,2026-04-10,12:30,0,On Time,No Delay,490,74,6,Cloudy,25,2092,29,Low,0,0,1,0,Monitor
688,12004,Superfast,ADI,Ahmedabad Junction,CNB,Kanpur Central,2026-03-04,00:30,0,On Time,No Delay,1685,48,5,Cloudy,43,6979,16,Low,1,1,0,7,Monitor
689,14009,Shatabdi,PUNE,Pune Junction,CSTM,Mumbai CSMT,2026-03-11,21:30,0,Completed,No Delay,1030,87,5,Cloudy,41,311,28,Low,0,0,0,10,Monitor
690,14264,Sampark Kranti,KOTA,Kota Junction,HWH,Howrah Junction,2026-02-08,07:30,0,On Time,No Delay,445,61,5,Clear,21,1646,26,Low,0,0,0,0,Monitor
691,13091,Express,MAS,Chennai Central,LKO,Lucknow Charbagh,2026-01-05,20:00,30,Delayed,Technical Fault,851,56,2,Rain,37,6608,35,Low,0,0,0,26,Monitor
692,13242,Rajdhani,PUNE,Pune Junction,MAS,Chennai Central,2026-08-04,23:30,120,Delayed,Weather,1467,86,13,Fog,28,299,86,Critical,1,0,1,123,Escalate to operations command
693,13024,Garib Rath,PNBE,Patna Junction,LKO,Lucknow Charbagh,2026-01-18,04:00,0,On Time,No Delay,1761,54,11,Fog,38,611,31,Low,0,1,1,0,Monitor
694,12316,Jan Shatabdi,PUNE,Pune Junction,BBS,Bhubaneswar,2026-03-27,21:15,15,At Risk,Weather,1106,69,14,Fog,31,164,46,Medium,0,0,0,15,Notify station control
695,13168,Sampark Kranti,NDLS,New Delhi,PUNE,Pune Junction,2026-03-18,19:45,8,At Risk,Weather,1284,80,17,Heavy Rain,19,6435,40,Medium,0,0,0,6,Notify station control
696,12152,Garib Rath,SBC,KSR Bengaluru City,JP,Jaipur Junction,2026-05-23,17:30,0,On Time,No Delay,1042,100,16,Cloudy,28,5574,29,Low,0,1,0,4,Monitor
697,12197,Intercity,SBC,KSR Bengaluru City,CSTM,Mumbai CSMT,2026-04-27,11:00,0,On Time,No Delay,508,78,8,Cloudy,26,2912,29,Low,0,0,0,8,Monitor
698,12452,Shatabdi,PUNE,Pune Junction,JP,Jaipur Junction,2026-08-08,21:45,15,At Risk,Technical Fault,1556,48,9,Clear,38,5665,21,Low,0,1,0,13,Monitor
699,14496,Sampark Kranti,JP,Jaipur Junction,HWH,Howrah Junction,2026-08-25,09:15,10,Delayed,Weather,737,80,9,Fog,17,721,43,Medium,1,0,0,18,Notify station control
700,12294,Sampark Kranti,PNBE,Patna Junction,HWH,Howrah Junction,2026-05-27,23:30,0,Completed,No Delay,674,74,16,Fog,40,798,38,Low,0,0,0,8,Monitor
701,13054,Garib Rath,ADI,Ahmedabad Junction,ALD,Prayagraj Junction,2026-09-20,18:45,0,Completed,No Delay,387,72,16,Clear,21,9984,25,Low,0,0,1,3,Monitor
702,13206,Sampark Kranti,KOTA,Kota Junction,PNBE,Patna Junction,2026-07-23,23:00,0,On Time,No Delay,1496,59,4,Fog,32,177,31,Low,0,0,1,2,Monitor
703,14174,Jan Shatabdi,CNB,Kanpur Central,BBS,Bhubaneswar,2026-05-14,00:45,0,On Time,No Delay,1466,75,1,Clear,20,9588,24,Low,0,0,0,0,Monitor
704,13146,Vande Bharat,ADI,Ahmedabad Junction,BPL,Bhopal Junction,2026-07-25,11:15,0,On Time,No Delay,844,60,15,Heavy Rain,36,4611,38,Low,0,0,0,0,Monitor
705,13046,Sampark Kranti,BBS,Bhubaneswar,CSTM,Mumbai CSMT,2026-05-28,22:45,25,Delayed,Weather,387,81,13,Clear,24,8446,39,Low,0,0,0,25,Monitor
706,14147,Duronto,CNB,Kanpur Central,LKO,Lucknow Charbagh,2026-07-20,22:00,0,Completed,No Delay,408,72,7,Clear,32,5387,26,Low,1,0,0,4,Monitor
707,12292,Sampark Kranti,SBC,KSR Bengaluru City,CSTM,Mumbai CSMT,2026-06-08,14:00,0,Completed,No Delay,719,84,12,Rain,26,2479,28,Low,0,0,0,0,Monitor
708,12486,Garib Rath,PUNE,Pune Junction,GKP,Gorakhpur,2026-05-08,00:45,0,On Time,No Delay,1603,86,8,Clear,21,4000,29,Low,0,1,0,1,Monitor
709,14471,Sampark Kranti,VSKP,Visakhapatnam,NGP,Nagpur Junction,2026-06-12,07:30,0,On Time,No Delay,1242,57,13,Clear,37,4584,24,Low,0,0,1,6,Monitor
710,12289,Duronto,ALD,Prayagraj Junction,CNB,Kanpur Central,2026-09-11,03:15,0,On Time,No Delay,1618,65,8,Fog,39,631,37,Low,0,1,1,0,Monitor
711,12760,Garib Rath,CNB,Kanpur Central,GKP,Gorakhpur,2026-03-03,21:30,8,Delayed,Maintenance Work,1198,71,6,Cloudy,14,9474,28,Low,0,0,1,4,Monitor
712,14533,Rajdhani,CSTM,Mumbai CSMT,JP,Jaipur Junction,2026-04-19,16:45,120,At Risk,Technical Fault,991,73,7,Clear,35,7707,69,High,0,0,1,124,Reallocate platform and crew
713,14541,Rajdhani,SDAH,Sealdah,GKP,Gorakhpur,2026-04-20,05:15,0,Completed,No Delay,1725,71,3,Clear,33,1342,26,Low,0,1,0,8,Monitor
714,12343,Shatabdi,NDLS,New Delhi,PNBE,Patna Junction,2026-03-04,09:30,0,On Time,No Delay,1615,81,13,Clear,39,6977,27,Low,0,1,0,10,Monitor
715,12864,Shatabdi,MAS,Chennai Central,VSKP,Visakhapatnam,2026-01-20,01:00,0,On Time,No Delay,644,63,3,Clear,24,7701,26,Low,1,0,0,0,Monitor
716,12501,Jan Shatabdi,CNB,Kanpur Central,HWH,Howrah Junction,2026-04-21,19:45,0,On Time,No Delay,807,93,1,Clear,39,9607,32,Low,0,1,0,6,Monitor
717,12645,Shatabdi,MAS,Chennai Central,GKP,Gorakhpur,2026-09-26,03:30,15,At Risk,Technical Fault,1082,67,6,Cloudy,30,2738,33,Low,0,0,0,24,Monitor
718,13188,Duronto,JP,Jaipur Junction,HWH,Howrah Junction,2026-09-03,10:15,18,Delayed,Maintenance Work,575,46,5,Heatwave,33,5827,26,Low,1,0,0,25,Monitor
719,12763,Vande Bharat,CNB,Kanpur Central,SDAH,Sealdah,2026-05-11,04:45,8,At Risk,Maintenance Work,1530,68,4,Clear,41,8817,24,Low,1,1,0,13,Monitor
720,14052,Intercity,SBC,KSR Bengaluru City,LKO,Lucknow Charbagh,2026-05-25,21:00,0,On Time,No Delay,1186,48,4,Cloudy,24,9495,20,Low,0,0,1,7,Monitor
721,12612,Garib Rath,PNBE,Patna Junction,BCT,Mumbai Central,2026-07-24,16:15,999,Cancelled,Signal Failure,1274,100,13,Cloudy,20,6063,100,Critical,0,1,1,999,Escalate to operations command
722,12128,Shatabdi,PNBE,Patna Junction,CNB,Kanpur Central,2026-04-23,03:30,18,Delayed,Congestion,329,82,7,Heatwave,29,3687,36,Low,0,0,1,13,Monitor
723,13023,Intercity,NDLS,New Delhi,ADI,Ahmedabad Junction,2026-07-23,00:45,45,At Risk,Platform Change,271,87,9,Heatwave,42,7227,48,Medium,0,0,0,49,Notify station control
724,12825,Express,NGP,Nagpur Junction,BPL,Bhopal Junction,2026-02-06,15:00,0,On Time,No Delay,1598,92,13,Clear,15,7658,27,Low,0,1,0,2,Monitor
725,13022,Garib Rath,MAS,Chennai Central,GKP,Gorakhpur,2026-04-03,17:45,0,Completed,No Delay,1603,61,10,Rain,41,9640,21,Low,0,1,1,0,Monitor
726,14305,Express,SBC,KSR Bengaluru City,SDAH,Sealdah,2026-08-24,04:45,12,Delayed,Platform Change,557,87,3,Clear,38,1404,32,Low,1,0,0,20,Monitor
727,14399,Vande Bharat,KOTA,Kota Junction,BCT,Mumbai Central,2026-03-10,16:00,40,At Risk,Signal Failure,492,56,6,Clear,25,7869,34,Low,0,0,1,36,Monitor
728,12643,Express,PUNE,Pune Junction,MAS,Chennai Central,2026-01-04,21:00,0,On Time,No Delay,683,100,17,Clear,23,9423,30,Low,1,1,0,0,Monitor
729,14403,Sampark Kranti,NGP,Nagpur Junction,ALD,Prayagraj Junction,2026-01-19,17:00,40,At Risk,Technical Fault,392,75,1,Clear,32,1257,45,Medium,0,0,0,47,Notify station control
730,14583,Intercity,NDLS,New Delhi,PNBE,Patna Junction,2026-08-05,14:30,0,On Time,No Delay,1100,74,8,Cloudy,35,8337,28,Low,0,0,1,3,Monitor
731,12982,Duronto,PUNE,Pune Junction,SDAH,Sealdah,2026-09-28,07:45,0,Completed,No Delay,706,86,1,Clear,27,5212,26,Low,0,0,1,0,Monitor
732,12652,Intercity,SDAH,Sealdah,BPL,Bhopal Junction,2026-03-24,16:15,999,Cancelled,Maintenance Work,975,66,15,Rain,25,5834,100,Critical,1,0,1,999,Escalate to operations command
733,12673,Vande Bharat,PUNE,Pune Junction,SBC,KSR Bengaluru City,2026-03-16,03:45,0,Completed,No Delay,1785,52,18,Rain,41,6988,20,Low,0,1,1,4,Monitor
734,12126,Vande Bharat,JP,Jaipur Junction,VSKP,Visakhapatnam,2026-04-13,18:15,0,On Time,No Delay,1530,54,13,Fog,43,609,33,Low,0,1,0,0,Monitor
735,12483,Intercity,ADI,Ahmedabad Junction,KOTA,Kota Junction,2026-02-01,00:00,20,Delayed,Congestion,1139,76,16,Clear,24,8993,37,Low,0,0,0,16,Monitor
736,13046,Vande Bharat,LKO,Lucknow Charbagh,CSTM,Mumbai CSMT,2026-05-04,17:15,20,At Risk,Track Obstruction,923,100,11,Clear,32,7617,40,Medium,0,1,0,25,Notify station control
737,14016,Jan Shatabdi,SDAH,Sealdah,SBC,KSR Bengaluru City,2026-01-05,12:45,0,Completed,No Delay,1330,60,9,Clear,36,4386,19,Low,0,0,0,0,Monitor
738,12599,Rajdhani,BPL,Bhopal Junction,PNBE,Patna Junction,2026-02-06,04:30,45,Delayed,Technical Fault,1096,70,1,Heatwave,29,9586,41,Medium,0,0,0,50,Notify station control
739,12386,Vande Bharat,BPL,Bhopal Junction,SDAH,Sealdah,2026-05-07,16:30,0,Completed,No Delay,1636,83,12,Clear,33,8405,24,Low,0,1,0,8,Monitor
740,14241,Duronto,PNBE,Patna Junction,NDLS,New Delhi,2026-02-11,17:00,0,On Time,No Delay,807,50,9,Clear,28,7393,19,Low,0,0,1,0,Monitor
741,14503,Garib Rath,SDAH,Sealdah,NDLS,New Delhi,2026-07-23,10:15,0,On Time,No Delay,958,58,9,Heatwave,36,6446,21,Low,1,0,1,6,Monitor
742,14425,Express,CNB,Kanpur Central,ADI,Ahmedabad Junction,2026-02-08,02:15,0,On Time,No Delay,1101,90,3,Clear,39,5520,34,Low,0,1,0,0,Monitor
743,12474,Vande Bharat,CNB,Kanpur Central,CSTM,Mumbai CSMT,2026-02-02,22:15,10,At Risk,Signal Failure,1688,86,3,Clear,18,9847,35,Low,0,1,0,19,Monitor
744,12512,Shatabdi,SBC,KSR Bengaluru City,CSTM,Mumbai CSMT,2026-08-27,06:45,0,On Time,No Delay,657,47,7,Heavy Rain,15,1601,31,Low,1,0,0,5,Monitor
745,14237,Sampark Kranti,KOTA,Kota Junction,MAS,Chennai Central,2026-04-06,10:15,8,At Risk,Late Incoming Train,192,100,9,Clear,18,9180,37,Low,0,1,0,9,Monitor
746,14538,Sampark Kranti,MAS,Chennai Central,NGP,Nagpur Junction,2026-05-10,05:00,0,On Time,No Delay,626,95,14,Cloudy,22,5948,34,Low,1,1,0,2,Monitor
747,14245,Rajdhani,BCT,Mumbai Central,HWH,Howrah Junction,2026-06-15,11:45,75,Delayed,Maintenance Work,204,98,11,Clear,32,6222,62,Medium,0,1,1,72,Notify station control
748,12998,Express,CNB,Kanpur Central,PNBE,Patna Junction,2026-08-11,12:45,0,On Time,No Delay,569,72,8,Storm,32,3094,34,Low,0,0,1,6,Monitor
749,12419,Intercity,VSKP,Visakhapatnam,BBS,Bhubaneswar,2026-03-07,03:00,0,On Time,No Delay,465,79,5,Clear,26,6291,23,Low,0,0,0,8,Monitor
750,12435,Superfast,BPL,Bhopal Junction,PNBE,Patna Junction,2026-08-14,13:15,0,On Time,No Delay,504,61,10,Cloudy,40,9300,21,Low,0,0,1,2,Monitor
751,13114,Shatabdi,BBS,Bhubaneswar,BCT,Mumbai Central,2026-03-11,20:30,0,Completed,No Delay,1424,73,16,Rain,39,3845,25,Low,0,0,0,10,Monitor
752,14616,Sampark Kranti,KOTA,Kota Junction,NGP,Nagpur Junction,2026-08-12,13:15,0,On Time,No Delay,1664,86,12,Clear,39,2399,28,Low,0,1,0,10,Monitor
753,12741,Express,SBC,KSR Bengaluru City,CNB,Kanpur Central,2026-08-01,10:00,40,At Risk,Congestion,1610,78,11,Cloudy,39,9676,40,Medium,0,1,1,42,Notify station control
754,14642,Shatabdi,BPL,Bhopal Junction,SDAH,Sealdah,2026-06-28,01:45,90,Delayed,Weather,317,83,15,Cloudy,26,3465,65,High,0,0,1,93,Reallocate platform and crew
755,12042,Superfast,PUNE,Pune Junction,ADI,Ahmedabad Junction,2026-01-24,06:30,120,At Risk,Weather,835,63,18,Cloudy,20,3383,70,High,0,0,1,118,Reallocate platform and crew
756,14090,Rajdhani,PUNE,Pune Junction,NGP,Nagpur Junction,2026-08-21,12:15,0,On Time,No Delay,786,77,1,Clear,14,7204,23,Low,0,0,0,6,Monitor
757,13014,Garib Rath,KOTA,Kota Junction,VSKP,Visakhapatnam,2026-03-11,23:45,20,Delayed,Maintenance Work,763,80,1,Rain,17,1158,39,Low,1,0,0,25,Monitor
758,14083,Superfast,ALD,Prayagraj Junction,NDLS,New Delhi,2026-03-16,02:00,0,On Time,No Delay,1737,82,2,Clear,34,4935,27,Low,1,1,0,0,Monitor
759,12367,Duronto,SDAH,Sealdah,MAS,Chennai Central,2026-09-02,16:45,0,Completed,No Delay,1725,66,3,Clear,27,5929,27,Low,0,1,1,0,Monitor
760,14412,Vande Bharat,BPL,Bhopal Junction,SDAH,Sealdah,2026-01-02,07:15,12,Delayed,Weather,645,86,8,Rain,15,9437,29,Low,0,0,1,8,Monitor
761,14341,Superfast,SDAH,Sealdah,MAS,Chennai Central,2026-01-07,07:45,0,On Time,No Delay,990,100,16,Cloudy,14,7098,34,Low,0,1,0,0,Monitor
762,12275,Superfast,NDLS,New Delhi,BPL,Bhopal Junction,2026-04-25,19:30,18,Delayed,Technical Fault,1278,79,1,Clear,43,4910,32,Low,1,0,0,24,Monitor
763,13034,Intercity,LKO,Lucknow Charbagh,SBC,KSR Bengaluru City,2026-07-26,03:15,0,On Time,No Delay,239,38,17,Clear,38,6946,15,Low,0,0,0,0,Monitor
764,12989,Vande Bharat,SBC,KSR Bengaluru City,KOTA,Kota Junction,2026-01-10,00:15,999,Cancelled,Signal Failure,1506,89,8,Clear,32,4434,100,Critical,1,1,1,999,Escalate to operations command
765,12664,Intercity,MAS,Chennai Central,CNB,Kanpur Central,2026-01-28,00:30,90,At Risk,Weather,1186,55,8,Storm,16,2057,63,Medium,1,0,1,85,Notify station control
766,14149,Sampark Kranti,NDLS,New Delhi,LKO,Lucknow Charbagh,2026-07-21,00:30,0,Completed,No Delay,933,78,7,Clear,34,3425,27,Low,0,0,0,6,Monitor
767,12919,Garib Rath,BCT,Mumbai Central,SDAH,Sealdah,2026-08-03,23:15,20,Delayed,Signal Failure,1155,79,8,Clear,28,9799,37,Low,0,0,0,23,Monitor
768,13287,Intercity,SBC,KSR Bengaluru City,CSTM,Mumbai CSMT,2026-05-24,15:15,0,On Time,No Delay,1133,82,14,Cloudy,19,517,29,Low,0,0,0,0,Monitor
769,12825,Vande Bharat,ADI,Ahmedabad Junction,NDLS,New Delhi,2026-02-20,11:45,5,Delayed,Weather,1333,84,16,Storm,39,4093,45,Medium,0,0,0,1,Notify station control
770,12548,Superfast,BBS,Bhubaneswar,GKP,Gorakhpur,2026-03-27,21:45,15,At Risk,Congestion,1013,62,6,Clear,32,6882,28,Low,0,0,0,24,Monitor
771,13156,Shatabdi,ALD,Prayagraj Junction,NGP,Nagpur Junction,2026-09-21,23:15,15,Delayed,Congestion,1501,51,6,Clear,42,1000,25,Low,1,1,0,14,Monitor
772,12689,Intercity,GKP,Gorakhpur,SDAH,Sealdah,2026-05-18,21:15,0,On Time,No Delay,409,81,17,Clear,31,987,28,Low,1,0,0,0,Monitor
773,14215,Superfast,PUNE,Pune Junction,CNB,Kanpur Central,2026-03-27,22:15,45,At Risk,Platform Change,1251,67,12,Cloudy,37,6984,43,Medium,0,0,1,43,Notify station control
774,12364,Duronto,NDLS,New Delhi,ALD,Prayagraj Junction,2026-04-01,00:00,0,Completed,No Delay,807,63,8,Rain,38,6953,22,Low,1,0,0,1,Monitor
775,12624,Shatabdi,JP,Jaipur Junction,HWH,Howrah Junction,2026-05-14,19:45,0,On Time,No Delay,423,63,13,Cloudy,14,5218,22,Low,0,0,0,7,Monitor
776,12187,Express,KOTA,Kota Junction,GKP,Gorakhpur,2026-07-23,18:30,0,Completed,No Delay,899,82,1,Cloudy,22,8059,32,Low,1,0,0,7,Monitor
777,13205,Express,BBS,Bhubaneswar,NDLS,New Delhi,2026-01-11,09:45,10,At Risk,Late Incoming Train,368,96,4,Cloudy,28,6523,38,Low,0,1,1,15,Monitor
778,12302,Duronto,SBC,KSR Bengaluru City,VSKP,Visakhapatnam,2026-02-23,16:45,5,Delayed,Maintenance Work,321,87,17,Heatwave,19,7888,29,Low,0,0,0,12,Monitor
779,12921,Rajdhani,MAS,Chennai Central,BBS,Bhubaneswar,2026-03-25,12:00,0,On Time,No Delay,404,60,3,Clear,20,8199,23,Low,0,0,1,2,Monitor
780,12744,Sampark Kranti,JP,Jaipur Junction,MAS,Chennai Central,2026-06-26,22:45,25,At Risk,Track Obstruction,387,39,6,Rain,18,2462,29,Low,1,0,1,20,Monitor
781,13182,Jan Shatabdi,NDLS,New Delhi,ALD,Prayagraj Junction,2026-09-08,04:00,0,On Time,No Delay,751,54,3,Cloudy,16,1729,19,Low,0,0,1,6,Monitor
782,12274,Duronto,NDLS,New Delhi,SBC,KSR Bengaluru City,2026-07-04,17:00,90,Delayed,Late Incoming Train,944,85,18,Rain,22,8129,59,Medium,1,0,1,90,Notify station control
783,12439,Duronto,PUNE,Pune Junction,SBC,KSR Bengaluru City,2026-06-08,15:15,60,At Risk,Signal Failure,1224,77,9,Clear,32,8992,45,Medium,0,0,1,64,Notify station control
784,14262,Vande Bharat,SBC,KSR Bengaluru City,PNBE,Patna Junction,2026-02-16,16:00,0,On Time,No Delay,1477,68,18,Clear,41,1461,22,Low,1,0,0,0,Monitor
785,12781,Intercity,GKP,Gorakhpur,MAS,Chennai Central,2026-08-20,07:15,45,At Risk,Weather,1012,90,11,Heatwave,38,6765,43,Medium,0,1,1,46,Notify station control
786,14083,Duronto,BBS,Bhubaneswar,ALD,Prayagraj Junction,2026-03-25,20:00,0,On Time,No Delay,1198,81,3,Cloudy,27,806,27,Low,1,0,0,0,Monitor
787,13236,Express,CNB,Kanpur Central,ADI,Ahmedabad Junction,2026-02-23,15:30,40,Delayed,Late Incoming Train,1419,70,16,Clear,30,8291,39,Low,0,0,0,39,Monitor
788,14681,Shatabdi,ALD,Prayagraj Junction,PNBE,Patna Junction,2026-04-12,09:15,0,On Time,No Delay,735,87,10,Clear,33,8713,27,Low,0,0,0,5,Monitor
789,14036,Garib Rath,LKO,Lucknow Charbagh,ALD,Prayagraj Junction,2026-09-06,03:30,20,Delayed,Technical Fault,1756,72,12,Rain,36,9192,34,Low,0,1,1,25,Monitor
790,14682,Superfast,PUNE,Pune Junction,SBC,KSR Bengaluru City,2026-09-11,04:30,0,On Time,No Delay,1197,66,12,Cloudy,21,6716,24,Low,1,0,1,3,Monitor
791,12816,Intercity,KOTA,Kota Junction,CSTM,Mumbai CSMT,2026-05-02,13:45,60,At Risk,Crew Delay,701,90,18,Clear,32,4839,53,Medium,0,1,1,68,Notify station control
792,14256,Intercity,KOTA,Kota Junction,HWH,Howrah Junction,2026-09-18,08:15,0,On Time,No Delay,431,68,12,Clear,38,1192,21,Low,0,0,0,0,Monitor
793,12606,Sampark Kranti,HWH,Howrah Junction,VSKP,Visakhapatnam,2026-04-05,00:30,0,On Time,No Delay,1458,73,8,Clear,21,3911,27,Low,1,0,0,3,Monitor
794,13227,Jan Shatabdi,PUNE,Pune Junction,MAS,Chennai Central,2026-08-20,05:15,18,Delayed,Weather,1175,63,4,Clear,17,4333,34,Low,0,0,0,26,Monitor
795,12301,Vande Bharat,PUNE,Pune Junction,JP,Jaipur Junction,2026-07-01,17:30,75,Delayed,Platform Change,1093,77,3,Cloudy,27,7576,55,Medium,0,0,1,74,Notify station control
796,14068,Superfast,SBC,KSR Bengaluru City,PNBE,Patna Junction,2026-02-20,22:45,0,On Time,No Delay,1440,82,13,Cloudy,40,7544,29,Low,0,0,0,1,Monitor
797,12628,Superfast,MAS,Chennai Central,NGP,Nagpur Junction,2026-01-13,18:30,0,On Time,No Delay,1644,73,16,Clear,44,697,28,Low,0,1,1,2,Monitor
798,12063,Intercity,CNB,Kanpur Central,NGP,Nagpur Junction,2026-03-08,18:15,75,At Risk,Weather,893,86,8,Clear,22,6306,55,Medium,0,0,1,85,Notify station control
799,13107,Vande Bharat,BCT,Mumbai Central,NGP,Nagpur Junction,2026-03-28,13:30,0,On Time,No Delay,369,61,9,Heatwave,16,8905,21,Low,0,0,0,9,Monitor
800,14040,Duronto,MAS,Chennai Central,ADI,Ahmedabad Junction,2026-01-26,06:00,25,Delayed,Weather,1352,63,6,Fog,23,641,45,Medium,0,0,0,33,Notify station control
801,12823,Jan Shatabdi,CSTM,Mumbai CSMT,SDAH,Sealdah,2026-05-17,00:00,0,On Time,No Delay,1738,69,18,Cloudy,43,3360,23,Low,0,1,0,0,Monitor
802,12507,Express,BPL,Bhopal Junction,SDAH,Sealdah,2026-02-23,07:15,0,On Time,No Delay,1427,82,12,Clear,32,4875,28,Low,0,0,0,2,Monitor
803,12249,Duronto,KOTA,Kota Junction,BCT,Mumbai Central,2026-07-25,08:45,0,On Time,No Delay,1183,69,18,Cloudy,37,6917,25,Low,1,0,0,9,Monitor
804,14217,Rajdhani,MAS,Chennai Central,ALD,Prayagraj Junction,2026-01-11,15:15,0,On Time,No Delay,932,62,10,Cloudy,17,7056,22,Low,0,0,0,7,Monitor
805,14082,Duronto,NDLS,New Delhi,PUNE,Pune Junction,2026-08-12,06:45,15,Delayed,Weather,991,76,8,Cloudy,42,7493,30,Low,0,0,1,25,Monitor
806,12132,Duronto,SDAH,Sealdah,VSKP,Visakhapatnam,2026-02-20,09:30,999,Cancelled,Signal Failure,897,78,15,Clear,43,6633,100,Critical,0,0,1,999,Escalate to operations command
807,14206,Express,PNBE,Patna Junction,GKP,Gorakhpur,2026-09-12,00:45,0,On Time,No Delay,815,83,4,Clear,18,9501,27,Low,0,0,0,0,Monitor
808,14659,Superfast,BPL,Bhopal Junction,LKO,Lucknow Charbagh,2026-09-24,23:00,35,Delayed,Late Incoming Train,1379,71,4,Clear,42,7482,41,Medium,0,0,0,45,Notify station control
809,13085,Express,SDAH,Sealdah,NGP,Nagpur Junction,2026-07-19,06:45,30,At Risk,Crew Delay,370,67,8,Clear,15,1021,34,Low,0,0,0,25,Monitor
810,14473,Garib Rath,SDAH,Sealdah,VSKP,Visakhapatnam,2026-08-06,21:45,0,Completed,No Delay,315,67,6,Clear,41,913,22,Low,0,0,0,10,Monitor
811,14144,Sampark Kranti,HWH,Howrah Junction,CSTM,Mumbai CSMT,2026-04-08,00:45,45,At Risk,Weather,1361,46,11,Fog,34,760,47,Medium,1,0,0,44,Notify station control
812,13066,Garib Rath,BBS,Bhubaneswar,ADI,Ahmedabad Junction,2026-04-15,04:00,60,Delayed,Weather,707,64,4,Clear,40,2724,47,Medium,0,0,1,62,Notify station control
813,13153,Intercity,ALD,Prayagraj Junction,PNBE,Patna Junction,2026-03-14,15:00,0,On Time,No Delay,346,76,3,Clear,38,5443,23,Low,0,0,1,8,Monitor
814,12340,Vande Bharat,LKO,Lucknow Charbagh,BPL,Bhopal Junction,2026-04-20,05:30,120,Delayed,Platform Change,1385,96,7,Heatwave,26,7346,80,High,0,1,1,122,Reallocate platform and crew
815,14549,Shatabdi,MAS,Chennai Central,CNB,Kanpur Central,2026-08-06,01:15,0,On Time,No Delay,1690,94,16,Clear,42,1812,34,Low,0,1,0,0,Monitor
816,13186,Sampark Kranti,JP,Jaipur Junction,BPL,Bhopal Junction,2026-04-26,05:45,0,On Time,No Delay,814,76,11,Clear,17,938,28,Low,0,0,0,0,Monitor
817,12876,Garib Rath,BBS,Bhubaneswar,HWH,Howrah Junction,2026-05-02,12:30,10,Delayed,Weather,463,94,9,Fog,19,738,50,Medium,0,1,0,8,Notify station control
818,14146,Jan Shatabdi,MAS,Chennai Central,PNBE,Patna Junction,2026-04-15,04:15,0,On Time,No Delay,1001,84,14,Rain,39,4152,32,Low,0,0,0,4,Monitor
819,12176,Shatabdi,BCT,Mumbai Central,HWH,Howrah Junction,2026-07-04,20:30,0,On Time,No Delay,438,79,11,Storm,36,5542,41,Medium,0,0,1,2,Notify station control
820,12147,Duronto,SBC,KSR Bengaluru City,PNBE,Patna Junction,2026-07-26,22:30,0,On Time,No Delay,280,80,2,Clear,40,4431,27,Low,0,0,1,0,Monitor
821,13096,Intercity,VSKP,Visakhapatnam,SDAH,Sealdah,2026-04-24,05:45,18,Delayed,Technical Fault,693,61,11,Clear,18,988,26,Low,1,0,0,20,Monitor
822,13192,Superfast,BCT,Mumbai Central,NDLS,New Delhi,2026-09-19,19:15,45,At Risk,Track Obstruction,1168,84,17,Clear,20,3758,42,Medium,0,0,1,50,Notify station control
823,14193,Sampark Kranti,NGP,Nagpur Junction,BCT,Mumbai Central,2026-04-15,08:30,90,Delayed,Congestion,216,58,3,Clear,29,7136,56,Medium,0,0,1,92,Notify station control
824,14533,Intercity,BCT,Mumbai Central,ADI,Ahmedabad Junction,2026-01-03,08:45,0,On Time,No Delay,263,87,8,Cloudy,44,7660,27,Low,0,0,1,7,Monitor
825,12999,Sampark Kranti,NDLS,New Delhi,ALD,Prayagraj Junction,2026-09-21,06:00,120,Delayed,Weather,1273,69,4,Storm,41,4147,81,High,0,0,1,125,Reallocate platform and crew
826,13083,Vande Bharat,NGP,Nagpur Junction,CSTM,Mumbai CSMT,2026-07-07,23:15,0,Completed,No Delay,445,65,9,Clear,19,5089,26,Low,0,0,0,3,Monitor
827,12940,Jan Shatabdi,CNB,Kanpur Central,HWH,Howrah Junction,2026-02-17,17:45,10,Delayed,Technical Fault,428,76,8,Clear,16,4724,28,Low,1,0,0,8,Monitor
828,14286,Sampark Kranti,PNBE,Patna Junction,HWH,Howrah Junction,2026-01-20,02:00,0,On Time,No Delay,1795,75,3,Clear,25,3190,26,Low,1,1,0,1,Monitor
829,13021,Jan Shatabdi,MAS,Chennai Central,SDAH,Sealdah,2026-04-20,20:45,20,At Risk,Congestion,241,68,14,Cloudy,17,8695,35,Low,0,0,0,27,Monitor
830,12785,Express,GKP,Gorakhpur,CSTM,Mumbai CSMT,2026-06-01,21:30,90,Delayed,Congestion,587,88,2,Clear,15,7720,61,Medium,1,0,1,85,Notify station control
831,12041,Express,LKO,Lucknow Charbagh,VSKP,Visakhapatnam,2026-06-08,09:45,0,On Time,No Delay,1397,50,5,Fog,29,586,33,Low,0,0,0,5,Monitor
832,12308,Garib Rath,JP,Jaipur Junction,BCT,Mumbai Central,2026-05-24,09:45,15,Delayed,Platform Change,493,72,9,Rain,24,7050,27,Low,0,0,1,21,Monitor
833,12942,Duronto,NDLS,New Delhi,BCT,Mumbai Central,2026-01-09,09:00,15,At Risk,Track Obstruction,922,100,11,Heatwave,24,2327,36,Low,0,1,0,16,Monitor
834,14439,Jan Shatabdi,ALD,Prayagraj Junction,KOTA,Kota Junction,2026-02-19,00:00,12,Delayed,Signal Failure,818,100,14,Heatwave,16,5760,35,Low,0,1,0,8,Monitor
835,14247,Intercity,BBS,Bhubaneswar,BCT,Mumbai Central,2026-09-08,13:00,30,Delayed,Late Incoming Train,687,83,4,Clear,34,575,40,Medium,0,0,0,31,Notify station control
836,14594,Vande Bharat,PNBE,Patna Junction,ADI,Ahmedabad Junction,2026-07-19,09:30,25,Delayed,Crew Delay,1435,80,13,Clear,20,8947,35,Low,0,0,1,31,Monitor
837,14033,Sampark Kranti,PUNE,Pune Junction,HWH,Howrah Junction,2026-04-08,23:00,12,Delayed,Crew Delay,1709,75,6,Clear,40,9806,28,Low,0,1,0,14,Monitor
838,12428,Garib Rath,CSTM,Mumbai CSMT,NGP,Nagpur Junction,2026-06-07,14:15,0,Completed,No Delay,1514,83,7,Cloudy,36,2114,32,Low,0,1,0,0,Monitor
839,13142,Intercity,SDAH,Sealdah,HWH,Howrah Junction,2026-08-09,13:00,0,On Time,No Delay,743,66,5,Cloudy,20,6676,23,Low,0,0,1,1,Monitor
840,14060,Duronto,ADI,Ahmedabad Junction,NDLS,New Delhi,2026-03-10,08:15,0,On Time,No Delay,302,79,15,Fog,30,376,37,Low,0,0,0,8,Monitor
841,14298,Jan Shatabdi,NGP,Nagpur Junction,NDLS,New Delhi,2026-04-15,04:00,0,On Time,No Delay,800,65,9,Cloudy,40,8112,23,Low,0,0,1,3,Monitor
842,13229,Jan Shatabdi,PUNE,Pune Junction,PNBE,Patna Junction,2026-02-19,03:15,15,Delayed,Congestion,1249,63,9,Clear,36,1919,27,Low,0,0,0,19,Monitor
843,12797,Jan Shatabdi,JP,Jaipur Junction,ADI,Ahmedabad Junction,2026-03-04,23:30,18,At Risk,Late Incoming Train,186,77,18,Cloudy,27,9605,32,Low,0,0,0,13,Monitor
844,12876,Vande Bharat,NGP,Nagpur Junction,ADI,Ahmedabad Junction,2026-08-25,07:30,45,Delayed,Maintenance Work,1459,78,7,Clear,42,4312,43,Medium,0,0,0,41,Notify station control
845,14072,Rajdhani,BBS,Bhubaneswar,PUNE,Pune Junction,2026-03-08,23:15,12,Delayed,Technical Fault,653,72,15,Cloudy,27,9065,33,Low,0,0,1,9,Monitor
846,12305,Garib Rath,SBC,KSR Bengaluru City,BPL,Bhopal Junction,2026-04-20,03:00,0,On Time,No Delay,426,78,9,Cloudy,34,9944,27,Low,0,0,0,1,Monitor
847,12706,Express,ADI,Ahmedabad Junction,GKP,Gorakhpur,2026-05-01,13:30,18,Delayed,Signal Failure,1182,80,14,Rain,42,5718,31,Low,1,0,0,15,Monitor
848,14490,Duronto,CNB,Kanpur Central,BBS,Bhubaneswar,2026-01-24,05:15,0,On Time,No Delay,1464,66,1,Clear,35,4809,22,Low,0,0,0,0,Monitor
849,12438,Express,SBC,KSR Bengaluru City,PUNE,Pune Junction,2026-03-16,12:00,0,On Time,No Delay,1446,80,7,Clear,25,5208,31,Low,0,0,0,8,Monitor
850,12169,Duronto,MAS,Chennai Central,BPL,Bhopal Junction,2026-03-09,22:30,75,Delayed,Technical Fault,613,81,3,Clear,18,7100,53,Medium,0,0,1,83,Notify station control
851,14669,Sampark Kranti,VSKP,Visakhapatnam,MAS,Chennai Central,2026-07-10,12:45,0,On Time,No Delay,532,55,9,Clear,24,4563,23,Low,0,0,0,1,Monitor
852,12389,Duronto,CSTM,Mumbai CSMT,KOTA,Kota Junction,2026-03-02,16:15,999,Cancelled,Late Incoming Train,411,58,18,Rain,29,6765,100,Critical,1,0,1,999,Escalate to operations command
853,12431,Rajdhani,ALD,Prayagraj Junction,PUNE,Pune Junction,2026-07-16,06:15,10,Delayed,Late Incoming Train,351,66,9,Clear,22,5740,29,Low,0,0,0,9,Monitor
854,14319,Sampark Kranti,PUNE,Pune Junction,CSTM,Mumbai CSMT,2026-01-02,00:00,75,Delayed,Late Incoming Train,344,91,11,Rain,28,2997,61,Medium,0,1,1,78,Notify station control
855,12242,Duronto,NDLS,New Delhi,BCT,Mumbai Central,2026-06-13,21:00,10,At Risk,Crew Delay,1164,82,18,Clear,34,6387,28,Low,0,0,0,5,Monitor
856,12934,Duronto,PNBE,Patna Junction,JP,Jaipur Junction,2026-05-17,19:00,0,On Time,No Delay,1409,74,18,Fog,29,374,38,Low,0,0,0,0,Monitor
857,14206,Jan Shatabdi,LKO,Lucknow Charbagh,NGP,Nagpur Junction,2026-09-05,12:45,5,Delayed,Signal Failure,185,59,13,Clear,25,5894,21,Low,1,0,0,11,Monitor
858,12753,Duronto,GKP,Gorakhpur,HWH,Howrah Junction,2026-01-18,22:00,25,At Risk,Weather,1534,49,2,Storm,25,5381,45,Medium,1,1,1,25,Notify station control
859,14027,Vande Bharat,BBS,Bhubaneswar,BCT,Mumbai Central,2026-01-09,01:00,0,On Time,No Delay,1323,62,1,Fog,38,719,38,Low,0,0,0,0,Monitor
860,14316,Jan Shatabdi,BPL,Bhopal Junction,ADI,Ahmedabad Junction,2026-09-07,12:15,0,Completed,No Delay,715,79,9,Rain,44,3207,28,Low,0,0,0,10,Monitor
861,13235,Vande Bharat,PNBE,Patna Junction,CSTM,Mumbai CSMT,2026-03-01,07:45,0,On Time,No Delay,1606,57,6,Clear,30,9662,24,Low,0,1,0,4,Monitor
862,14356,Vande Bharat,SDAH,Sealdah,BPL,Bhopal Junction,2026-03-12,11:30,0,On Time,No Delay,695,89,3,Storm,28,968,45,Medium,0,0,1,7,Notify station control
863,13230,Superfast,BCT,Mumbai Central,SBC,KSR Bengaluru City,2026-05-28,09:00,0,On Time,No Delay,781,86,1,Rain,35,1686,29,Low,0,0,1,7,Monitor
864,13131,Jan Shatabdi,PUNE,Pune Junction,HWH,Howrah Junction,2026-05-22,20:00,18,Delayed,Weather,859,100,5,Fog,28,704,55,Medium,0,1,0,14,Notify station control
865,12628,Vande Bharat,JP,Jaipur Junction,PUNE,Pune Junction,2026-02-03,03:45,0,Completed,No Delay,577,81,11,Fog,42,805,37,Low,0,0,0,7,Monitor
866,12370,Rajdhani,PNBE,Patna Junction,VSKP,Visakhapatnam,2026-01-14,01:00,20,Delayed,Track Obstruction,1472,65,7,Clear,29,3851,28,Low,0,0,0,27,Monitor
867,14298,Superfast,CSTM,Mumbai CSMT,ALD,Prayagraj Junction,2026-01-19,03:30,0,Completed,No Delay,1205,92,17,Clear,42,437,26,Low,0,1,0,0,Monitor
868,14417,Sampark Kranti,NGP,Nagpur Junction,HWH,Howrah Junction,2026-07-01,19:15,5,Delayed,Platform Change,863,55,16,Clear,34,8448,21,Low,1,0,0,9,Monitor
869,14645,Duronto,BPL,Bhopal Junction,CNB,Kanpur Central,2026-04-13,16:45,999,Cancelled,Track Obstruction,432,90,10,Clear,17,9134,100,Critical,0,1,1,999,Escalate to operations command
870,14518,Intercity,LKO,Lucknow Charbagh,NDLS,New Delhi,2026-08-09,10:30,0,On Time,No Delay,502,60,7,Fog,33,696,35,Low,0,0,0,0,Monitor
871,12233,Rajdhani,NGP,Nagpur Junction,CSTM,Mumbai CSMT,2026-07-14,13:00,35,Delayed,Late Incoming Train,1014,80,12,Clear,34,648,44,Medium,0,0,1,40,Notify station control
872,12396,Duronto,PNBE,Patna Junction,HWH,Howrah Junction,2026-01-13,04:45,5,Delayed,Crew Delay,293,74,17,Heatwave,42,3628,27,Low,0,0,0,12,Monitor
873,12613,Duronto,CSTM,Mumbai CSMT,CNB,Kanpur Central,2026-09-21,04:15,30,At Risk,Congestion,286,83,6,Heatwave,27,9672,36,Low,0,0,1,40,Monitor
874,12996,Rajdhani,PNBE,Patna Junction,ADI,Ahmedabad Junction,2026-04-16,21:15,0,On Time,No Delay,1315,59,1,Clear,39,8947,22,Low,0,0,0,1,Monitor
875,12630,Superfast,NGP,Nagpur Junction,BCT,Mumbai Central,2026-03-01,22:45,12,Delayed,Congestion,1104,74,2,Clear,30,6333,32,Low,0,0,0,9,Monitor
876,12552,Sampark Kranti,ADI,Ahmedabad Junction,KOTA,Kota Junction,2026-09-10,04:30,75,At Risk,Platform Change,1778,73,10,Rain,40,9355,56,Medium,0,1,1,84,Notify station control
877,14532,Duronto,GKP,Gorakhpur,BPL,Bhopal Junction,2026-05-25,04:45,0,On Time,No Delay,223,80,7,Clear,44,3169,25,Low,0,0,0,0,Monitor
878,14408,Intercity,BPL,Bhopal Junction,KOTA,Kota Junction,2026-03-24,06:30,5,Delayed,Weather,497,44,13,Storm,34,2228,32,Low,0,0,1,13,Monitor
879,14378,Vande Bharat,ALD,Prayagraj Junction,PUNE,Pune Junction,2026-06-14,21:00,0,On Time,No Delay,920,57,17,Rain,18,9493,25,Low,0,0,0,0,Monitor
880,14656,Superfast,SDAH,Sealdah,KOTA,Kota Junction,2026-07-22,08:00,0,On Time,No Delay,1785,50,5,Heavy Rain,26,9974,35,Low,1,1,0,6,Monitor
881,14549,Superfast,ALD,Prayagraj Junction,BPL,Bhopal Junction,2026-06-25,03:30,0,On Time,No Delay,623,93,14,Clear,17,2687,34,Low,1,1,0,1,Monitor
882,13270,Duronto,SBC,KSR Bengaluru City,JP,Jaipur Junction,2026-04-01,00:45,0,On Time,No Delay,816,77,17,Heavy Rain,22,964,43,Medium,0,0,1,0,Notify station control
883,13209,Rajdhani,KOTA,Kota Junction,BPL,Bhopal Junction,2026-07-17,01:30,0,On Time,No Delay,972,70,7,Storm,40,5786,41,Medium,0,0,0,0,Notify station control
884,14610,Superfast,CSTM,Mumbai CSMT,LKO,Lucknow Charbagh,2026-06-08,20:30,0,On Time,No Delay,542,75,17,Clear,20,9843,26,Low,0,0,0,8,Monitor
885,14257,Express,ADI,Ahmedabad Junction,NDLS,New Delhi,2026-01-18,02:45,60,Delayed,Maintenance Work,466,72,14,Clear,35,2430,49,Medium,0,0,1,59,Notify station control
886,12121,Sampark Kranti,BBS,Bhubaneswar,BPL,Bhopal Junction,2026-04-07,14:15,10,Delayed,Weather,226,50,13,Rain,43,8884,26,Low,0,0,0,13,Monitor
887,13046,Duronto,CSTM,Mumbai CSMT,MAS,Chennai Central,2026-03-01,12:00,0,On Time,No Delay,1001,90,3,Heatwave,28,474,28,Low,0,1,0,0,Monitor
888,12766,Superfast,PUNE,Pune Junction,VSKP,Visakhapatnam,2026-09-10,09:30,0,On Time,No Delay,1354,87,12,Cloudy,26,2286,27,Low,0,0,0,1,Monitor
889,12575,Superfast,GKP,Gorakhpur,BCT,Mumbai Central,2026-04-22,08:00,0,On Time,No Delay,782,35,4,Fog,27,362,27,Low,0,0,1,0,Monitor
890,14414,Duronto,BPL,Bhopal Junction,PNBE,Patna Junction,2026-08-27,18:15,999,Cancelled,Technical Fault,562,73,3,Rain,14,2945,100,Critical,0,0,1,999,Escalate to operations command
891,12867,Intercity,HWH,Howrah Junction,PUNE,Pune Junction,2026-02-28,16:15,0,On Time,No Delay,1684,88,15,Cloudy,21,7279,34,Low,1,1,0,2,Monitor
892,14004,Superfast,ALD,Prayagraj Junction,LKO,Lucknow Charbagh,2026-08-16,22:00,0,On Time,No Delay,1693,52,1,Rain,29,9943,21,Low,0,1,0,8,Monitor
893,12752,Jan Shatabdi,BPL,Bhopal Junction,PNBE,Patna Junction,2026-06-11,21:15,15,At Risk,Weather,927,77,5,Fog,16,754,48,Medium,0,0,0,15,Notify station control
894,13102,Superfast,CSTM,Mumbai CSMT,NGP,Nagpur Junction,2026-03-11,18:45,90,Delayed,Weather,1009,61,5,Heatwave,37,1493,57,Medium,0,0,1,90,Notify station control
895,14476,Jan Shatabdi,VSKP,Visakhapatnam,BCT,Mumbai Central,2026-09-14,23:30,30,At Risk,Late Incoming Train,771,82,6,Clear,18,919,43,Medium,0,0,0,35,Notify station control
896,12439,Sampark Kranti,PNBE,Patna Junction,JP,Jaipur Junction,2026-08-21,17:45,0,On Time,No Delay,1228,46,18,Rain,34,1381,21,Low,0,0,0,0,Monitor
897,12246,Duronto,BCT,Mumbai Central,BBS,Bhubaneswar,2026-08-16,19:45,0,On Time,No Delay,1096,68,6,Cloudy,14,7705,23,Low,0,0,0,7,Monitor
898,12480,Sampark Kranti,BPL,Bhopal Junction,GKP,Gorakhpur,2026-09-11,21:00,0,Completed,No Delay,1651,82,5,Cloudy,40,2421,27,Low,0,1,0,1,Monitor
899,12748,Rajdhani,BPL,Bhopal Junction,MAS,Chennai Central,2026-03-09,17:15,5,Delayed,Congestion,1727,90,11,Rain,35,7781,33,Low,0,1,0,1,Monitor
900,12833,Duronto,LKO,Lucknow Charbagh,BPL,Bhopal Junction,2026-03-22,17:30,0,Completed,No Delay,1395,75,13,Clear,20,2599,25,Low,0,0,0,4,Monitor
901,12670,Sampark Kranti,BPL,Bhopal Junction,PUNE,Pune Junction,2026-06-13,05:15,0,Completed,No Delay,516,74,11,Clear,19,9033,29,Low,0,0,0,5,Monitor
902,12789,Vande Bharat,BPL,Bhopal Junction,KOTA,Kota Junction,2026-06-12,00:45,0,On Time,No Delay,1585,98,12,Cloudy,17,3962,36,Low,1,1,1,0,Monitor
903,13272,Superfast,PNBE,Patna Junction,ADI,Ahmedabad Junction,2026-09-27,18:00,0,On Time,No Delay,1178,77,9,Clear,21,424,24,Low,1,0,0,4,Monitor
904,14662,Duronto,HWH,Howrah Junction,PNBE,Patna Junction,2026-04-13,09:00,0,On Time,No Delay,1623,63,11,Cloudy,32,4166,22,Low,0,1,0,0,Monitor
905,14114,Superfast,LKO,Lucknow Charbagh,JP,Jaipur Junction,2026-06-02,00:30,20,At Risk,Technical Fault,929,68,14,Clear,29,8893,29,Low,1,0,1,22,Monitor
906,12999,Shatabdi,SDAH,Sealdah,HWH,Howrah Junction,2026-03-25,15:00,0,On Time,No Delay,1115,68,13,Clear,33,8970,21,Low,1,0,0,10,Monitor
907,12431,Jan Shatabdi,ADI,Ahmedabad Junction,BPL,Bhopal Junction,2026-05-10,05:15,45,Delayed,Technical Fault,857,44,14,Clear,27,1256,34,Low,1,0,1,53,Monitor
908,14344,Garib Rath,BBS,Bhubaneswar,LKO,Lucknow Charbagh,2026-02-26,22:45,40,Delayed,Platform Change,924,64,11,Rain,39,5019,36,Low,0,0,0,39,Monitor
909,12401,Rajdhani,LKO,Lucknow Charbagh,NDLS,New Delhi,2026-02-07,00:30,0,On Time,No Delay,942,63,8,Heavy Rain,16,4173,32,Low,0,0,0,0,Monitor
910,12167,Vande Bharat,LKO,Lucknow Charbagh,PNBE,Patna Junction,2026-08-05,15:15,75,Delayed,Technical Fault,1576,60,4,Cloudy,23,5268,49,Medium,1,1,1,82,Notify station control
911,14193,Garib Rath,NGP,Nagpur Junction,BBS,Bhubaneswar,2026-03-23,17:00,15,Delayed,Technical Fault,930,100,6,Rain,43,6342,37,Low,0,1,0,16,Monitor
912,12217,Vande Bharat,SDAH,Sealdah,PUNE,Pune Junction,2026-08-06,06:45,5,Delayed,Track Obstruction,300,40,13,Cloudy,37,432,16,Low,1,0,0,7,Monitor
913,14422,Express,CNB,Kanpur Central,NDLS,New Delhi,2026-08-05,12:15,0,On Time,No Delay,1542,50,12,Rain,29,7906,19,Low,0,1,0,3,Monitor
914,13019,Sampark Kranti,GKP,Gorakhpur,BCT,Mumbai Central,2026-01-18,05:45,0,On Time,No Delay,1551,83,15,Fog,26,753,41,Medium,0,1,1,2,Notify station control
915,12509,Express,HWH,Howrah Junction,PNBE,Patna Junction,2026-07-06,03:45,20,Delayed,Crew Delay,1336,54,1,Clear,24,3278,26,Low,1,0,0,19,Monitor
916,12282,Garib Rath,LKO,Lucknow Charbagh,KOTA,Kota Junction,2026-06-18,09:30,0,On Time,No Delay,664,43,6,Cloudy,24,6258,21,Low,1,0,0,2,Monitor
917,14293,Express,NGP,Nagpur Junction,HWH,Howrah Junction,2026-02-06,14:45,120,At Risk,Platform Change,773,76,11,Clear,22,4459,73,High,1,0,1,130,Reallocate platform and crew
918,14523,Express,NDLS,New Delhi,SBC,KSR Bengaluru City,2026-06-05,18:15,0,On Time,No Delay,684,78,15,Clear,38,8934,27,Low,0,0,1,0,Monitor
919,12087,Shatabdi,SDAH,Sealdah,MAS,Chennai Central,2026-08-17,16:45,0,On Time,No Delay,1673,83,18,Clear,20,3138,24,Low,0,1,1,0,Monitor
920,13186,Jan Shatabdi,CNB,Kanpur Central,SBC,KSR Bengaluru City,2026-05-10,07:45,0,On Time,No Delay,1275,47,13,Clear,43,1297,23,Low,0,0,0,0,Monitor
921,14542,Shatabdi,CSTM,Mumbai CSMT,KOTA,Kota Junction,2026-01-03,09:15,45,Delayed,Weather,610,89,3,Fog,14,877,56,Medium,1,0,0,45,Notify station control
922,14325,Rajdhani,BBS,Bhubaneswar,ADI,Ahmedabad Junction,2026-01-21,04:15,20,Delayed,Platform Change,1142,61,3,Heatwave,20,8489,27,Low,0,0,1,18,Monitor
923,12516,Express,HWH,Howrah Junction,PUNE,Pune Junction,2026-03-02,03:00,0,On Time,No Delay,465,95,3,Rain,17,2146,31,Low,0,1,0,7,Monitor
924,13085,Jan Shatabdi,VSKP,Visakhapatnam,SDAH,Sealdah,2026-09-01,21:15,25,At Risk,Crew Delay,255,82,10,Clear,32,3453,37,Low,0,0,0,32,Monitor
925,14314,Duronto,VSKP,Visakhapatnam,JP,Jaipur Junction,2026-03-05,19:30,35,At Risk,Track Obstruction,762,94,13,Clear,34,8898,41,Medium,0,1,0,40,Notify station control
926,12076,Vande Bharat,BPL,Bhopal Junction,SDAH,Sealdah,2026-03-25,22:45,45,At Risk,Weather,1657,78,13,Storm,40,1381,59,Medium,0,1,0,40,Notify station control
927,12759,Shatabdi,NDLS,New Delhi,SDAH,Sealdah,2026-03-01,04:45,0,On Time,No Delay,915,58,13,Clear,23,2435,20,Low,0,0,0,0,Monitor
928,12347,Sampark Kranti,BCT,Mumbai Central,VSKP,Visakhapatnam,2026-07-14,18:00,0,On Time,No Delay,1193,70,9,Clear,15,3025,26,Low,0,0,0,0,Monitor
929,12417,Garib Rath,NGP,Nagpur Junction,PUNE,Pune Junction,2026-01-20,11:45,12,Delayed,Weather,504,86,1,Clear,21,4976,30,Low,0,0,0,14,Monitor
930,14148,Intercity,BBS,Bhubaneswar,KOTA,Kota Junction,2026-04-09,15:00,999,Cancelled,Congestion,1086,55,12,Cloudy,25,4970,100,Critical,0,0,1,999,Escalate to operations command
931,14156,Rajdhani,SDAH,Sealdah,JP,Jaipur Junction,2026-02-15,12:30,0,On Time,No Delay,1755,95,4,Cloudy,15,3695,27,Low,1,1,0,8,Monitor
932,12555,Jan Shatabdi,CSTM,Mumbai CSMT,PNBE,Patna Junction,2026-01-15,02:15,0,On Time,No Delay,379,93,12,Clear,28,2059,28,Low,0,1,0,0,Monitor
933,14058,Shatabdi,PNBE,Patna Junction,BCT,Mumbai Central,2026-07-06,03:15,0,On Time,No Delay,649,56,10,Cloudy,25,8994,20,Low,0,0,0,10,Monitor
934,14556,Duronto,NDLS,New Delhi,BCT,Mumbai Central,2026-08-01,06:00,0,On Time,No Delay,1565,100,12,Fog,28,516,47,Medium,1,1,0,8,Notify station control
935,13026,Vande Bharat,ALD,Prayagraj Junction,NDLS,New Delhi,2026-09-08,04:45,18,Delayed,Weather,700,92,14,Fog,40,232,46,Medium,1,1,0,24,Notify station control
936,12135,Intercity,NDLS,New Delhi,CSTM,Mumbai CSMT,2026-08-22,14:00,0,On Time,No Delay,856,49,1,Clear,38,1411,23,Low,0,0,1,0,Monitor
937,12096,Garib Rath,ADI,Ahmedabad Junction,BCT,Mumbai Central,2026-05-21,19:45,10,Delayed,Weather,1355,87,3,Fog,24,883,42,Medium,0,0,0,6,Notify station control
938,14282,Vande Bharat,BPL,Bhopal Junction,ALD,Prayagraj Junction,2026-07-04,04:15,20,Delayed,Maintenance Work,1583,76,4,Cloudy,40,7092,33,Low,0,1,1,24,Monitor
939,12163,Express,BBS,Bhubaneswar,JP,Jaipur Junction,2026-01-03,22:30,25,Delayed,Technical Fault,1740,71,17,Clear,35,9982,36,Low,0,1,1,29,Monitor
940,12404,Vande Bharat,MAS,Chennai Central,VSKP,Visakhapatnam,2026-05-04,17:00,90,Delayed,Weather,531,84,4,Fog,16,500,70,High,0,0,1,90,Reallocate platform and crew
941,14674,Jan Shatabdi,PUNE,Pune Junction,BPL,Bhopal Junction,2026-09-13,08:30,90,Delayed,Track Obstruction,351,100,18,Heatwave,30,9928,65,High,0,1,1,85,Reallocate platform and crew
942,12598,Shatabdi,ALD,Prayagraj Junction,SDAH,Sealdah,2026-01-26,00:30,45,Delayed,Crew Delay,1349,70,15,Cloudy,30,6424,42,Medium,1,0,0,40,Notify station control
943,14061,Superfast,ALD,Prayagraj Junction,BCT,Mumbai Central,2026-05-26,05:45,10,Delayed,Weather,566,71,13,Fog,16,862,43,Medium,0,0,1,7,Notify station control
944,12460,Intercity,ALD,Prayagraj Junction,PNBE,Patna Junction,2026-02-26,18:45,120,Delayed,Signal Failure,727,80,2,Rain,32,6110,70,High,0,0,1,118,Reallocate platform and crew
945,14006,Express,HWH,Howrah Junction,BPL,Bhopal Junction,2026-06-04,14:45,999,Cancelled,Weather,1560,94,18,Clear,21,5760,100,Critical,0,1,1,999,Escalate to operations command
946,12178,Intercity,MAS,Chennai Central,LKO,Lucknow Charbagh,2026-08-17,09:15,35,At Risk,Weather,965,61,18,Fog,21,817,46,Medium,0,0,0,43,Notify station control
947,12020,Jan Shatabdi,CSTM,Mumbai CSMT,BBS,Bhubaneswar,2026-05-18,12:15,0,On Time,No Delay,507,89,8,Clear,40,6962,28,Low,0,0,0,0,Monitor
948,14018,Garib Rath,KOTA,Kota Junction,BCT,Mumbai Central,2026-02-10,02:15,0,On Time,No Delay,1721,74,17,Clear,28,9733,22,Low,0,1,0,8,Monitor
949,12746,Sampark Kranti,HWH,Howrah Junction,KOTA,Kota Junction,2026-01-09,10:00,18,Delayed,Weather,1643,66,16,Storm,37,6978,39,Low,0,1,0,23,Monitor
950,12022,Superfast,BPL,Bhopal Junction,LKO,Lucknow Charbagh,2026-01-28,06:30,999,Cancelled,Maintenance Work,476,82,9,Rain,17,1895,100,Critical,0,0,1,999,Escalate to operations command
951,14554,Intercity,ADI,Ahmedabad Junction,NDLS,New Delhi,2026-07-15,17:15,120,At Risk,Maintenance Work,1710,92,9,Rain,33,9118,77,High,0,1,1,116,Reallocate platform and crew
952,12257,Garib Rath,HWH,Howrah Junction,JP,Jaipur Junction,2026-05-18,13:15,0,On Time,No Delay,394,83,8,Fog,40,414,42,Medium,0,0,1,0,Notify station control
953,14671,Express,GKP,Gorakhpur,BPL,Bhopal Junction,2026-02-04,19:15,0,On Time,No Delay,1341,63,3,Cloudy,24,5875,25,Low,0,0,0,3,Monitor
954,12188,Express,KOTA,Kota Junction,MAS,Chennai Central,2026-01-08,19:45,0,Completed,No Delay,961,100,2,Clear,25,2157,29,Low,0,1,1,10,Monitor
955,13032,Intercity,SBC,KSR Bengaluru City,VSKP,Visakhapatnam,2026-01-20,20:30,0,Completed,No Delay,384,64,12,Cloudy,33,1214,23,Low,0,0,0,10,Monitor
956,14375,Garib Rath,SDAH,Sealdah,LKO,Lucknow Charbagh,2026-07-02,10:45,0,On Time,No Delay,950,74,13,Clear,35,4788,29,Low,0,0,1,8,Monitor
957,12040,Superfast,ADI,Ahmedabad Junction,MAS,Chennai Central,2026-09-26,19:00,45,Delayed,Maintenance Work,876,72,15,Cloudy,39,5354,45,Medium,0,0,0,50,Notify station control
958,12748,Garib Rath,NGP,Nagpur Junction,SDAH,Sealdah,2026-06-20,19:30,60,At Risk,Weather,1757,75,14,Heavy Rain,24,5038,57,Medium,0,1,1,58,Notify station control
959,12089,Intercity,PUNE,Pune Junction,BCT,Mumbai Central,2026-03-25,10:00,0,On Time,No Delay,538,81,15,Clear,27,8137,30,Low,0,0,1,10,Monitor
960,12311,Duronto,BPL,Bhopal Junction,NDLS,New Delhi,2026-01-01,17:00,0,On Time,No Delay,369,83,12,Storm,43,8547,44,Medium,1,0,1,3,Notify station control
961,14567,Intercity,HWH,Howrah Junction,PNBE,Patna Junction,2026-03-23,13:30,120,Delayed,Weather,581,82,12,Storm,28,523,88,Critical,0,0,1,123,Escalate to operations command
962,12219,Shatabdi,MAS,Chennai Central,VSKP,Visakhapatnam,2026-07-28,17:00,0,Completed,No Delay,1262,69,9,Clear,21,8143,24,Low,0,0,0,2,Monitor
963,13182,Duronto,VSKP,Visakhapatnam,GKP,Gorakhpur,2026-05-02,01:45,0,On Time,No Delay,1232,79,18,Clear,36,4110,28,Low,0,0,0,5,Monitor
964,13137,Express,ADI,Ahmedabad Junction,LKO,Lucknow Charbagh,2026-09-20,23:45,0,On Time,No Delay,583,82,3,Clear,17,2592,26,Low,0,0,0,0,Monitor
965,14157,Intercity,KOTA,Kota Junction,CSTM,Mumbai CSMT,2026-06-23,00:00,25,At Risk,Technical Fault,1182,80,18,Rain,31,6517,39,Low,0,0,1,25,Monitor
966,12706,Garib Rath,CSTM,Mumbai CSMT,NGP,Nagpur Junction,2026-06-28,07:30,0,On Time,No Delay,247,84,13,Cloudy,33,4060,27,Low,0,0,0,0,Monitor
967,12366,Shatabdi,NDLS,New Delhi,CSTM,Mumbai CSMT,2026-06-09,08:45,60,At Risk,Late Incoming Train,766,70,14,Clear,25,3122,46,Medium,0,0,1,63,Notify station control
968,12669,Superfast,BCT,Mumbai Central,GKP,Gorakhpur,2026-02-05,17:45,120,Delayed,Crew Delay,1102,75,18,Cloudy,17,555,73,High,0,0,1,125,Reallocate platform and crew
969,12869,Intercity,PNBE,Patna Junction,ALD,Prayagraj Junction,2026-02-09,14:15,75,At Risk,Weather,1233,81,2,Storm,23,5452,68,High,0,0,1,74,Reallocate platform and crew
970,12705,Shatabdi,ADI,Ahmedabad Junction,NGP,Nagpur Junction,2026-03-17,07:15,60,At Risk,Technical Fault,728,45,5,Rain,42,3637,45,Medium,1,0,1,62,Notify station control
971,12415,Jan Shatabdi,GKP,Gorakhpur,HWH,Howrah Junction,2026-03-04,01:00,60,Delayed,Technical Fault,1340,78,17,Heatwave,43,1108,52,Medium,0,0,1,61,Notify station control
972,12723,Rajdhani,NDLS,New Delhi,SBC,KSR Bengaluru City,2026-07-04,00:00,0,On Time,No Delay,970,84,15,Rain,27,6516,25,Low,0,0,1,0,Monitor
973,13150,Shatabdi,JP,Jaipur Junction,SBC,KSR Bengaluru City,2026-08-09,13:15,0,On Time,No Delay,661,85,11,Heatwave,34,4297,31,Low,1,0,0,0,Monitor
974,12953,Sampark Kranti,SBC,KSR Bengaluru City,CNB,Kanpur Central,2026-03-01,11:30,0,On Time,No Delay,380,68,2,Rain,14,3553,27,Low,0,0,1,0,Monitor
975,13257,Shatabdi,LKO,Lucknow Charbagh,KOTA,Kota Junction,2026-06-10,02:00,0,On Time,No Delay,274,39,13,Heatwave,27,4701,14,Low,0,0,1,0,Monitor
976,12058,Jan Shatabdi,PUNE,Pune Junction,LKO,Lucknow Charbagh,2026-07-14,17:15,0,On Time,No Delay,1391,91,9,Clear,38,7991,26,Low,0,1,0,0,Monitor
977,12449,Jan Shatabdi,JP,Jaipur Junction,GKP,Gorakhpur,2026-09-22,21:45,60,At Risk,Maintenance Work,1787,86,14,Clear,31,9400,52,Medium,1,1,1,58,Notify station control
978,13104,Superfast,KOTA,Kota Junction,CSTM,Mumbai CSMT,2026-01-03,04:45,75,At Risk,Maintenance Work,338,77,15,Clear,42,6477,51,Medium,0,0,1,77,Notify station control
979,14374,Jan Shatabdi,CNB,Kanpur Central,BBS,Bhubaneswar,2026-09-11,03:45,18,At Risk,Weather,341,74,12,Clear,43,2580,29,Low,0,0,0,27,Monitor
980,12991,Shatabdi,BBS,Bhubaneswar,VSKP,Visakhapatnam,2026-07-05,13:30,15,Delayed,Platform Change,1413,75,6,Cloudy,39,1522,29,Low,0,0,0,14,Monitor
981,12478,Express,MAS,Chennai Central,SBC,KSR Bengaluru City,2026-05-12,15:00,0,On Time,No Delay,1100,98,9,Cloudy,37,6303,30,Low,0,1,0,0,Monitor
982,14317,Rajdhani,LKO,Lucknow Charbagh,VSKP,Visakhapatnam,2026-04-23,10:45,15,At Risk,Congestion,1197,83,1,Clear,36,9712,30,Low,0,0,1,11,Monitor
983,14122,Vande Bharat,ADI,Ahmedabad Junction,BCT,Mumbai Central,2026-02-16,16:15,30,At Risk,Weather,543,42,11,Fog,42,818,45,Medium,0,0,0,33,Notify station control
984,14131,Shatabdi,MAS,Chennai Central,JP,Jaipur Junction,2026-06-18,20:00,0,On Time,No Delay,977,75,18,Clear,43,6413,22,Low,0,0,0,10,Monitor
985,14548,Rajdhani,CSTM,Mumbai CSMT,SDAH,Sealdah,2026-08-02,18:15,90,Delayed,Weather,1525,84,3,Fog,37,124,77,High,0,1,1,96,Reallocate platform and crew
986,12160,Shatabdi,SBC,KSR Bengaluru City,BCT,Mumbai Central,2026-05-08,20:15,40,At Risk,Signal Failure,1170,80,9,Rain,42,1719,43,Medium,1,0,0,44,Notify station control
987,14153,Sampark Kranti,GKP,Gorakhpur,PNBE,Patna Junction,2026-08-07,09:00,20,Delayed,Weather,885,83,16,Fog,38,198,47,Medium,1,0,0,17,Notify station control
988,12134,Superfast,SBC,KSR Bengaluru City,CSTM,Mumbai CSMT,2026-06-15,08:15,0,On Time,No Delay,1329,84,13,Clear,21,3301,25,Low,0,0,0,9,Monitor
989,14068,Rajdhani,LKO,Lucknow Charbagh,SDAH,Sealdah,2026-09-17,06:30,0,On Time,No Delay,1297,53,15,Clear,20,9938,22,Low,0,0,0,2,Monitor
990,12749,Garib Rath,MAS,Chennai Central,CNB,Kanpur Central,2026-07-12,14:30,0,On Time,No Delay,277,85,11,Clear,24,1169,29,Low,0,0,0,9,Monitor
991,13151,Duronto,CNB,Kanpur Central,CSTM,Mumbai CSMT,2026-01-22,19:00,0,On Time,No Delay,199,60,11,Clear,42,5617,19,Low,0,0,0,0,Monitor
992,12213,Express,PUNE,Pune Junction,HWH,Howrah Junction,2026-01-22,22:15,60,At Risk,Signal Failure,471,65,11,Clear,39,5132,49,Medium,0,0,1,69,Notify station control
993,13292,Sampark Kranti,MAS,Chennai Central,NDLS,New Delhi,2026-06-26,18:30,0,On Time,No Delay,728,74,6,Clear,14,1654,28,Low,0,0,1,0,Monitor
994,12554,Rajdhani,BCT,Mumbai Central,NDLS,New Delhi,2026-01-15,09:00,0,On Time,No Delay,619,70,6,Clear,43,5985,28,Low,0,0,0,3,Monitor
995,14191,Vande Bharat,BBS,Bhubaneswar,HWH,Howrah Junction,2026-01-13,09:15,90,At Risk,Signal Failure,904,70,12,Cloudy,34,759,57,Medium,0,0,1,87,Notify station control
996,12689,Sampark Kranti,JP,Jaipur Junction,NDLS,New Delhi,2026-02-03,17:30,0,On Time,No Delay,438,56,2,Clear,42,3814,21,Low,1,0,0,0,Monitor
997,12784,Superfast,KOTA,Kota Junction,HWH,Howrah Junction,2026-01-12,12:00,999,Cancelled,Weather,888,76,12,Storm,35,9591,100,Critical,0,0,1,999,Escalate to operations command
998,14063,Sampark Kranti,BCT,Mumbai Central,CSTM,Mumbai CSMT,2026-08-16,08:00,0,Completed,No Delay,219,64,13,Clear,32,7320,27,Low,0,0,1,0,Monitor
999,14335,Duronto,PUNE,Pune Junction,PNBE,Patna Junction,2026-08-13,05:30,20,At Risk,Weather,808,42,12,Rain,41,3986,21,Low,0,0,1,15,Monitor
1000,12621,Superfast,LKO,Lucknow Charbagh,NDLS,New Delhi,2026-09-09,05:00,10,At Risk,Platform Change,821,57,9,Cloudy,18,6708,23,Low,0,0,1,14,Monitor
1001,12429,Vande Bharat,MAS,Chennai Central,KOTA,Kota Junction,2026-01-21,17:45,0,On Time,No Delay,322,100,2,Fog,34,511,48,Medium,0,1,0,0,Notify station control
1002,12702,Duronto,PNBE,Patna Junction,ADI,Ahmedabad Junction,2026-05-22,10:45,999,Cancelled,Platform Change,1089,78,8,Clear,39,2529,100,Critical,0,0,1,999,Escalate to operations command
1003,14470,Express,LKO,Lucknow Charbagh,KOTA,Kota Junction,2026-07-22,05:00,0,On Time,No Delay,561,93,14,Cloudy,23,3044,30,Low,0,1,0,0,Monitor
1004,13146,Jan Shatabdi,SDAH,Sealdah,BBS,Bhubaneswar,2026-06-27,05:15,0,On Time,No Delay,1128,86,1,Clear,36,2365,25,Low,0,0,0,9,Monitor
1005,12525,Intercity,ALD,Prayagraj Junction,NDLS,New Delhi,2026-07-04,03:45,18,At Risk,Technical Fault,318,56,4,Clear,30,9685,29,Low,0,0,0,13,Monitor
1006,13143,Jan Shatabdi,SBC,KSR Bengaluru City,GKP,Gorakhpur,2026-04-16,17:15,40,Delayed,Maintenance Work,1593,100,16,Cloudy,19,1843,47,Medium,0,1,0,36,Notify station control
1007,13278,Duronto,CSTM,Mumbai CSMT,GKP,Gorakhpur,2026-08-06,00:00,120,Delayed,Late Incoming Train,745,60,2,Heatwave,35,1872,68,High,0,0,1,119,Reallocate platform and crew
1008,12679,Garib Rath,MAS,Chennai Central,GKP,Gorakhpur,2026-03-24,16:00,25,Delayed,Technical Fault,301,100,9,Clear,16,4845,40,Medium,0,1,0,35,Notify station control
1009,13174,Sampark Kranti,CSTM,Mumbai CSMT,VSKP,Visakhapatnam,2026-08-12,04:00,5,At Risk,Signal Failure,441,85,2,Rain,22,2745,28,Low,0,0,1,4,Monitor
1010,12606,Duronto,PUNE,Pune Junction,BPL,Bhopal Junction,2026-04-27,14:45,75,Delayed,Signal Failure,1013,78,9,Clear,26,3528,51,Medium,0,0,1,71,Notify station control
1011,13275,Shatabdi,VSKP,Visakhapatnam,CNB,Kanpur Central,2026-03-19,23:15,25,Delayed,Track Obstruction,1580,84,3,Clear,27,1512,38,Low,1,1,0,29,Monitor
1012,12832,Jan Shatabdi,HWH,Howrah Junction,NDLS,New Delhi,2026-08-01,16:00,10,At Risk,Platform Change,512,77,5,Cloudy,32,1629,34,Low,0,0,1,11,Monitor
1013,14448,Intercity,CNB,Kanpur Central,NGP,Nagpur Junction,2026-06-02,09:30,60,At Risk,Signal Failure,964,77,5,Cloudy,16,9644,50,Medium,0,0,1,67,Notify station control
1014,12157,Intercity,ADI,Ahmedabad Junction,LKO,Lucknow Charbagh,2026-05-21,19:45,0,On Time,No Delay,807,90,7,Clear,36,3981,31,Low,0,1,0,8,Monitor
1015,12617,Duronto,MAS,Chennai Central,BBS,Bhubaneswar,2026-05-22,04:00,0,On Time,No Delay,420,100,9,Clear,20,7032,35,Low,0,1,0,0,Monitor
1016,12169,Express,PNBE,Patna Junction,ALD,Prayagraj Junction,2026-07-09,07:15,0,Completed,No Delay,1587,96,4,Cloudy,37,6977,29,Low,0,1,0,2,Monitor
1017,12718,Garib Rath,ALD,Prayagraj Junction,LKO,Lucknow Charbagh,2026-01-26,22:15,0,Completed,No Delay,562,93,12,Storm,31,4164,41,Medium,0,1,0,2,Notify station control
1018,13186,Jan Shatabdi,CSTM,Mumbai CSMT,HWH,Howrah Junction,2026-08-13,18:30,5,Delayed,Weather,937,61,15,Clear,38,6696,27,Low,0,0,0,8,Monitor
1019,13131,Intercity,LKO,Lucknow Charbagh,SBC,KSR Bengaluru City,2026-02-06,10:30,0,On Time,No Delay,734,48,17,Cloudy,26,1341,19,Low,0,0,0,1,Monitor
1020,14490,Rajdhani,CNB,Kanpur Central,NDLS,New Delhi,2026-07-10,14:15,35,Delayed,Congestion,559,97,13,Cloudy,33,2636,44,Medium,1,1,1,41,Notify station control
1021,12059,Garib Rath,HWH,Howrah Junction,ADI,Ahmedabad Junction,2026-09-19,06:15,0,On Time,No Delay,1649,69,6,Clear,26,2307,28,Low,0,1,0,4,Monitor
1022,12339,Superfast,MAS,Chennai Central,VSKP,Visakhapatnam,2026-01-01,17:00,999,Cancelled,Signal Failure,1107,72,14,Rain,21,7802,100,Critical,0,0,1,999,Escalate to operations command
1023,13122,Duronto,BBS,Bhubaneswar,ALD,Prayagraj Junction,2026-03-14,16:45,0,Completed,No Delay,1674,69,18,Clear,22,5515,22,Low,0,1,0,1,Monitor
1024,14207,Shatabdi,ADI,Ahmedabad Junction,JP,Jaipur Junction,2026-08-15,04:45,18,Delayed,Weather,1596,73,17,Fog,27,895,43,Medium,0,1,1,17,Notify station control
1025,14025,Vande Bharat,BPL,Bhopal Junction,LKO,Lucknow Charbagh,2026-01-12,10:00,12,Delayed,Signal Failure,1502,91,12,Clear,40,2798,38,Low,1,1,0,21,Monitor
1026,12462,Duronto,BCT,Mumbai Central,NDLS,New Delhi,2026-04-25,12:00,10,At Risk,Congestion,1128,45,7,Clear,17,7270,18,Low,0,0,0,14,Monitor
1027,12126,Shatabdi,BBS,Bhubaneswar,MAS,Chennai Central,2026-04-12,04:30,0,On Time,No Delay,898,71,13,Cloudy,19,738,27,Low,1,0,1,0,Monitor
1028,12631,Duronto,KOTA,Kota Junction,CNB,Kanpur Central,2026-06-28,15:15,0,On Time,No Delay,1758,58,15,Cloudy,21,3414,23,Low,0,1,0,0,Monitor
1029,12430,Intercity,CNB,Kanpur Central,PUNE,Pune Junction,2026-02-25,16:15,45,Delayed,Weather,993,79,15,Storm,15,8679,54,Medium,1,0,1,52,Notify station control
1030,12113,Rajdhani,SBC,KSR Bengaluru City,NGP,Nagpur Junction,2026-07-23,08:30,15,Delayed,Congestion,1500,78,18,Clear,21,9446,35,Low,0,1,1,15,Monitor
1031,12642,Express,BPL,Bhopal Junction,PNBE,Patna Junction,2026-05-05,11:15,15,At Risk,Crew Delay,1594,84,6,Clear,43,8628,30,Low,1,1,0,13,Monitor
1032,13152,Rajdhani,MAS,Chennai Central,SBC,KSR Bengaluru City,2026-08-28,07:00,0,On Time,No Delay,1445,75,11,Fog,20,460,40,Medium,0,0,0,0,Notify station control
1033,12135,Intercity,HWH,Howrah Junction,GKP,Gorakhpur,2026-06-05,00:00,120,Delayed,Crew Delay,192,62,18,Clear,44,5295,71,High,1,0,1,118,Reallocate platform and crew
1034,12552,Rajdhani,PUNE,Pune Junction,NGP,Nagpur Junction,2026-08-02,11:30,35,Delayed,Crew Delay,1349,77,16,Rain,35,6286,39,Low,0,0,0,32,Monitor
1035,12223,Shatabdi,ADI,Ahmedabad Junction,KOTA,Kota Junction,2026-07-19,06:30,0,On Time,No Delay,1655,75,11,Clear,24,7316,25,Low,1,1,0,0,Monitor
1036,14246,Duronto,VSKP,Visakhapatnam,GKP,Gorakhpur,2026-08-04,04:00,0,On Time,No Delay,460,81,1,Heavy Rain,22,3064,40,Medium,0,0,0,0,Notify station control
1037,12226,Sampark Kranti,SDAH,Sealdah,LKO,Lucknow Charbagh,2026-03-14,15:45,0,On Time,No Delay,1450,60,15,Rain,26,895,24,Low,0,0,0,10,Monitor
1038,14699,Duronto,PUNE,Pune Junction,CSTM,Mumbai CSMT,2026-06-08,20:15,0,On Time,No Delay,1562,86,1,Rain,28,5856,31,Low,1,1,1,10,Monitor
1039,12615,Sampark Kranti,GKP,Gorakhpur,JP,Jaipur Junction,2026-02-05,01:15,0,On Time,No Delay,853,74,17,Rain,35,9773,28,Low,0,0,0,5,Monitor
1040,12246,Rajdhani,HWH,Howrah Junction,KOTA,Kota Junction,2026-01-05,13:45,120,At Risk,Weather,759,79,15,Heavy Rain,39,4954,85,Critical,0,0,1,115,Escalate to operations command
1041,12970,Intercity,BPL,Bhopal Junction,JP,Jaipur Junction,2026-01-01,13:15,35,Delayed,Maintenance Work,813,80,7,Cloudy,26,5994,40,Medium,0,0,0,31,Notify station control
1042,12761,Vande Bharat,CNB,Kanpur Central,LKO,Lucknow Charbagh,2026-06-05,18:45,0,On Time,No Delay,737,71,14,Rain,33,3355,25,Low,0,0,0,9,Monitor
1043,12607,Superfast,PUNE,Pune Junction,CNB,Kanpur Central,2026-06-20,09:30,5,Delayed,Congestion,405,80,14,Clear,35,3681,29,Low,0,0,0,9,Monitor
1044,13137,Intercity,KOTA,Kota Junction,BPL,Bhopal Junction,2026-02-26,09:00,25,Delayed,Congestion,1723,83,9,Clear,41,5086,40,Medium,0,1,0,27,Notify station control
1045,14676,Vande Bharat,BPL,Bhopal Junction,KOTA,Kota Junction,2026-03-08,01:30,25,At Risk,Weather,744,65,9,Fog,42,499,43,Medium,1,0,0,20,Notify station control
1046,12478,Express,PNBE,Patna Junction,NGP,Nagpur Junction,2026-01-25,18:45,20,At Risk,Weather,1495,70,17,Storm,32,4717,41,Medium,0,0,0,22,Notify station control
1047,12515,Express,SDAH,Sealdah,BCT,Mumbai Central,2026-01-08,00:00,120,At Risk,Late Incoming Train,892,83,14,Clear,25,5816,74,High,0,0,1,119,Reallocate platform and crew
1048,14556,Garib Rath,JP,Jaipur Junction,ADI,Ahmedabad Junction,2026-02-05,03:15,0,On Time,No Delay,1661,95,8,Clear,32,1194,35,Low,0,1,0,0,Monitor
1049,13246,Jan Shatabdi,VSKP,Visakhapatnam,LKO,Lucknow Charbagh,2026-04-03,08:30,60,At Risk,Congestion,1466,68,1,Clear,31,7349,50,Medium,1,0,1,57,Notify station control
1050,12634,Superfast,ALD,Prayagraj Junction,JP,Jaipur Junction,2026-05-06,06:45,0,On Time,No Delay,328,60,8,Clear,43,9180,24,Low,0,0,0,6,Monitor
1051,12132,Vande Bharat,MAS,Chennai Central,SDAH,Sealdah,2026-09-24,22:45,0,On Time,No Delay,722,57,1,Clear,23,4100,24,Low,1,0,1,9,Monitor
1052,12171,Superfast,ALD,Prayagraj Junction,NDLS,New Delhi,2026-02-15,08:15,15,At Risk,Weather,961,88,2,Cloudy,18,1769,37,Low,0,0,0,25,Monitor
1053,12641,Rajdhani,BCT,Mumbai Central,LKO,Lucknow Charbagh,2026-06-06,14:30,0,On Time,No Delay,1800,94,6,Cloudy,19,9460,33,Low,0,1,1,3,Monitor
1054,12618,Jan Shatabdi,MAS,Chennai Central,PUNE,Pune Junction,2026-04-07,00:15,0,Completed,No Delay,658,44,1,Cloudy,18,566,15,Low,0,0,0,5,Monitor
1055,12633,Intercity,NDLS,New Delhi,ADI,Ahmedabad Junction,2026-06-25,10:15,10,Delayed,Track Obstruction,1552,97,12,Rain,43,475,35,Low,0,1,1,18,Monitor
1056,12883,Superfast,BCT,Mumbai Central,SBC,KSR Bengaluru City,2026-04-01,06:30,0,On Time,No Delay,534,60,8,Clear,37,9830,24,Low,0,0,0,3,Monitor
1057,12470,Garib Rath,SDAH,Sealdah,BCT,Mumbai Central,2026-09-15,23:00,5,Delayed,Technical Fault,514,71,2,Clear,42,6416,23,Low,1,0,0,14,Monitor
1058,13034,Intercity,BBS,Bhubaneswar,PNBE,Patna Junction,2026-09-28,14:15,0,On Time,No Delay,1410,69,6,Heavy Rain,43,4620,33,Low,0,0,0,7,Monitor
1059,13065,Shatabdi,BBS,Bhubaneswar,SDAH,Sealdah,2026-04-16,07:15,0,On Time,No Delay,262,82,11,Clear,26,6758,31,Low,0,0,0,4,Monitor
1060,12224,Shatabdi,VSKP,Visakhapatnam,KOTA,Kota Junction,2026-09-14,23:00,0,On Time,No Delay,276,57,4,Clear,30,7802,22,Low,0,0,0,0,Monitor
1061,12163,Garib Rath,CSTM,Mumbai CSMT,BBS,Bhubaneswar,2026-02-06,05:15,25,Delayed,Congestion,392,58,9,Cloudy,36,6115,29,Low,0,0,1,30,Monitor
1062,12832,Vande Bharat,BBS,Bhubaneswar,BPL,Bhopal Junction,2026-05-19,20:45,18,Delayed,Congestion,772,65,5,Clear,18,2151,30,Low,0,0,0,18,Monitor
1063,12089,Jan Shatabdi,SBC,KSR Bengaluru City,PUNE,Pune Junction,2026-01-09,14:00,20,At Risk,Weather,798,45,1,Storm,23,8528,42,Medium,1,0,0,30,Notify station control
1064,13179,Intercity,MAS,Chennai Central,NDLS,New Delhi,2026-04-06,19:30,45,At Risk,Congestion,568,87,15,Clear,29,4516,48,Medium,0,0,1,45,Notify station control
1065,12824,Express,NGP,Nagpur Junction,PUNE,Pune Junction,2026-03-26,19:15,0,Completed,No Delay,529,83,5,Cloudy,14,7154,25,Low,0,0,0,7,Monitor
1066,14593,Duronto,NDLS,New Delhi,BPL,Bhopal Junction,2026-06-25,21:45,0,On Time,No Delay,326,87,11,Clear,43,7025,27,Low,0,0,0,0,Monitor
1067,12760,Duronto,PUNE,Pune Junction,VSKP,Visakhapatnam,2026-09-11,03:15,18,Delayed,Weather,1540,76,14,Fog,26,157,44,Medium,1,1,0,21,Notify station control
1068,12784,Jan Shatabdi,SBC,KSR Bengaluru City,HWH,Howrah Junction,2026-02-12,23:30,8,At Risk,Late Incoming Train,639,66,6,Clear,16,1671,24,Low,0,0,0,7,Monitor
1069,13169,Duronto,PNBE,Patna Junction,HWH,Howrah Junction,2026-05-10,04:00,75,At Risk,Platform Change,790,81,4,Cloudy,30,5652,54,Medium,0,0,1,71,Notify station control
1070,12573,Jan Shatabdi,BCT,Mumbai Central,NGP,Nagpur Junction,2026-07-21,12:30,0,Completed,No Delay,1487,71,17,Cloudy,29,4306,29,Low,1,0,0,5,Monitor
1071,12377,Intercity,BPL,Bhopal Junction,JP,Jaipur Junction,2026-01-10,22:00,20,At Risk,Technical Fault,408,57,14,Clear,39,2672,27,Low,0,0,0,17,Monitor
1072,12579,Garib Rath,BCT,Mumbai Central,LKO,Lucknow Charbagh,2026-05-19,22:00,12,Delayed,Maintenance Work,1226,60,4,Clear,16,8017,31,Low,0,0,1,21,Monitor
1073,12615,Jan Shatabdi,MAS,Chennai Central,ALD,Prayagraj Junction,2026-03-18,10:15,0,On Time,No Delay,1064,73,6,Clear,36,334,22,Low,0,0,0,0,Monitor
1074,12613,Rajdhani,ALD,Prayagraj Junction,BPL,Bhopal Junction,2026-07-27,19:15,0,On Time,No Delay,547,77,9,Clear,21,8974,25,Low,0,0,0,0,Monitor
1075,12158,Intercity,GKP,Gorakhpur,BCT,Mumbai Central,2026-04-27,15:45,75,Delayed,Maintenance Work,1728,65,8,Clear,19,9406,50,Medium,0,1,1,82,Notify station control
1076,13082,Shatabdi,CSTM,Mumbai CSMT,ALD,Prayagraj Junction,2026-01-03,06:15,999,Cancelled,Maintenance Work,394,80,8,Clear,27,9346,100,Critical,0,0,1,999,Escalate to operations command
1077,12629,Sampark Kranti,PNBE,Patna Junction,MAS,Chennai Central,2026-07-16,15:45,0,On Time,No Delay,1220,74,6,Rain,28,1337,27,Low,0,0,0,10,Monitor
1078,14097,Superfast,HWH,Howrah Junction,BCT,Mumbai Central,2026-08-20,14:45,18,At Risk,Late Incoming Train,1250,65,4,Clear,41,4664,29,Low,1,0,0,15,Monitor
1079,14389,Shatabdi,HWH,Howrah Junction,BBS,Bhubaneswar,2026-03-23,12:45,0,On Time,No Delay,1366,89,18,Cloudy,36,5197,29,Low,0,0,0,10,Monitor
1080,14450,Duronto,CNB,Kanpur Central,NGP,Nagpur Junction,2026-04-20,08:45,45,Delayed,Track Obstruction,463,58,11,Cloudy,28,3644,37,Low,0,0,0,45,Monitor
1081,12918,Sampark Kranti,NDLS,New Delhi,BBS,Bhubaneswar,2026-09-01,17:45,5,At Risk,Maintenance Work,472,77,10,Clear,16,7474,30,Low,1,0,0,12,Monitor
1082,12872,Superfast,JP,Jaipur Junction,PNBE,Patna Junction,2026-08-08,09:45,35,Delayed,Track Obstruction,1222,60,7,Clear,39,8558,39,Low,0,0,1,39,Monitor
1083,12652,Sampark Kranti,PNBE,Patna Junction,LKO,Lucknow Charbagh,2026-01-11,05:00,12,Delayed,Weather,1770,72,10,Storm,24,461,45,Medium,1,1,1,12,Notify station control
1084,13218,Express,BCT,Mumbai Central,SBC,KSR Bengaluru City,2026-06-17,03:15,0,On Time,No Delay,1312,74,2,Clear,14,9218,23,Low,1,0,0,3,Monitor
1085,14474,Jan Shatabdi,NDLS,New Delhi,GKP,Gorakhpur,2026-09-12,13:15,0,On Time,No Delay,264,69,18,Rain,31,4182,26,Low,0,0,0,10,Monitor
1086,14148,Rajdhani,NDLS,New Delhi,MAS,Chennai Central,2026-04-01,11:45,0,On Time,No Delay,1571,87,12,Clear,37,6695,32,Low,0,1,0,7,Monitor
1087,14434,Sampark Kranti,JP,Jaipur Junction,HWH,Howrah Junction,2026-01-21,03:45,0,On Time,No Delay,1288,59,10,Clear,27,7653,23,Low,1,0,1,0,Monitor
1088,12104,Shatabdi,MAS,Chennai Central,VSKP,Visakhapatnam,2026-07-16,08:30,20,Delayed,Track Obstruction,277,48,8,Clear,22,5143,26,Low,0,0,0,23,Monitor
1089,13248,Duronto,NGP,Nagpur Junction,GKP,Gorakhpur,2026-06-14,05:15,0,On Time,No Delay,470,77,11,Clear,43,5939,28,Low,0,0,0,8,Monitor
1090,14602,Superfast,MAS,Chennai Central,HWH,Howrah Junction,2026-07-10,17:30,0,On Time,No Delay,1506,68,10,Heatwave,28,781,23,Low,0,1,1,10,Monitor
1091,14629,Sampark Kranti,LKO,Lucknow Charbagh,BPL,Bhopal Junction,2026-03-23,19:00,18,Delayed,Crew Delay,1274,76,3,Clear,18,5009,32,Low,0,0,0,24,Monitor
1092,13217,Duronto,NDLS,New Delhi,ADI,Ahmedabad Junction,2026-07-25,08:15,0,Completed,No Delay,319,77,16,Heatwave,21,2645,29,Low,0,0,0,9,Monitor
1093,14442,Superfast,KOTA,Kota Junction,CNB,Kanpur Central,2026-02-15,02:00,18,Delayed,Weather,528,70,11,Clear,17,6953,29,Low,0,0,0,23,Monitor
1094,14382,Rajdhani,LKO,Lucknow Charbagh,BCT,Mumbai Central,2026-04-12,04:30,0,On Time,No Delay,709,63,15,Cloudy,28,5334,22,Low,0,0,0,10,Monitor
1095,12915,Express,VSKP,Visakhapatnam,ALD,Prayagraj Junction,2026-04-16,16:00,0,On Time,No Delay,1618,82,7,Cloudy,22,5041,32,Low,0,1,0,1,Monitor
1096,12368,Vande Bharat,PUNE,Pune Junction,SBC,KSR Bengaluru City,2026-09-18,05:00,10,Delayed,Crew Delay,1499,57,17,Rain,43,3285,25,Low,1,0,1,6,Monitor
1097,14270,Express,CNB,Kanpur Central,MAS,Chennai Central,2026-06-27,21:15,0,On Time,No Delay,1316,64,3,Clear,24,3274,20,Low,0,0,1,9,Monitor
1098,14266,Rajdhani,LKO,Lucknow Charbagh,PUNE,Pune Junction,2026-08-03,23:45,0,On Time,No Delay,399,81,12,Cloudy,27,8137,25,Low,0,0,1,4,Monitor
1099,12576,Intercity,VSKP,Visakhapatnam,BPL,Bhopal Junction,2026-01-20,18:00,10,Delayed,Weather,609,79,9,Storm,42,6461,45,Medium,0,0,0,18,Notify station control
1100,12169,Sampark Kranti,BCT,Mumbai Central,SDAH,Sealdah,2026-09-20,13:30,120,Delayed,Signal Failure,1268,68,8,Clear,40,5876,67,High,0,0,1,118,Reallocate platform and crew
1101,12950,Garib Rath,JP,Jaipur Junction,MAS,Chennai Central,2026-01-06,04:00,35,At Risk,Maintenance Work,1373,69,12,Cloudy,40,8332,37,Low,0,0,0,41,Monitor
1102,14194,Jan Shatabdi,VSKP,Visakhapatnam,KOTA,Kota Junction,2026-01-11,18:30,10,Delayed,Weather,1263,82,18,Fog,20,734,45,Medium,0,0,1,19,Notify station control
1103,12335,Vande Bharat,ADI,Ahmedabad Junction,CNB,Kanpur Central,2026-02-19,07:45,18,Delayed,Platform Change,1251,83,7,Cloudy,34,786,33,Low,0,0,0,23,Monitor
1104,12844,Sampark Kranti,ALD,Prayagraj Junction,CSTM,Mumbai CSMT,2026-06-11,04:45,0,On Time,No Delay,1691,81,6,Fog,40,187,40,Medium,1,1,0,9,Notify station control
1105,12629,Superfast,NGP,Nagpur Junction,KOTA,Kota Junction,2026-03-22,12:00,0,On Time,No Delay,821,75,1,Fog,38,819,38,Low,0,0,0,0,Monitor
1106,14531,Sampark Kranti,HWH,Howrah Junction,SDAH,Sealdah,2026-06-04,07:45,0,On Time,No Delay,1270,57,5,Clear,41,9696,22,Low,0,0,0,4,Monitor
1107,12189,Jan Shatabdi,BCT,Mumbai Central,KOTA,Kota Junction,2026-08-07,12:00,0,On Time,No Delay,386,90,2,Cloudy,23,5669,26,Low,0,1,0,0,Monitor
1108,14227,Intercity,LKO,Lucknow Charbagh,ALD,Prayagraj Junction,2026-04-26,19:00,15,At Risk,Track Obstruction,624,57,12,Heatwave,30,6869,29,Low,0,0,0,17,Monitor
1109,14442,Intercity,NDLS,New Delhi,CNB,Kanpur Central,2026-03-12,11:00,0,On Time,No Delay,777,65,11,Cloudy,41,6621,27,Low,0,0,1,7,Monitor
1110,12932,Intercity,HWH,Howrah Junction,NGP,Nagpur Junction,2026-08-01,05:45,0,Completed,No Delay,1531,79,5,Cloudy,40,8624,25,Low,0,1,0,10,Monitor
1111,12044,Vande Bharat,BPL,Bhopal Junction,VSKP,Visakhapatnam,2026-06-18,20:30,0,On Time,No Delay,953,80,14,Cloudy,16,872,24,Low,0,0,0,9,Monitor
1112,12148,Shatabdi,NGP,Nagpur Junction,ADI,Ahmedabad Junction,2026-08-14,06:45,0,On Time,No Delay,1299,65,1,Rain,18,8334,21,Low,0,0,0,0,Monitor
1113,12334,Garib Rath,SDAH,Sealdah,ALD,Prayagraj Junction,2026-08-13,08:00,90,Delayed,Crew Delay,1392,71,1,Clear,32,7046,60,Medium,0,0,1,86,Notify station control
1114,12565,Jan Shatabdi,GKP,Gorakhpur,MAS,Chennai Central,2026-06-18,23:45,30,At Risk,Late Incoming Train,1110,85,9,Heatwave,41,5541,43,Medium,0,0,0,36,Notify station control
1115,12359,Garib Rath,SDAH,Sealdah,PNBE,Patna Junction,2026-01-07,09:15,999,Cancelled,Platform Change,1312,100,4,Cloudy,38,6587,100,Critical,0,1,1,999,Escalate to operations command
1116,14309,Jan Shatabdi,GKP,Gorakhpur,PNBE,Patna Junction,2026-08-15,00:30,120,Delayed,Congestion,1228,65,8,Clear,37,4134,66,High,0,0,1,127,Reallocate platform and crew
1117,12078,Rajdhani,HWH,Howrah Junction,ADI,Ahmedabad Junction,2026-06-09,05:00,12,Delayed,Congestion,575,54,14,Heatwave,14,3352,26,Low,0,0,0,11,Monitor
1118,12530,Shatabdi,ADI,Ahmedabad Junction,CSTM,Mumbai CSMT,2026-05-04,18:15,45,Delayed,Technical Fault,194,74,9,Cloudy,38,4879,39,Low,0,0,1,40,Monitor
1119,13131,Jan Shatabdi,MAS,Chennai Central,JP,Jaipur Junction,2026-03-24,12:30,8,Delayed,Weather,382,100,5,Cloudy,38,4839,36,Low,0,1,1,17,Monitor
1120,12624,Duronto,GKP,Gorakhpur,NGP,Nagpur Junction,2026-07-04,03:00,0,On Time,No Delay,791,66,5,Storm,19,5045,32,Low,0,0,0,3,Monitor
1121,12949,Jan Shatabdi,BCT,Mumbai Central,PUNE,Pune Junction,2026-06-25,07:45,60,Delayed,Maintenance Work,204,84,6,Clear,15,2781,54,Medium,0,0,1,56,Notify station control
1122,12274,Superfast,NGP,Nagpur Junction,SDAH,Sealdah,2026-01-02,03:45,0,On Time,No Delay,1374,88,1,Storm,14,5853,42,Medium,1,0,0,10,Notify station control
1123,13073,Rajdhani,PUNE,Pune Junction,SDAH,Sealdah,2026-04-18,12:00,0,On Time,No Delay,1440,66,2,Cloudy,34,7696,21,Low,0,0,0,0,Monitor
1124,12284,Intercity,PNBE,Patna Junction,BBS,Bhubaneswar,2026-03-18,02:45,18,Delayed,Weather,827,78,9,Clear,37,6976,37,Low,0,0,0,16,Monitor
1125,12840,Vande Bharat,NDLS,New Delhi,BBS,Bhubaneswar,2026-07-01,04:30,0,On Time,No Delay,476,87,10,Storm,41,2458,39,Low,0,0,0,6,Monitor
1126,14535,Shatabdi,MAS,Chennai Central,PUNE,Pune Junction,2026-07-20,00:15,0,On Time,No Delay,1540,53,1,Rain,32,4749,19,Low,0,1,0,9,Monitor
1127,13141,Shatabdi,MAS,Chennai Central,VSKP,Visakhapatnam,2026-06-19,17:30,0,On Time,No Delay,1017,90,10,Clear,37,9429,26,Low,0,1,0,0,Monitor
1128,12117,Shatabdi,HWH,Howrah Junction,NGP,Nagpur Junction,2026-05-24,19:45,0,On Time,No Delay,834,83,18,Rain,32,1789,26,Low,1,0,1,8,Monitor
1129,14455,Jan Shatabdi,ADI,Ahmedabad Junction,PNBE,Patna Junction,2026-08-27,21:00,15,Delayed,Platform Change,300,90,9,Clear,23,7774,34,Low,1,1,0,10,Monitor
1130,14505,Express,GKP,Gorakhpur,HWH,Howrah Junction,2026-07-20,23:15,0,On Time,No Delay,447,66,3,Fog,27,387,32,Low,0,0,0,0,Monitor
1131,12736,Jan Shatabdi,SBC,KSR Bengaluru City,CNB,Kanpur Central,2026-07-06,04:00,0,On Time,No Delay,1099,79,6,Clear,17,3970,28,Low,0,0,0,8,Monitor
1132,12526,Express,MAS,Chennai Central,CSTM,Mumbai CSMT,2026-01-01,17:45,15,Delayed,Weather,853,74,1,Fog,42,293,47,Medium,0,0,0,16,Notify station control
1133,13259,Vande Bharat,PUNE,Pune Junction,LKO,Lucknow Charbagh,2026-02-13,18:15,5,Delayed,Late Incoming Train,1350,78,3,Clear,17,4430,26,Low,0,0,0,12,Monitor
1134,14226,Express,PUNE,Pune Junction,SDAH,Sealdah,2026-07-16,08:45,90,At Risk,Signal Failure,975,56,1,Rain,31,5818,54,Medium,1,0,1,87,Notify station control
1135,12103,Sampark Kranti,PUNE,Pune Junction,BCT,Mumbai Central,2026-06-03,21:30,30,At Risk,Crew Delay,1069,80,8,Rain,44,7601,35,Low,1,0,0,28,Monitor
1136,14319,Sampark Kranti,ADI,Ahmedabad Junction,CNB,Kanpur Central,2026-04-11,07:30,0,Completed,No Delay,217,80,7,Clear,34,4556,31,Low,0,0,0,0,Monitor
1137,12058,Superfast,NGP,Nagpur Junction,VSKP,Visakhapatnam,2026-02-02,17:15,0,On Time,No Delay,1403,75,9,Cloudy,41,6926,26,Low,0,0,0,9,Monitor
1138,12491,Jan Shatabdi,ADI,Ahmedabad Junction,NDLS,New Delhi,2026-01-05,12:15,0,Completed,No Delay,491,95,5,Rain,34,3945,32,Low,1,1,0,9,Monitor
1139,13165,Shatabdi,BCT,Mumbai Central,ALD,Prayagraj Junction,2026-01-01,09:00,40,Delayed,Maintenance Work,645,79,7,Heatwave,27,5404,40,Medium,0,0,1,42,Notify station control
1140,14418,Jan Shatabdi,MAS,Chennai Central,HWH,Howrah Junction,2026-02-02,01:45,12,At Risk,Platform Change,322,62,6,Cloudy,39,5663,27,Low,0,0,1,7,Monitor
1141,12708,Garib Rath,KOTA,Kota Junction,MAS,Chennai Central,2026-07-03,11:00,5,Delayed,Technical Fault,1330,76,3,Clear,14,1770,31,Low,0,0,0,5,Monitor
1142,12869,Superfast,SDAH,Sealdah,NDLS,New Delhi,2026-03-05,14:45,0,On Time,No Delay,1071,84,11,Rain,21,4536,27,Low,0,0,0,7,Monitor
1143,13204,Shatabdi,PUNE,Pune Junction,LKO,Lucknow Charbagh,2026-06-18,13:00,40,Delayed,Congestion,1202,70,7,Clear,44,5364,40,Medium,0,0,0,39,Notify station control
1144,14422,Duronto,BBS,Bhubaneswar,NGP,Nagpur Junction,2026-01-17,12:45,0,Completed,No Delay,1714,49,5,Rain,40,7817,22,Low,0,1,1,0,Monitor
1145,13220,Duronto,BPL,Bhopal Junction,CNB,Kanpur Central,2026-08-15,02:15,0,On Time,No Delay,1452,98,14,Clear,41,9242,32,Low,1,1,0,3,Monitor
1146,12647,Rajdhani,GKP,Gorakhpur,BCT,Mumbai Central,2026-03-08,10:30,0,On Time,No Delay,402,54,17,Storm,23,8501,34,Low,0,0,0,10,Monitor
1147,12140,Intercity,SBC,KSR Bengaluru City,LKO,Lucknow Charbagh,2026-06-09,18:15,60,At Risk,Track Obstruction,488,98,14,Cloudy,40,4441,56,Medium,0,1,1,66,Notify station control
1148,12837,Shatabdi,NDLS,New Delhi,NGP,Nagpur Junction,2026-01-28,21:45,12,At Risk,Maintenance Work,1765,89,7,Rain,31,9318,31,Low,1,1,0,11,Monitor
1149,12744,Sampark Kranti,PUNE,Pune Junction,LKO,Lucknow Charbagh,2026-02-27,03:00,18,At Risk,Late Incoming Train,1238,71,18,Rain,14,6938,32,Low,0,0,0,21,Monitor
1150,12548,Garib Rath,MAS,Chennai Central,CSTM,Mumbai CSMT,2026-09-14,00:15,0,On Time,No Delay,348,100,6,Rain,21,780,29,Low,0,1,0,7,Monitor
1151,12392,Jan Shatabdi,BBS,Bhubaneswar,SDAH,Sealdah,2026-05-02,00:15,0,On Time,No Delay,594,100,7,Storm,17,7619,46,Medium,0,1,0,0,Notify station control
1152,12331,Shatabdi,JP,Jaipur Junction,PNBE,Patna Junction,2026-03-25,11:00,120,At Risk,Maintenance Work,1740,100,18,Rain,27,1046,81,High,1,1,1,118,Reallocate platform and crew
1153,12375,Garib Rath,PNBE,Patna Junction,ADI,Ahmedabad Junction,2026-09-06,22:00,90,At Risk,Weather,926,94,3,Fog,20,528,76,High,0,1,1,92,Reallocate platform and crew
1154,12572,Jan Shatabdi,NDLS,New Delhi,PNBE,Patna Junction,2026-08-04,13:00,90,Delayed,Signal Failure,1145,65,5,Cloudy,38,7967,59,Medium,0,0,1,86,Notify station control
1155,14489,Jan Shatabdi,NGP,Nagpur Junction,NDLS,New Delhi,2026-08-11,07:00,0,On Time,No Delay,496,82,13,Cloudy,22,8182,28,Low,1,0,0,0,Monitor
1156,14414,Rajdhani,VSKP,Visakhapatnam,NGP,Nagpur Junction,2026-05-22,09:15,0,On Time,No Delay,210,83,18,Clear,25,6065,28,Low,0,0,0,0,Monitor
1157,13224,Duronto,SDAH,Sealdah,PUNE,Pune Junction,2026-08-01,12:45,0,Completed,No Delay,1378,100,13,Clear,31,6073,36,Low,0,1,1,9,Monitor
1158,14080,Shatabdi,CNB,Kanpur Central,CSTM,Mumbai CSMT,2026-03-13,02:00,0,On Time,No Delay,926,87,5,Fog,16,409,37,Low,0,0,0,0,Monitor
1159,12626,Superfast,BBS,Bhubaneswar,NDLS,New Delhi,2026-03-10,17:30,0,On Time,No Delay,1508,64,6,Heatwave,23,3771,26,Low,1,1,0,0,Monitor
1160,12704,Rajdhani,PNBE,Patna Junction,CSTM,Mumbai CSMT,2026-02-12,02:45,0,On Time,No Delay,1050,74,3,Clear,40,553,25,Low,0,0,0,2,Monitor
1161,14450,Garib Rath,BBS,Bhubaneswar,CNB,Kanpur Central,2026-06-01,03:30,0,On Time,No Delay,653,58,11,Heavy Rain,21,5376,35,Low,0,0,0,0,Monitor
1162,12899,Duronto,BBS,Bhubaneswar,NGP,Nagpur Junction,2026-03-18,02:45,75,Delayed,Weather,835,45,16,Fog,21,645,58,Medium,0,0,1,80,Notify station control
1163,12318,Vande Bharat,BBS,Bhubaneswar,LKO,Lucknow Charbagh,2026-01-05,09:30,120,Delayed,Congestion,921,75,2,Cloudy,38,7867,69,High,0,0,1,122,Reallocate platform and crew
1164,12855,Express,NGP,Nagpur Junction,CNB,Kanpur Central,2026-07-26,08:45,8,Delayed,Maintenance Work,388,90,1,Clear,28,3635,29,Low,0,1,0,17,Monitor
1165,14286,Rajdhani,ALD,Prayagraj Junction,PUNE,Pune Junction,2026-08-22,05:45,0,On Time,No Delay,808,94,6,Cloudy,42,7546,29,Low,0,1,0,0,Monitor
1166,14523,Superfast,BCT,Mumbai Central,SBC,KSR Bengaluru City,2026-01-15,13:45,0,On Time,No Delay,1583,73,17,Rain,26,2716,26,Low,1,1,0,0,Monitor
1167,12058,Intercity,ADI,Ahmedabad Junction,SDAH,Sealdah,2026-03-07,16:45,15,Delayed,Track Obstruction,1626,79,18,Cloudy,44,6868,33,Low,0,1,0,23,Monitor
1168,14607,Intercity,PNBE,Patna Junction,BBS,Bhubaneswar,2026-06-25,11:15,999,Cancelled,Weather,1251,89,13,Heavy Rain,32,4129,100,Critical,0,0,1,999,Escalate to operations command
1169,13104,Jan Shatabdi,ADI,Ahmedabad Junction,NDLS,New Delhi,2026-01-11,06:30,0,Completed,No Delay,476,56,3,Cloudy,44,5663,23,Low,0,0,0,9,Monitor
1170,12195,Express,NGP,Nagpur Junction,BBS,Bhubaneswar,2026-01-08,16:30,90,Delayed,Congestion,885,79,9,Cloudy,19,7448,65,High,1,0,1,87,Reallocate platform and crew
1171,14227,Intercity,SDAH,Sealdah,SBC,KSR Bengaluru City,2026-08-14,19:00,15,At Risk,Crew Delay,549,84,5,Cloudy,29,1992,31,Low,0,0,0,12,Monitor
1172,14022,Rajdhani,BBS,Bhubaneswar,HWH,Howrah Junction,2026-01-12,05:00,18,At Risk,Late Incoming Train,941,79,4,Cloudy,23,4694,38,Low,1,0,0,25,Monitor
1173,12027,Sampark Kranti,NGP,Nagpur Junction,KOTA,Kota Junction,2026-08-27,02:00,18,At Risk,Technical Fault,1709,43,18,Clear,14,1867,23,Low,1,1,0,18,Monitor
1174,12010,Express,NGP,Nagpur Junction,GKP,Gorakhpur,2026-04-07,05:45,5,Delayed,Track Obstruction,999,95,7,Heatwave,28,944,32,Low,0,1,0,0,Monitor
1175,12836,Intercity,VSKP,Visakhapatnam,MAS,Chennai Central,2026-07-25,10:30,12,Delayed,Weather,507,51,14,Fog,21,648,33,Low,1,0,0,14,Monitor
1176,13179,Sampark Kranti,BCT,Mumbai Central,SBC,KSR Bengaluru City,2026-09-28,02:15,40,At Risk,Crew Delay,1691,65,8,Clear,18,7869,41,Medium,0,1,0,40,Notify station control
1177,13229,Superfast,GKP,Gorakhpur,HWH,Howrah Junction,2026-03-18,20:30,35,Delayed,Weather,301,87,14,Storm,28,6773,56,Medium,0,0,1,40,Notify station control
1178,14563,Garib Rath,CNB,Kanpur Central,SBC,KSR Bengaluru City,2026-06-25,13:00,45,Delayed,Signal Failure,1215,87,18,Clear,27,5237,50,Medium,0,0,1,40,Notify station control
1179,14402,Shatabdi,MAS,Chennai Central,BCT,Mumbai Central,2026-09-19,01:15,18,Delayed,Technical Fault,561,80,10,Cloudy,42,4202,36,Low,0,0,0,14,Monitor
1180,13125,Vande Bharat,MAS,Chennai Central,SBC,KSR Bengaluru City,2026-06-28,01:00,0,On Time,No Delay,523,43,8,Clear,25,1401,14,Low,0,0,0,0,Monitor
1181,13037,Superfast,KOTA,Kota Junction,PUNE,Pune Junction,2026-03-10,07:45,8,At Risk,Platform Change,1369,56,18,Clear,23,3710,26,Low,0,0,0,9,Monitor
1182,14017,Rajdhani,MAS,Chennai Central,KOTA,Kota Junction,2026-03-19,01:45,5,At Risk,Late Incoming Train,1501,75,8,Clear,17,2369,32,Low,0,1,0,8,Monitor
1183,13079,Sampark Kranti,LKO,Lucknow Charbagh,NGP,Nagpur Junction,2026-01-13,05:30,8,Delayed,Crew Delay,1196,71,15,Clear,23,9933,27,Low,0,0,0,11,Monitor
1184,12658,Superfast,CSTM,Mumbai CSMT,KOTA,Kota Junction,2026-07-05,13:30,12,Delayed,Technical Fault,990,79,15,Cloudy,16,4053,28,Low,0,0,0,22,Monitor
1185,12486,Jan Shatabdi,BBS,Bhubaneswar,LKO,Lucknow Charbagh,2026-01-19,18:15,60,Delayed,Track Obstruction,470,66,14,Clear,17,7649,50,Medium,0,0,1,62,Notify station control
1186,13018,Garib Rath,ALD,Prayagraj Junction,ADI,Ahmedabad Junction,2026-06-04,08:15,0,On Time,No Delay,396,45,3,Clear,25,4072,23,Low,0,0,0,5,Monitor
1187,14582,Shatabdi,SDAH,Sealdah,HWH,Howrah Junction,2026-06-23,23:30,0,On Time,No Delay,281,59,15,Rain,34,2588,20,Low,1,0,0,9,Monitor
1188,12265,Jan Shatabdi,SDAH,Sealdah,MAS,Chennai Central,2026-01-10,17:45,0,On Time,No Delay,1466,74,11,Fog,36,632,41,Medium,1,0,0,0,Notify station control
1189,14064,Intercity,BBS,Bhubaneswar,BCT,Mumbai Central,2026-03-11,14:30,20,At Risk,Weather,1731,85,18,Storm,27,6104,45,Medium,1,1,0,26,Notify station control
1190,12167,Superfast,NGP,Nagpur Junction,ADI,Ahmedabad Junction,2026-07-26,05:00,45,Delayed,Late Incoming Train,573,93,18,Rain,19,5553,50,Medium,0,1,0,53,Notify station control
1191,13262,Duronto,PNBE,Patna Junction,ADI,Ahmedabad Junction,2026-03-06,11:00,18,Delayed,Crew Delay,1777,67,12,Clear,16,9894,31,Low,1,1,0,18,Monitor
1192,12546,Intercity,HWH,Howrah Junction,GKP,Gorakhpur,2026-03-21,00:00,0,On Time,No Delay,794,65,15,Fog,19,645,35,Low,1,0,0,1,Monitor
1193,12736,Shatabdi,MAS,Chennai Central,SBC,KSR Bengaluru City,2026-07-13,00:30,0,On Time,No Delay,1396,78,14,Cloudy,26,3089,31,Low,0,0,0,9,Monitor
1194,14547,Intercity,LKO,Lucknow Charbagh,BCT,Mumbai Central,2026-04-08,11:15,0,On Time,No Delay,763,76,2,Clear,14,4094,28,Low,0,0,0,0,Monitor
1195,12421,Garib Rath,ALD,Prayagraj Junction,MAS,Chennai Central,2026-01-11,12:30,10,At Risk,Crew Delay,962,89,14,Clear,44,648,34,Low,0,0,1,9,Monitor
1196,14008,Express,BPL,Bhopal Junction,HWH,Howrah Junction,2026-06-08,14:15,0,Completed,No Delay,980,57,10,Fog,20,805,34,Low,0,0,0,6,Monitor
1197,14012,Express,SBC,KSR Bengaluru City,JP,Jaipur Junction,2026-07-10,04:15,15,At Risk,Weather,601,100,14,Fog,17,92,52,Medium,0,1,0,18,Notify station control
1198,13136,Garib Rath,HWH,Howrah Junction,NGP,Nagpur Junction,2026-08-14,01:45,0,On Time,No Delay,1121,72,6,Rain,28,7998,28,Low,1,0,0,7,Monitor
1199,14638,Duronto,SBC,KSR Bengaluru City,JP,Jaipur Junction,2026-04-06,09:15,8,Delayed,Weather,322,46,4,Fog,30,643,34,Low,0,0,1,3,Monitor
1200,12972,Vande Bharat,BCT,Mumbai Central,SBC,KSR Bengaluru City,2026-04-17,12:30,30,Delayed,Weather,1754,80,16,Heavy Rain,19,3888,49,Medium,0,1,0,36,Notify station control
1201,12022,Superfast,VSKP,Visakhapatnam,KOTA,Kota Junction,2026-05-03,20:00,45,At Risk,Platform Change,1738,88,2,Rain,22,7961,44,Medium,1,1,1,46,Notify station control
1202,12765,Superfast,NDLS,New Delhi,CNB,Kanpur Central,2026-01-19,07:45,40,Delayed,Weather,537,90,3,Cloudy,26,4863,43,Medium,1,1,0,45,Notify station control
1203,12887,Intercity,ALD,Prayagraj Junction,CSTM,Mumbai CSMT,2026-08-02,12:45,0,On Time,No Delay,1506,59,10,Cloudy,21,7764,23,Low,0,1,0,3,Monitor
1204,14184,Superfast,CSTM,Mumbai CSMT,GKP,Gorakhpur,2026-02-17,11:00,30,At Risk,Maintenance Work,449,57,13,Heatwave,38,4131,33,Low,0,0,0,27,Monitor
1205,14161,Duronto,BCT,Mumbai Central,MAS,Chennai Central,2026-07-02,10:00,12,Delayed,Late Incoming Train,810,64,18,Clear,26,634,26,Low,0,0,1,14,Monitor
1206,14135,Intercity,PUNE,Pune Junction,ADI,Ahmedabad Junction,2026-09-05,05:15,25,Delayed,Platform Change,1169,96,15,Clear,35,3756,37,Low,0,1,0,32,Monitor
1207,14274,Garib Rath,NGP,Nagpur Junction,VSKP,Visakhapatnam,2026-04-19,13:15,5,At Risk,Weather,1220,66,7,Heavy Rain,30,5698,40,Medium,0,0,1,1,Notify station control
1208,14389,Sampark Kranti,JP,Jaipur Junction,MAS,Chennai Central,2026-03-05,03:45,120,At Risk,Weather,1699,63,11,Storm,39,5586,84,High,0,1,1,115,Reallocate platform and crew
1209,14455,Shatabdi,BCT,Mumbai Central,JP,Jaipur Junction,2026-08-07,18:15,60,Delayed,Maintenance Work,240,67,2,Rain,38,1442,46,Medium,0,0,1,60,Notify station control
1210,14569,Duronto,PNBE,Patna Junction,CSTM,Mumbai CSMT,2026-09-14,09:30,15,Delayed,Congestion,1755,81,7,Clear,38,4123,33,Low,0,1,0,12,Monitor
1211,14538,Duronto,MAS,Chennai Central,NGP,Nagpur Junction,2026-01-04,09:30,0,On Time,No Delay,1391,39,8,Rain,42,1727,19,Low,0,0,0,2,Monitor
1212,14104,Intercity,GKP,Gorakhpur,NGP,Nagpur Junction,2026-09-17,23:30,10,Delayed,Late Incoming Train,1079,67,7,Cloudy,14,6327,26,Low,0,0,0,10,Monitor
1213,12489,Shatabdi,PUNE,Pune Junction,BCT,Mumbai Central,2026-02-13,20:30,12,Delayed,Late Incoming Train,191,64,9,Clear,35,3933,30,Low,0,0,0,10,Monitor
1214,14312,Superfast,GKP,Gorakhpur,SDAH,Sealdah,2026-01-15,01:15,0,On Time,No Delay,1766,85,2,Heatwave,17,8098,25,Low,0,1,0,0,Monitor
1215,14405,Jan Shatabdi,NDLS,New Delhi,ALD,Prayagraj Junction,2026-01-22,00:45,10,Delayed,Platform Change,487,56,14,Cloudy,31,3148,27,Low,0,0,0,14,Monitor
1216,14385,Sampark Kranti,SDAH,Sealdah,ALD,Prayagraj Junction,2026-07-19,21:00,0,Completed,No Delay,556,72,15,Storm,34,4815,34,Low,0,0,0,0,Monitor
1217,12322,Express,KOTA,Kota Junction,BPL,Bhopal Junction,2026-04-22,08:30,0,On Time,No Delay,1321,83,1,Clear,21,2266,28,Low,0,0,1,0,Monitor
1218,13077,Intercity,ADI,Ahmedabad Junction,SBC,KSR Bengaluru City,2026-03-10,05:30,18,Delayed,Congestion,1248,77,16,Cloudy,42,396,30,Low,0,0,0,18,Monitor
1219,14603,Sampark Kranti,SBC,KSR Bengaluru City,VSKP,Visakhapatnam,2026-04-20,12:45,0,On Time,No Delay,636,65,6,Heatwave,31,4662,25,Low,0,0,0,9,Monitor
1220,12932,Intercity,NDLS,New Delhi,MAS,Chennai Central,2026-09-25,02:45,0,On Time,No Delay,1592,78,10,Fog,15,440,38,Low,0,1,0,2,Monitor
1221,12032,Intercity,CNB,Kanpur Central,ADI,Ahmedabad Junction,2026-07-05,06:15,30,At Risk,Weather,1299,84,15,Fog,29,334,52,Medium,0,0,1,36,Notify station control
1222,12149,Intercity,PUNE,Pune Junction,VSKP,Visakhapatnam,2026-03-24,01:30,75,At Risk,Track Obstruction,444,87,12,Clear,32,5385,59,Medium,0,0,1,85,Notify station control
1223,13224,Duronto,MAS,Chennai Central,ALD,Prayagraj Junction,2026-06-13,19:15,0,Completed,No Delay,443,91,3,Cloudy,44,7733,31,Low,0,1,0,8,Monitor
1224,12728,Superfast,GKP,Gorakhpur,ALD,Prayagraj Junction,2026-03-12,13:00,120,At Risk,Weather,1318,77,17,Fog,28,807,84,High,1,0,1,129,Reallocate platform and crew
1225,12733,Jan Shatabdi,JP,Jaipur Junction,HWH,Howrah Junction,2026-03-05,12:00,0,On Time,No Delay,695,97,4,Cloudy,24,3579,33,Low,1,1,0,1,Monitor
1226,12238,Garib Rath,NDLS,New Delhi,BCT,Mumbai Central,2026-01-28,09:00,0,On Time,No Delay,1610,59,15,Storm,43,6835,31,Low,0,1,0,0,Monitor
1227,12303,Vande Bharat,SBC,KSR Bengaluru City,LKO,Lucknow Charbagh,2026-03-24,21:15,120,Delayed,Late Incoming Train,1142,89,18,Clear,27,5661,78,High,0,0,1,127,Reallocate platform and crew
1228,13080,Duronto,JP,Jaipur Junction,NDLS,New Delhi,2026-05-18,19:45,0,On Time,No Delay,869,90,8,Clear,14,9642,30,Low,0,1,0,8,Monitor
1229,14405,Superfast,SDAH,Sealdah,KOTA,Kota Junction,2026-09-14,18:30,0,On Time,No Delay,188,94,8,Clear,34,345,31,Low,0,1,0,8,Monitor
1230,12901,Garib Rath,BBS,Bhubaneswar,SDAH,Sealdah,2026-08-22,19:30,0,On Time,No Delay,1185,87,9,Heatwave,17,2976,28,Low,0,0,0,2,Monitor
1231,12007,Express,BPL,Bhopal Junction,HWH,Howrah Junction,2026-06-27,19:00,20,Delayed,Track Obstruction,1196,89,8,Cloudy,27,1711,40,Medium,0,0,0,20,Notify station control
1232,14362,Vande Bharat,GKP,Gorakhpur,SBC,KSR Bengaluru City,2026-05-18,19:00,0,On Time,No Delay,790,75,6,Clear,39,5115,30,Low,0,0,1,4,Monitor
1233,14004,Express,ADI,Ahmedabad Junction,PNBE,Patna Junction,2026-02-26,15:00,75,At Risk,Weather,825,100,1,Fog,36,561,72,High,0,1,1,80,Reallocate platform and crew
1234,12262,Vande Bharat,ALD,Prayagraj Junction,CNB,Kanpur Central,2026-01-20,02:30,0,Completed,No Delay,1282,73,12,Clear,16,4690,25,Low,0,0,0,7,Monitor
1235,13145,Jan Shatabdi,PNBE,Patna Junction,NDLS,New Delhi,2026-08-27,15:00,12,At Risk,Maintenance Work,713,72,13,Clear,35,6292,28,Low,1,0,0,10,Monitor
1236,12076,Vande Bharat,BCT,Mumbai Central,LKO,Lucknow Charbagh,2026-09-05,05:00,999,Cancelled,Congestion,818,100,4,Rain,31,4826,100,Critical,0,1,1,999,Escalate to operations command
1237,12676,Intercity,ALD,Prayagraj Junction,NDLS,New Delhi,2026-08-18,17:00,0,On Time,No Delay,1692,74,12,Clear,43,9212,27,Low,0,1,0,7,Monitor
1238,13021,Sampark Kranti,SDAH,Sealdah,NGP,Nagpur Junction,2026-07-05,06:00,10,Delayed,Weather,758,65,14,Storm,36,3685,44,Medium,0,0,0,11,Notify station control
1239,12934,Rajdhani,SBC,KSR Bengaluru City,BBS,Bhubaneswar,2026-02-18,23:30,8,Delayed,Platform Change,1178,99,18,Rain,29,997,37,Low,0,1,0,8,Monitor
1240,12226,Duronto,PUNE,Pune Junction,CSTM,Mumbai CSMT,2026-03-26,12:15,60,At Risk,Congestion,1280,82,9,Clear,31,5846,52,Medium,0,0,1,56,Notify station control
1241,12377,Intercity,MAS,Chennai Central,HWH,Howrah Junction,2026-08-09,11:30,0,On Time,No Delay,1580,71,1,Storm,24,4000,39,Low,0,1,1,10,Monitor
1242,12169,Duronto,JP,Jaipur Junction,PNBE,Patna Junction,2026-04-19,08:45,0,Completed,No Delay,343,68,15,Heatwave,38,1340,23,Low,0,0,0,7,Monitor
1243,14017,Intercity,BBS,Bhubaneswar,BPL,Bhopal Junction,2026-01-05,11:45,0,On Time,No Delay,1734,45,12,Clear,21,522,16,Low,0,1,0,7,Monitor
1244,12028,Intercity,ALD,Prayagraj Junction,VSKP,Visakhapatnam,2026-06-02,04:00,8,Delayed,Signal Failure,985,60,8,Clear,15,6791,25,Low,0,0,0,10,Monitor
1245,12080,Jan Shatabdi,NGP,Nagpur Junction,ADI,Ahmedabad Junction,2026-05-11,05:15,5,Delayed,Weather,1393,82,8,Fog,34,109,39,Low,0,0,0,11,Monitor
1246,14560,Sampark Kranti,VSKP,Visakhapatnam,CNB,Kanpur Central,2026-08-12,15:30,0,On Time,No Delay,1356,82,6,Fog,26,122,36,Low,0,0,0,8,Monitor
1247,12881,Sampark Kranti,LKO,Lucknow Charbagh,ADI,Ahmedabad Junction,2026-02-18,00:00,0,Completed,No Delay,765,75,10,Clear,36,4974,25,Low,1,0,0,2,Monitor
1248,13181,Superfast,ALD,Prayagraj Junction,BPL,Bhopal Junction,2026-03-04,15:45,35,Delayed,Weather,1740,37,11,Fog,26,495,39,Low,1,1,0,35,Monitor
1249,14049,Rajdhani,BCT,Mumbai Central,CNB,Kanpur Central,2026-08-28,20:15,0,On Time,No Delay,390,86,10,Fog,31,513,37,Low,0,0,0,9,Monitor
1250,12017,Vande Bharat,NGP,Nagpur Junction,BPL,Bhopal Junction,2026-02-15,07:00,0,On Time,No Delay,929,49,17,Storm,25,745,28,Low,0,0,0,6,Monitor
1251,12341,Intercity,NGP,Nagpur Junction,PNBE,Patna Junction,2026-05-15,18:30,0,On Time,No Delay,1351,83,9,Cloudy,23,1529,26,Low,1,0,0,2,Monitor
1252,12894,Superfast,BCT,Mumbai Central,NGP,Nagpur Junction,2026-09-21,18:45,0,On Time,No Delay,835,78,15,Rain,32,1191,26,Low,0,0,0,9,Monitor
1253,13275,Vande Bharat,NGP,Nagpur Junction,JP,Jaipur Junction,2026-09-01,11:45,60,Delayed,Weather,661,80,16,Fog,22,722,64,Medium,0,0,1,69,Notify station control
1254,12796,Express,BCT,Mumbai Central,SBC,KSR Bengaluru City,2026-07-16,07:15,10,At Risk,Crew Delay,192,88,4,Cloudy,32,3341,31,Low,1,0,0,5,Monitor
1255,14690,Express,SBC,KSR Bengaluru City,SDAH,Sealdah,2026-03-27,12:45,0,On Time,No Delay,610,48,10,Rain,22,954,17,Low,0,0,0,0,Monitor
1256,12534,Duronto,BPL,Bhopal Junction,KOTA,Kota Junction,2026-04-22,05:00,25,Delayed,Technical Fault,638,64,18,Cloudy,41,5840,35,Low,0,0,0,24,Monitor
1257,12889,Rajdhani,GKP,Gorakhpur,HWH,Howrah Junction,2026-09-05,19:00,0,On Time,No Delay,646,76,9,Cloudy,23,2565,24,Low,0,0,0,4,Monitor
1258,13011,Superfast,BBS,Bhubaneswar,LKO,Lucknow Charbagh,2026-02-01,00:45,40,At Risk,Platform Change,297,66,15,Clear,24,7450,40,Medium,0,0,0,37,Notify station control
1259,12687,Duronto,JP,Jaipur Junction,PUNE,Pune Junction,2026-02-14,23:00,0,On Time,No Delay,1460,74,5,Rain,29,7662,26,Low,0,0,0,9,Monitor
1260,12994,Express,BPL,Bhopal Junction,NGP,Nagpur Junction,2026-06-20,10:15,0,On Time,No Delay,187,67,7,Heavy Rain,31,6222,32,Low,0,0,0,2,Monitor
1261,12918,Garib Rath,KOTA,Kota Junction,PNBE,Patna Junction,2026-06-17,05:45,0,On Time,No Delay,1491,52,2,Fog,18,587,31,Low,0,0,1,0,Monitor
1262,12448,Sampark Kranti,VSKP,Visakhapatnam,NGP,Nagpur Junction,2026-07-26,08:45,0,Completed,No Delay,1060,79,6,Fog,14,120,37,Low,0,0,0,7,Monitor
1263,14558,Garib Rath,CSTM,Mumbai CSMT,LKO,Lucknow Charbagh,2026-02-09,19:45,0,On Time,No Delay,1380,80,7,Cloudy,32,9650,30,Low,1,0,0,10,Monitor
1264,14641,Superfast,BCT,Mumbai Central,KOTA,Kota Junction,2026-03-05,23:15,0,On Time,No Delay,1618,93,7,Clear,18,7131,34,Low,0,1,0,8,Monitor
1265,13213,Duronto,GKP,Gorakhpur,ADI,Ahmedabad Junction,2026-04-09,00:00,0,On Time,No Delay,1379,67,3,Rain,35,2009,23,Low,1,0,0,4,Monitor
1266,14156,Duronto,CSTM,Mumbai CSMT,SBC,KSR Bengaluru City,2026-06-13,22:45,0,On Time,No Delay,1391,46,17,Clear,36,5283,19,Low,0,0,0,4,Monitor
1267,12266,Jan Shatabdi,PNBE,Patna Junction,BBS,Bhubaneswar,2026-09-02,12:00,15,Delayed,Late Incoming Train,1496,59,11,Clear,35,9256,32,Low,0,0,1,19,Monitor
1268,14583,Superfast,SBC,KSR Bengaluru City,JP,Jaipur Junction,2026-08-20,08:45,0,On Time,No Delay,1357,71,18,Cloudy,41,4740,25,Low,0,0,1,0,Monitor
1269,12701,Sampark Kranti,SBC,KSR Bengaluru City,GKP,Gorakhpur,2026-01-04,13:30,90,At Risk,Platform Change,424,93,5,Clear,27,1670,64,Medium,0,1,1,97,Notify station control
1270,14188,Jan Shatabdi,CNB,Kanpur Central,LKO,Lucknow Charbagh,2026-06-04,05:30,0,On Time,No Delay,1202,81,17,Clear,44,6830,27,Low,0,0,1,5,Monitor
1271,12801,Rajdhani,BBS,Bhubaneswar,NGP,Nagpur Junction,2026-07-13,11:30,0,On Time,No Delay,871,48,17,Cloudy,41,2475,18,Low,0,0,0,0,Monitor
1272,12423,Garib Rath,LKO,Lucknow Charbagh,HWH,Howrah Junction,2026-09-14,17:45,30,At Risk,Late Incoming Train,1385,72,16,Clear,43,5151,33,Low,0,0,0,29,Monitor
1273,12741,Express,NDLS,New Delhi,ALD,Prayagraj Junction,2026-01-06,01:30,10,At Risk,Crew Delay,1016,86,10,Cloudy,39,4687,30,Low,1,0,1,11,Monitor
1274,14695,Jan Shatabdi,BCT,Mumbai Central,GKP,Gorakhpur,2026-07-21,02:45,0,On Time,No Delay,1771,100,9,Storm,37,1433,42,Medium,1,1,0,3,Notify station control
1275,14563,Duronto,KOTA,Kota Junction,BBS,Bhubaneswar,2026-04-12,12:45,40,At Risk,Weather,730,86,9,Storm,30,515,55,Medium,0,0,1,45,Notify station control
1276,12074,Superfast,JP,Jaipur Junction,ALD,Prayagraj Junction,2026-05-09,04:00,25,Delayed,Signal Failure,869,85,18,Cloudy,15,2599,40,Medium,0,0,0,33,Notify station control
1277,13168,Sampark Kranti,PUNE,Pune Junction,CSTM,Mumbai CSMT,2026-04-04,18:45,0,Completed,No Delay,1246,70,1,Clear,28,3432,29,Low,0,0,0,4,Monitor
1278,12969,Intercity,VSKP,Visakhapatnam,PNBE,Patna Junction,2026-04-01,16:15,45,Delayed,Weather,1524,100,10,Storm,16,8712,61,Medium,1,1,0,48,Notify station control
1279,14351,Jan Shatabdi,KOTA,Kota Junction,LKO,Lucknow Charbagh,2026-05-06,14:45,30,At Risk,Platform Change,505,76,6,Clear,42,7334,34,Low,1,0,1,36,Monitor
1280,14327,Shatabdi,BBS,Bhubaneswar,JP,Jaipur Junction,2026-02-26,16:00,90,At Risk,Signal Failure,966,100,13,Clear,19,9972,64,Medium,0,1,1,87,Notify station control
1281,14320,Garib Rath,VSKP,Visakhapatnam,GKP,Gorakhpur,2026-08-24,04:15,60,At Risk,Weather,1333,67,1,Fog,43,510,56,Medium,0,0,1,62,Notify station control
1282,14180,Jan Shatabdi,BBS,Bhubaneswar,HWH,Howrah Junction,2026-06-27,08:45,0,Completed,No Delay,490,95,6,Clear,21,8025,33,Low,0,1,1,0,Monitor
1283,12860,Express,BCT,Mumbai Central,GKP,Gorakhpur,2026-08-17,02:30,30,Delayed,Maintenance Work,1041,62,17,Clear,16,9223,35,Low,1,0,0,26,Monitor
1284,13064,Sampark Kranti,GKP,Gorakhpur,CSTM,Mumbai CSMT,2026-09-09,17:45,0,On Time,No Delay,936,76,17,Cloudy,33,6699,24,Low,1,0,0,7,Monitor
1285,14303,Duronto,NGP,Nagpur Junction,SBC,KSR Bengaluru City,2026-06-24,02:00,0,Completed,No Delay,996,85,13,Rain,35,2082,26,Low,1,0,0,0,Monitor
1286,14467,Intercity,SDAH,Sealdah,KOTA,Kota Junction,2026-08-19,04:15,12,At Risk,Technical Fault,234,81,16,Cloudy,14,6882,32,Low,0,0,0,8,Monitor
1287,14572,Duronto,BBS,Bhubaneswar,SDAH,Sealdah,2026-01-08,22:30,0,On Time,No Delay,653,81,17,Cloudy,35,7454,30,Low,1,0,1,4,Monitor
1288,14242,Express,BCT,Mumbai Central,VSKP,Visakhapatnam,2026-08-08,23:00,75,Delayed,Weather,571,100,11,Fog,25,787,73,High,0,1,1,70,Reallocate platform and crew
1289,12342,Superfast,MAS,Chennai Central,PUNE,Pune Junction,2026-04-17,08:30,0,On Time,No Delay,1752,66,2,Clear,25,2380,26,Low,1,1,1,0,Monitor
1290,12948,Jan Shatabdi,ADI,Ahmedabad Junction,BCT,Mumbai Central,2026-06-28,01:15,12,Delayed,Weather,310,96,10,Storm,42,8219,44,Medium,0,1,0,10,Notify station control
1291,14115,Superfast,BPL,Bhopal Junction,GKP,Gorakhpur,2026-01-28,04:15,60,Delayed,Weather,1412,79,15,Fog,42,541,63,Medium,1,0,1,69,Notify station control
1292,13155,Jan Shatabdi,JP,Jaipur Junction,ADI,Ahmedabad Junction,2026-01-03,13:15,0,On Time,No Delay,1148,77,10,Clear,14,4099,30,Low,0,0,0,8,Monitor
1293,14228,Express,SDAH,Sealdah,CNB,Kanpur Central,2026-02-17,12:15,20,Delayed,Weather,1372,89,6,Fog,33,800,51,Medium,0,0,0,19,Notify station control
1294,14512,Superfast,BCT,Mumbai Central,MAS,Chennai Central,2026-05-18,07:45,35,Delayed,Crew Delay,644,71,6,Cloudy,23,1782,38,Low,0,0,0,41,Monitor
1295,14127,Garib Rath,BPL,Bhopal Junction,NDLS,New Delhi,2026-05-24,19:00,0,On Time,No Delay,1144,72,4,Clear,25,9676,25,Low,0,0,1,4,Monitor
1296,14101,Superfast,NGP,Nagpur Junction,CSTM,Mumbai CSMT,2026-04-26,09:30,0,On Time,No Delay,519,61,3,Clear,30,1840,22,Low,0,0,0,0,Monitor
1297,12191,Sampark Kranti,BBS,Bhubaneswar,BPL,Bhopal Junction,2026-05-22,20:15,0,On Time,No Delay,1601,59,1,Cloudy,37,2404,24,Low,1,1,1,0,Monitor
1298,12455,Superfast,SBC,KSR Bengaluru City,NDLS,New Delhi,2026-08-15,03:45,0,Completed,No Delay,1357,77,13,Rain,36,3366,24,Low,0,0,1,1,Monitor
1299,14010,Rajdhani,NGP,Nagpur Junction,VSKP,Visakhapatnam,2026-02-07,23:45,0,On Time,No Delay,987,86,2,Clear,18,2397,26,Low,0,0,0,2,Monitor
1300,12754,Express,NGP,Nagpur Junction,GKP,Gorakhpur,2026-05-09,12:00,0,On Time,No Delay,372,69,16,Rain,41,7711,26,Low,0,0,0,0,Monitor
1301,12079,Duronto,ADI,Ahmedabad Junction,LKO,Lucknow Charbagh,2026-01-04,17:45,0,On Time,No Delay,897,87,13,Heavy Rain,43,6206,41,Medium,0,0,1,4,Notify station control
1302,12449,Vande Bharat,PUNE,Pune Junction,PNBE,Patna Junction,2026-03-16,21:45,0,On Time,No Delay,1716,80,12,Cloudy,37,6548,29,Low,0,1,0,5,Monitor
1303,12239,Sampark Kranti,BPL,Bhopal Junction,ADI,Ahmedabad Junction,2026-05-18,12:45,0,On Time,No Delay,1301,58,11,Clear,24,1341,25,Low,0,0,0,1,Monitor
1304,14469,Vande Bharat,SDAH,Sealdah,SBC,KSR Bengaluru City,2026-08-10,18:15,35,Delayed,Crew Delay,658,100,3,Cloudy,22,6217,44,Medium,0,1,0,42,Notify station control
1305,12215,Garib Rath,SDAH,Sealdah,BPL,Bhopal Junction,2026-05-08,14:45,90,Delayed,Maintenance Work,1387,80,5,Cloudy,41,432,60,Medium,0,0,1,85,Notify station control
1306,12366,Vande Bharat,NGP,Nagpur Junction,VSKP,Visakhapatnam,2026-05-07,18:00,0,On Time,No Delay,945,66,17,Cloudy,15,1279,21,Low,0,0,0,10,Monitor
1307,12233,Vande Bharat,LKO,Lucknow Charbagh,CSTM,Mumbai CSMT,2026-07-10,04:30,75,Delayed,Track Obstruction,210,57,18,Clear,28,1894,46,Medium,0,0,1,82,Notify station control
1308,14083,Jan Shatabdi,VSKP,Visakhapatnam,BCT,Mumbai Central,2026-01-13,01:00,5,Delayed,Platform Change,1364,77,7,Clear,21,1481,28,Low,0,0,0,8,Monitor
1309,12124,Jan Shatabdi,MAS,Chennai Central,PUNE,Pune Junction,2026-03-01,12:45,40,Delayed,Weather,1604,89,5,Storm,19,5023,60,Medium,0,1,0,38,Notify station control
1310,12341,Shatabdi,BBS,Bhubaneswar,BCT,Mumbai Central,2026-04-28,23:15,0,On Time,No Delay,1339,77,5,Rain,14,1863,31,Low,0,0,0,7,Monitor
1311,12436,Rajdhani,SDAH,Sealdah,MAS,Chennai Central,2026-02-04,06:30,0,On Time,No Delay,1382,91,2,Clear,25,6489,27,Low,0,1,0,0,Monitor
1312,12629,Sampark Kranti,ALD,Prayagraj Junction,JP,Jaipur Junction,2026-04-24,19:30,0,On Time,No Delay,536,92,12,Clear,19,8770,30,Low,0,1,0,0,Monitor
1313,12943,Duronto,LKO,Lucknow Charbagh,VSKP,Visakhapatnam,2026-07-07,08:15,0,On Time,No Delay,998,67,15,Clear,27,381,22,Low,1,0,1,3,Monitor
1314,13132,Intercity,BCT,Mumbai Central,KOTA,Kota Junction,2026-06-13,02:30,120,At Risk,Crew Delay,746,100,18,Cloudy,34,6206,75,High,0,1,1,130,Reallocate platform and crew
1315,13248,Superfast,MAS,Chennai Central,NGP,Nagpur Junction,2026-08-26,11:15,10,Delayed,Platform Change,502,68,17,Clear,15,7124,28,Low,0,0,0,14,Monitor
1316,14590,Superfast,PUNE,Pune Junction,NGP,Nagpur Junction,2026-06-07,17:45,0,On Time,No Delay,1772,84,9,Fog,43,863,40,Medium,0,1,0,8,Notify station control
1317,14444,Vande Bharat,SDAH,Sealdah,KOTA,Kota Junction,2026-08-28,20:45,0,On Time,No Delay,1628,76,5,Clear,23,1991,25,Low,0,1,0,10,Monitor
1318,12742,Garib Rath,SBC,KSR Bengaluru City,GKP,Gorakhpur,2026-07-26,03:45,0,On Time,No Delay,1021,61,18,Rain,24,8495,26,Low,0,0,0,8,Monitor
1319,12973,Express,ALD,Prayagraj Junction,SDAH,Sealdah,2026-09-21,06:45,25,Delayed,Late Incoming Train,1792,67,12,Cloudy,41,3979,36,Low,0,1,1,22,Monitor
1320,12703,Express,CSTM,Mumbai CSMT,NDLS,New Delhi,2026-07-27,15:00,120,At Risk,Signal Failure,1145,63,6,Clear,38,366,65,High,1,0,1,123,Reallocate platform and crew
1321,13294,Garib Rath,ALD,Prayagraj Junction,SDAH,Sealdah,2026-03-24,18:15,12,Delayed,Track Obstruction,764,68,10,Clear,39,7542,29,Low,0,0,0,12,Monitor
1322,13197,Intercity,BPL,Bhopal Junction,JP,Jaipur Junction,2026-07-27,18:30,0,On Time,No Delay,1404,81,4,Fog,28,222,43,Medium,0,0,0,4,Notify station control
1323,12324,Intercity,PNBE,Patna Junction,CSTM,Mumbai CSMT,2026-04-20,03:00,60,At Risk,Maintenance Work,361,64,1,Rain,27,9322,44,Medium,0,0,1,61,Notify station control
1324,12322,Superfast,HWH,Howrah Junction,NGP,Nagpur Junction,2026-04-09,08:15,5,At Risk,Crew Delay,1342,64,9,Clear,37,9886,21,Low,0,0,0,2,Monitor
1325,14285,Vande Bharat,BBS,Bhubaneswar,NGP,Nagpur Junction,2026-08-20,06:00,0,Completed,No Delay,385,70,18,Clear,39,4646,22,Low,0,0,1,0,Monitor
1326,14412,Shatabdi,CSTM,Mumbai CSMT,JP,Jaipur Junction,2026-03-17,17:45,0,On Time,No Delay,1364,100,3,Storm,38,708,41,Medium,0,1,0,4,Notify station control
1327,13270,Rajdhani,NGP,Nagpur Junction,HWH,Howrah Junction,2026-03-02,06:30,10,At Risk,Weather,684,74,7,Fog,22,593,45,Medium,0,0,0,15,Notify station control
1328,14008,Express,SBC,KSR Bengaluru City,CSTM,Mumbai CSMT,2026-02-26,15:00,12,Delayed,Track Obstruction,600,83,18,Cloudy,26,1262,29,Low,1,0,0,17,Monitor
1329,12375,Garib Rath,SBC,KSR Bengaluru City,SDAH,Sealdah,2026-02-05,17:45,0,Completed,No Delay,457,70,1,Fog,19,613,38,Low,0,0,0,0,Monitor
1330,12463,Shatabdi,JP,Jaipur Junction,CNB,Kanpur Central,2026-04-18,02:00,20,At Risk,Weather,1224,91,12,Storm,29,6535,48,Medium,0,1,0,28,Notify station control
1331,14615,Intercity,BBS,Bhubaneswar,JP,Jaipur Junction,2026-06-07,10:00,0,On Time,No Delay,766,86,4,Cloudy,25,4952,25,Low,0,0,0,0,Monitor
1332,12550,Shatabdi,NGP,Nagpur Junction,VSKP,Visakhapatnam,2026-01-05,20:30,0,On Time,No Delay,885,94,11,Clear,19,5594,28,Low,0,1,0,10,Monitor
1333,12291,Express,JP,Jaipur Junction,PNBE,Patna Junction,2026-07-15,11:45,30,Delayed,Congestion,1052,66,8,Cloudy,15,801,34,Low,1,0,0,28,Monitor
1334,13165,Garib Rath,SBC,KSR Bengaluru City,BPL,Bhopal Junction,2026-07-12,00:30,999,Cancelled,Track Obstruction,1113,83,5,Clear,26,6922,100,Critical,0,0,1,999,Escalate to operations command
1335,14203,Rajdhani,BPL,Bhopal Junction,NDLS,New Delhi,2026-01-26,22:45,0,On Time,No Delay,1519,82,8,Fog,14,467,41,Medium,0,1,0,8,Notify station control
1336,12082,Intercity,HWH,Howrah Junction,NDLS,New Delhi,2026-01-16,13:15,0,On Time,No Delay,1556,72,9,Cloudy,39,1943,26,Low,1,1,0,0,Monitor
1337,12316,Superfast,SBC,KSR Bengaluru City,ALD,Prayagraj Junction,2026-03-17,06:30,18,At Risk,Technical Fault,1310,81,5,Clear,23,515,35,Low,1,0,0,21,Monitor
1338,14639,Rajdhani,KOTA,Kota Junction,GKP,Gorakhpur,2026-02-23,03:15,0,On Time,No Delay,1667,83,18,Clear,22,7711,30,Low,0,1,0,0,Monitor
1339,13025,Superfast,CNB,Kanpur Central,NDLS,New Delhi,2026-06-16,17:00,0,Completed,No Delay,478,86,5,Heatwave,43,425,32,Low,0,0,0,8,Monitor
1340,14331,Rajdhani,KOTA,Kota Junction,VSKP,Visakhapatnam,2026-05-03,19:30,0,On Time,No Delay,329,94,1,Cloudy,42,5216,28,Low,0,1,0,4,Monitor
1341,12384,Garib Rath,SDAH,Sealdah,ALD,Prayagraj Junction,2026-01-13,07:30,0,On Time,No Delay,1110,68,5,Cloudy,31,896,22,Low,1,0,0,0,Monitor
1342,12087,Vande Bharat,BBS,Bhubaneswar,GKP,Gorakhpur,2026-06-18,10:30,12,Delayed,Track Obstruction,634,100,15,Rain,22,4224,41,Medium,0,1,0,19,Notify station control
1343,14574,Garib Rath,BBS,Bhubaneswar,CNB,Kanpur Central,2026-03-17,19:45,5,Delayed,Weather,562,54,14,Cloudy,33,7343,24,Low,0,0,0,1,Monitor
1344,12294,Rajdhani,NDLS,New Delhi,NGP,Nagpur Junction,2026-07-11,04:45,0,On Time,No Delay,672,64,8,Clear,28,4778,23,Low,0,0,0,9,Monitor
1345,12754,Jan Shatabdi,NGP,Nagpur Junction,CSTM,Mumbai CSMT,2026-07-10,08:30,0,On Time,No Delay,1310,89,1,Cloudy,30,4893,27,Low,0,0,0,10,Monitor
1346,12542,Rajdhani,VSKP,Visakhapatnam,PNBE,Patna Junction,2026-02-15,22:15,18,Delayed,Technical Fault,693,81,6,Clear,20,5239,35,Low,0,0,0,13,Monitor
1347,13044,Vande Bharat,JP,Jaipur Junction,HWH,Howrah Junction,2026-07-01,05:30,0,Completed,No Delay,401,69,15,Clear,23,9883,21,Low,0,0,1,7,Monitor
1348,14108,Vande Bharat,MAS,Chennai Central,BPL,Bhopal Junction,2026-04-28,02:30,0,Completed,No Delay,1525,88,5,Clear,33,5836,32,Low,0,1,0,4,Monitor
1349,14350,Vande Bharat,ALD,Prayagraj Junction,SDAH,Sealdah,2026-03-27,04:00,0,On Time,No Delay,466,64,3,Clear,28,2887,20,Low,0,0,0,10,Monitor
1350,14060,Jan Shatabdi,JP,Jaipur Junction,CSTM,Mumbai CSMT,2026-04-16,00:45,0,Completed,No Delay,424,66,12,Clear,35,4244,25,Low,0,0,1,0,Monitor
1351,13197,Rajdhani,PUNE,Pune Junction,SDAH,Sealdah,2026-07-04,21:00,0,Completed,No Delay,652,60,10,Clear,31,6170,18,Low,0,0,0,0,Monitor
1352,12783,Vande Bharat,HWH,Howrah Junction,KOTA,Kota Junction,2026-06-14,03:45,0,On Time,No Delay,1182,66,16,Cloudy,16,1312,20,Low,0,0,0,0,Monitor
1353,13049,Garib Rath,SDAH,Sealdah,SBC,KSR Bengaluru City,2026-04-05,23:15,10,At Risk,Congestion,904,88,15,Cloudy,32,2636,31,Low,0,0,0,5,Monitor
1354,14160,Jan Shatabdi,CSTM,Mumbai CSMT,NGP,Nagpur Junction,2026-06-07,21:00,35,At Risk,Weather,1083,73,10,Clear,40,4315,39,Low,0,0,0,30,Monitor
1355,14255,Intercity,CSTM,Mumbai CSMT,BBS,Bhubaneswar,2026-08-18,01:45,40,At Risk,Technical Fault,1529,44,14,Clear,16,2348,29,Low,0,1,0,40,Monitor
1356,12417,Vande Bharat,CSTM,Mumbai CSMT,BCT,Mumbai Central,2026-04-11,07:15,0,On Time,No Delay,1159,81,18,Clear,35,7538,24,Low,0,0,1,7,Monitor
1357,14216,Jan Shatabdi,SDAH,Sealdah,PUNE,Pune Junction,2026-02-03,09:15,0,On Time,No Delay,462,60,10,Clear,34,8698,22,Low,0,0,1,8,Monitor
1358,12603,Rajdhani,KOTA,Kota Junction,JP,Jaipur Junction,2026-04-05,08:45,0,On Time,No Delay,1108,90,11,Rain,38,4324,31,Low,0,1,0,0,Monitor
1359,13249,Sampark Kranti,CNB,Kanpur Central,ALD,Prayagraj Junction,2026-02-11,06:15,0,On Time,No Delay,1726,99,4,Storm,29,9372,42,Medium,0,1,0,10,Notify station control
1360,12336,Rajdhani,BCT,Mumbai Central,SDAH,Sealdah,2026-03-16,05:30,45,At Risk,Platform Change,984,70,10,Clear,19,7362,42,Medium,0,0,0,47,Notify station control
1361,12732,Express,LKO,Lucknow Charbagh,BPL,Bhopal Junction,2026-07-06,05:30,0,Completed,No Delay,983,66,16,Clear,27,4562,25,Low,1,0,0,9,Monitor
1362,13116,Rajdhani,GKP,Gorakhpur,JP,Jaipur Junction,2026-06-13,17:30,0,On Time,No Delay,824,99,1,Cloudy,44,7071,34,Low,1,1,1,0,Monitor
1363,12154,Duronto,HWH,Howrah Junction,MAS,Chennai Central,2026-05-28,04:00,75,At Risk,Technical Fault,1403,99,1,Rain,33,7522,62,Medium,0,1,1,76,Notify station control
1364,12339,Intercity,SDAH,Sealdah,KOTA,Kota Junction,2026-08-24,18:45,45,At Risk,Technical Fault,481,67,7,Heatwave,23,8384,41,Medium,0,0,0,40,Notify station control
1365,12367,Garib Rath,SDAH,Sealdah,BPL,Bhopal Junction,2026-08-21,23:15,8,Delayed,Crew Delay,651,65,3,Cloudy,23,7718,28,Low,0,0,0,7,Monitor
1366,12841,Shatabdi,BCT,Mumbai Central,KOTA,Kota Junction,2026-09-14,06:00,60,At Risk,Maintenance Work,204,61,13,Cloudy,20,6968,47,Medium,0,0,1,62,Notify station control
1367,12420,Rajdhani,HWH,Howrah Junction,CSTM,Mumbai CSMT,2026-07-28,14:45,8,At Risk,Late Incoming Train,778,64,13,Heatwave,40,4447,30,Low,0,0,0,9,Monitor
1368,12589,Jan Shatabdi,NDLS,New Delhi,ALD,Prayagraj Junction,2026-05-14,19:15,120,Delayed,Track Obstruction,1608,75,7,Rain,26,442,75,High,0,1,1,125,Reallocate platform and crew
1369,13154,Garib Rath,NDLS,New Delhi,GKP,Gorakhpur,2026-02-04,10:30,8,Delayed,Crew Delay,478,74,3,Clear,43,9539,27,Low,0,0,0,14,Monitor
1370,14245,Jan Shatabdi,BPL,Bhopal Junction,HWH,Howrah Junction,2026-02-02,09:00,8,At Risk,Signal Failure,623,90,17,Cloudy,37,8648,34,Low,0,1,0,4,Monitor
1371,12245,Intercity,ADI,Ahmedabad Junction,PUNE,Pune Junction,2026-08-11,11:00,0,On Time,No Delay,335,65,7,Cloudy,30,1988,22,Low,0,0,0,1,Monitor
1372,14682,Rajdhani,SBC,KSR Bengaluru City,BCT,Mumbai Central,2026-01-03,19:00,0,On Time,No Delay,830,49,13,Clear,23,7629,17,Low,0,0,0,10,Monitor
1373,12352,Sampark Kranti,SDAH,Sealdah,BBS,Bhubaneswar,2026-07-15,11:15,20,Delayed,Track Obstruction,1072,87,13,Cloudy,27,8776,37,Low,0,0,1,18,Monitor
1374,14009,Express,SBC,KSR Bengaluru City,MAS,Chennai Central,2026-06-14,10:45,40,At Risk,Weather,1278,83,7,Fog,25,274,53,Medium,1,0,0,46,Notify station control
1375,13132,Superfast,SDAH,Sealdah,GKP,Gorakhpur,2026-02-15,22:45,0,Completed,No Delay,1364,61,17,Storm,19,4925,32,Low,0,0,0,7,Monitor
1376,12109,Superfast,LKO,Lucknow Charbagh,GKP,Gorakhpur,2026-09-11,06:15,30,Delayed,Platform Change,1302,54,16,Heatwave,33,3708,28,Low,0,0,0,31,Monitor
1377,14297,Intercity,VSKP,Visakhapatnam,MAS,Chennai Central,2026-02-08,00:45,25,Delayed,Track Obstruction,1486,59,2,Clear,19,5541,29,Low,0,0,1,31,Monitor
1378,14473,Express,SBC,KSR Bengaluru City,NDLS,New Delhi,2026-08-15,23:00,0,On Time,No Delay,196,93,15,Rain,38,3966,32,Low,0,1,1,0,Monitor
1379,12918,Superfast,HWH,Howrah Junction,ALD,Prayagraj Junction,2026-02-02,04:30,0,On Time,No Delay,1516,61,1,Rain,38,1307,19,Low,0,1,0,9,Monitor
1380,12987,Garib Rath,SDAH,Sealdah,PUNE,Pune Junction,2026-02-13,11:45,8,Delayed,Maintenance Work,1596,75,15,Clear,29,1839,32,Low,0,1,1,16,Monitor
1381,13299,Express,CNB,Kanpur Central,NGP,Nagpur Junction,2026-06-05,05:30,0,On Time,No Delay,1428,73,8,Clear,20,5011,29,Low,0,0,0,3,Monitor
1382,13126,Express,SDAH,Sealdah,NGP,Nagpur Junction,2026-06-23,09:45,18,Delayed,Track Obstruction,1366,61,3,Clear,38,4533,28,Low,1,0,0,13,Monitor
1383,12198,Shatabdi,PUNE,Pune Junction,VSKP,Visakhapatnam,2026-07-01,00:00,0,On Time,No Delay,1381,100,11,Heavy Rain,15,1875,41,Medium,0,1,0,0,Notify station control
1384,13172,Sampark Kranti,SDAH,Sealdah,NGP,Nagpur Junction,2026-05-17,16:15,30,At Risk,Weather,1404,97,15,Fog,41,649,59,Medium,0,1,0,31,Notify station control
1385,12277,Duronto,CNB,Kanpur Central,PNBE,Patna Junction,2026-03-01,06:00,0,On Time,No Delay,1146,50,13,Cloudy,21,8579,20,Low,0,0,0,7,Monitor
1386,14055,Superfast,BBS,Bhubaneswar,SDAH,Sealdah,2026-05-01,01:00,0,On Time,No Delay,815,64,13,Cloudy,31,5757,22,Low,0,0,0,0,Monitor
1387,14451,Rajdhani,SDAH,Sealdah,NDLS,New Delhi,2026-02-13,20:15,0,On Time,No Delay,952,79,1,Rain,31,5836,26,Low,0,0,1,1,Monitor
1388,12741,Intercity,BCT,Mumbai Central,PUNE,Pune Junction,2026-09-27,19:15,20,At Risk,Crew Delay,206,63,3,Clear,43,1253,27,Low,1,0,0,16,Monitor
1389,14167,Shatabdi,CSTM,Mumbai CSMT,GKP,Gorakhpur,2026-01-20,23:15,35,At Risk,Weather,271,85,8,Fog,24,795,52,Medium,0,0,0,32,Notify station control
1390,12782,Express,BCT,Mumbai Central,JP,Jaipur Junction,2026-03-05,21:45,0,On Time,No Delay,1757,95,14,Clear,26,3091,32,Low,1,1,0,0,Monitor
1391,13198,Sampark Kranti,PNBE,Patna Junction,CSTM,Mumbai CSMT,2026-01-12,21:15,0,On Time,No Delay,1608,100,1,Cloudy,41,5993,35,Low,0,1,0,2,Monitor
1392,14656,Express,PUNE,Pune Junction,NDLS,New Delhi,2026-07-20,07:45,0,Completed,No Delay,1447,73,17,Cloudy,23,2585,22,Low,0,0,0,0,Monitor
1393,12097,Shatabdi,NGP,Nagpur Junction,CNB,Kanpur Central,2026-07-08,13:30,0,On Time,No Delay,1160,73,16,Cloudy,29,6822,30,Low,1,0,0,0,Monitor
1394,13282,Duronto,NDLS,New Delhi,HWH,Howrah Junction,2026-08-21,12:00,60,Delayed,Technical Fault,556,69,14,Clear,27,7426,47,Medium,0,0,1,55,Notify station control
1395,12524,Jan Shatabdi,BPL,Bhopal Junction,LKO,Lucknow Charbagh,2026-03-11,10:45,0,Completed,No Delay,1642,56,15,Cloudy,23,9815,23,Low,0,1,0,2,Monitor
1396,12456,Superfast,BBS,Bhubaneswar,VSKP,Visakhapatnam,2026-09-01,10:00,0,Completed,No Delay,958,71,10,Fog,14,642,41,Medium,1,0,0,1,Notify station control
1397,12399,Express,CSTM,Mumbai CSMT,LKO,Lucknow Charbagh,2026-07-12,02:45,0,On Time,No Delay,973,66,7,Heatwave,32,1446,28,Low,1,0,0,0,Monitor
1398,12968,Intercity,CSTM,Mumbai CSMT,SDAH,Sealdah,2026-03-17,14:45,0,On Time,No Delay,919,92,2,Fog,14,815,44,Medium,0,1,0,0,Notify station control
1399,12181,Vande Bharat,CNB,Kanpur Central,BBS,Bhubaneswar,2026-05-06,18:00,15,Delayed,Signal Failure,432,100,11,Cloudy,34,516,34,Low,0,1,1,22,Monitor
1400,12424,Duronto,BPL,Bhopal Junction,CNB,Kanpur Central,2026-01-01,15:15,0,On Time,No Delay,1418,94,7,Clear,40,2250,33,Low,0,1,0,0,Monitor
1401,12823,Intercity,NDLS,New Delhi,MAS,Chennai Central,2026-05-13,21:30,75,Delayed,Maintenance Work,924,78,10,Clear,14,5651,56,Medium,0,0,1,72,Notify station control
1402,12807,Intercity,NGP,Nagpur Junction,PNBE,Patna Junction,2026-02-09,12:45,120,Delayed,Weather,1502,100,10,Heavy Rain,22,6405,87,Critical,0,1,1,123,Escalate to operations command
1403,14046,Jan Shatabdi,ALD,Prayagraj Junction,GKP,Gorakhpur,2026-03-28,13:45,0,On Time,No Delay,728,49,18,Rain,37,4046,22,Low,1,0,1,6,Monitor
1404,13239,Jan Shatabdi,SBC,KSR Bengaluru City,VSKP,Visakhapatnam,2026-04-06,20:45,0,On Time,No Delay,1537,74,15,Clear,29,6278,27,Low,0,1,0,10,Monitor
1405,12685,Garib Rath,KOTA,Kota Junction,ALD,Prayagraj Junction,2026-06-26,01:30,0,On Time,No Delay,1672,57,11,Fog,41,628,30,Low,0,1,0,6,Monitor
1406,14435,Intercity,BCT,Mumbai Central,SBC,KSR Bengaluru City,2026-04-24,15:15,5,Delayed,Crew Delay,754,84,6,Clear,43,3513,32,Low,0,0,1,1,Monitor
1407,12882,Superfast,GKP,Gorakhpur,LKO,Lucknow Charbagh,2026-06-01,21:15,5,Delayed,Signal Failure,309,64,12,Clear,17,6105,21,Low,0,0,0,4,Monitor
1408,12927,Superfast,ALD,Prayagraj Junction,HWH,Howrah Junction,2026-04-03,23:00,0,On Time,No Delay,1130,82,9,Clear,38,4109,32,Low,0,0,0,2,Monitor
1409,12785,Superfast,HWH,Howrah Junction,MAS,Chennai Central,2026-02-23,01:30,30,Delayed,Weather,1001,56,9,Storm,18,9333,45,Medium,0,0,0,37,Notify station control
1410,14325,Jan Shatabdi,BBS,Bhubaneswar,PUNE,Pune Junction,2026-06-04,02:45,45,At Risk,Congestion,344,100,9,Clear,34,7367,45,Medium,1,1,0,42,Notify station control
1411,13141,Vande Bharat,JP,Jaipur Junction,BPL,Bhopal Junction,2026-07-04,04:00,8,Delayed,Platform Change,457,57,4,Heatwave,27,7765,22,Low,0,0,0,10,Monitor
1412,13155,Duronto,LKO,Lucknow Charbagh,PNBE,Patna Junction,2026-07-06,00:00,30,At Risk,Weather,1722,79,14,Fog,14,606,49,Medium,1,1,1,28,Notify station control
1413,12711,Sampark Kranti,NGP,Nagpur Junction,KOTA,Kota Junction,2026-06-24,19:15,25,At Risk,Crew Delay,1446,46,14,Clear,37,8394,25,Low,0,0,0,29,Monitor
1414,14130,Shatabdi,SDAH,Sealdah,VSKP,Visakhapatnam,2026-02-22,09:15,0,Completed,No Delay,620,54,9,Storm,39,4054,37,Low,0,0,0,0,Monitor
1415,13178,Vande Bharat,BCT,Mumbai Central,MAS,Chennai Central,2026-06-15,12:45,0,On Time,No Delay,1571,81,8,Clear,17,4335,26,Low,0,1,0,0,Monitor
1416,12392,Superfast,MAS,Chennai Central,CSTM,Mumbai CSMT,2026-07-20,11:15,0,On Time,No Delay,764,83,9,Clear,20,1693,29,Low,0,0,0,1,Monitor
1417,12586,Sampark Kranti,CSTM,Mumbai CSMT,BCT,Mumbai Central,2026-02-15,06:15,12,Delayed,Track Obstruction,836,84,4,Rain,44,7962,34,Low,1,0,0,11,Monitor
1418,14019,Sampark Kranti,PNBE,Patna Junction,HWH,Howrah Junction,2026-07-19,02:30,0,On Time,No Delay,1211,76,16,Clear,21,2849,24,Low,1,0,0,0,Monitor
1419,14156,Express,VSKP,Visakhapatnam,SBC,KSR Bengaluru City,2026-06-28,06:00,0,On Time,No Delay,460,55,16,Clear,14,7542,23,Low,0,0,0,4,Monitor
1420,13007,Rajdhani,ADI,Ahmedabad Junction,JP,Jaipur Junction,2026-06-02,05:30,18,At Risk,Platform Change,1700,66,17,Clear,21,9482,31,Low,0,1,0,14,Monitor
1421,14198,Intercity,PNBE,Patna Junction,BPL,Bhopal Junction,2026-02-18,22:15,0,On Time,No Delay,277,73,7,Cloudy,22,6986,28,Low,0,0,0,9,Monitor
1422,14465,Shatabdi,PUNE,Pune Junction,VSKP,Visakhapatnam,2026-04-08,08:45,0,On Time,No Delay,1305,96,5,Fog,28,256,40,Medium,0,1,0,0,Notify station control
1423,14440,Duronto,BCT,Mumbai Central,SDAH,Sealdah,2026-09-04,23:45,0,On Time,No Delay,1276,70,8,Clear,19,816,28,Low,0,0,1,1,Monitor
1424,12031,Jan Shatabdi,PUNE,Pune Junction,VSKP,Visakhapatnam,2026-08-06,01:00,10,Delayed,Maintenance Work,682,68,13,Cloudy,33,506,28,Low,1,0,1,14,Monitor
1425,12411,Garib Rath,NDLS,New Delhi,BPL,Bhopal Junction,2026-02-06,06:45,12,Delayed,Weather,198,60,9,Heavy Rain,31,6283,43,Medium,1,0,0,7,Notify station control
1426,13111,Shatabdi,NDLS,New Delhi,ALD,Prayagraj Junction,2026-08-05,19:45,999,Cancelled,Weather,920,80,9,Cloudy,43,6253,100,Critical,1,0,1,999,Escalate to operations command
1427,13215,Sampark Kranti,CNB,Kanpur Central,LKO,Lucknow Charbagh,2026-04-19,11:45,0,On Time,No Delay,340,77,4,Clear,36,8508,27,Low,0,0,1,8,Monitor
1428,13298,Intercity,HWH,Howrah Junction,MAS,Chennai Central,2026-04-18,16:45,0,Completed,No Delay,628,92,1,Clear,25,6254,31,Low,0,1,0,1,Monitor
1429,12594,Duronto,JP,Jaipur Junction,BCT,Mumbai Central,2026-03-16,13:15,0,On Time,No Delay,1649,76,13,Rain,44,1427,25,Low,0,1,1,4,Monitor
1430,12988,Shatabdi,SBC,KSR Bengaluru City,NDLS,New Delhi,2026-05-17,07:00,0,On Time,No Delay,1775,63,4,Cloudy,35,5185,21,Low,0,1,0,0,Monitor
1431,14495,Intercity,KOTA,Kota Junction,BPL,Bhopal Junction,2026-01-07,12:15,0,On Time,No Delay,716,47,13,Heatwave,24,6478,20,Low,1,0,1,7,Monitor
1432,12870,Vande Bharat,NDLS,New Delhi,BCT,Mumbai Central,2026-03-16,01:45,25,Delayed,Crew Delay,1593,79,3,Clear,38,5944,38,Low,0,1,0,25,Monitor
1433,12809,Rajdhani,LKO,Lucknow Charbagh,PUNE,Pune Junction,2026-08-04,16:15,999,Cancelled,Technical Fault,1365,91,6,Clear,18,8714,100,Critical,0,1,1,999,Escalate to operations command
1434,14415,Express,NDLS,New Delhi,HWH,Howrah Junction,2026-05-19,19:45,60,Delayed,Maintenance Work,865,86,15,Rain,30,8830,53,Medium,1,0,1,63,Notify station control
1435,13021,Duronto,KOTA,Kota Junction,BCT,Mumbai Central,2026-01-14,02:45,0,On Time,No Delay,751,61,11,Clear,27,6131,23,Low,1,0,0,0,Monitor
1436,14032,Shatabdi,SBC,KSR Bengaluru City,CNB,Kanpur Central,2026-07-04,13:30,0,Completed,No Delay,372,71,6,Clear,33,7852,24,Low,0,0,0,6,Monitor
1437,12663,Jan Shatabdi,KOTA,Kota Junction,NGP,Nagpur Junction,2026-01-16,02:45,10,Delayed,Crew Delay,1256,90,2,Cloudy,26,8990,31,Low,0,1,0,6,Monitor
1438,12688,Duronto,BBS,Bhubaneswar,CNB,Kanpur Central,2026-09-11,08:00,0,On Time,No Delay,1595,57,7,Clear,27,2274,25,Low,0,1,1,2,Monitor
1439,14608,Vande Bharat,BCT,Mumbai Central,LKO,Lucknow Charbagh,2026-03-16,08:15,18,Delayed,Weather,940,62,8,Cloudy,24,7199,33,Low,1,0,0,20,Monitor
1440,12442,Superfast,KOTA,Kota Junction,SDAH,Sealdah,2026-03-04,22:15,0,On Time,No Delay,322,74,6,Heavy Rain,24,9436,34,Low,0,0,1,3,Monitor
1441,12116,Jan Shatabdi,SBC,KSR Bengaluru City,NGP,Nagpur Junction,2026-06-13,06:00,0,On Time,No Delay,714,71,7,Cloudy,37,9390,23,Low,0,0,0,5,Monitor
1442,12099,Express,KOTA,Kota Junction,PUNE,Pune Junction,2026-01-18,23:15,40,Delayed,Weather,1512,81,14,Heavy Rain,36,5311,54,Medium,0,1,0,49,Notify station control
1443,14282,Vande Bharat,HWH,Howrah Junction,BBS,Bhubaneswar,2026-08-01,15:15,0,On Time,No Delay,370,60,3,Heatwave,42,3678,20,Low,0,0,1,10,Monitor
1444,12791,Garib Rath,HWH,Howrah Junction,PNBE,Patna Junction,2026-09-26,23:15,0,Completed,No Delay,549,84,10,Rain,18,3112,30,Low,0,0,0,0,Monitor
1445,12724,Vande Bharat,BCT,Mumbai Central,VSKP,Visakhapatnam,2026-03-23,08:15,35,Delayed,Track Obstruction,1294,97,10,Heatwave,22,3055,43,Medium,0,1,0,38,Notify station control
1446,14640,Express,CNB,Kanpur Central,NDLS,New Delhi,2026-05-01,19:30,0,On Time,No Delay,366,91,4,Rain,35,8733,30,Low,0,1,1,0,Monitor
1447,14245,Vande Bharat,HWH,Howrah Junction,LKO,Lucknow Charbagh,2026-02-22,02:00,10,Delayed,Maintenance Work,259,63,5,Heatwave,23,5621,24,Low,0,0,1,6,Monitor
1448,13241,Sampark Kranti,SBC,KSR Bengaluru City,CNB,Kanpur Central,2026-07-19,21:45,0,On Time,No Delay,1395,100,6,Rain,15,3159,31,Low,0,1,1,10,Monitor
1449,12573,Superfast,KOTA,Kota Junction,MAS,Chennai Central,2026-04-26,09:15,0,On Time,No Delay,371,69,3,Cloudy,34,9176,28,Low,1,0,0,1,Monitor
1450,12901,Intercity,ADI,Ahmedabad Junction,SDAH,Sealdah,2026-04-09,06:45,18,Delayed,Crew Delay,733,73,14,Cloudy,20,3602,36,Low,1,0,0,22,Monitor
1451,14349,Intercity,CNB,Kanpur Central,HWH,Howrah Junction,2026-03-13,19:15,999,Cancelled,Late Incoming Train,1070,78,10,Rain,19,4957,100,Critical,1,0,1,999,Escalate to operations command
1452,13003,Express,ALD,Prayagraj Junction,LKO,Lucknow Charbagh,2026-08-27,20:00,0,On Time,No Delay,224,61,12,Clear,19,9465,25,Low,1,0,0,6,Monitor
1453,14078,Intercity,PUNE,Pune Junction,KOTA,Kota Junction,2026-01-02,18:30,0,On Time,No Delay,1410,100,13,Clear,24,1034,31,Low,0,1,0,9,Monitor
1454,14466,Express,ADI,Ahmedabad Junction,SDAH,Sealdah,2026-09-20,18:30,0,On Time,No Delay,763,92,13,Clear,35,6481,31,Low,0,1,1,8,Monitor
1455,14090,Shatabdi,VSKP,Visakhapatnam,NDLS,New Delhi,2026-08-04,10:45,5,Delayed,Weather,1376,100,15,Fog,43,164,43,Medium,0,1,0,0,Notify station control
1456,14056,Superfast,BBS,Bhubaneswar,CNB,Kanpur Central,2026-05-09,18:15,0,On Time,No Delay,1291,85,17,Clear,27,627,31,Low,0,0,1,0,Monitor
1457,12648,Sampark Kranti,SBC,KSR Bengaluru City,LKO,Lucknow Charbagh,2026-07-14,22:15,999,Cancelled,Congestion,218,100,9,Cloudy,24,572,100,Critical,0,1,1,999,Escalate to operations command
1458,12906,Duronto,BBS,Bhubaneswar,LKO,Lucknow Charbagh,2026-02-10,01:15,30,At Risk,Late Incoming Train,1070,44,3,Heatwave,29,9099,31,Low,0,0,1,30,Monitor
1459,12769,Superfast,LKO,Lucknow Charbagh,BCT,Mumbai Central,2026-09-21,09:15,120,At Risk,Technical Fault,1727,55,17,Clear,39,1468,68,High,0,1,1,128,Reallocate platform and crew
1460,12186,Intercity,NGP,Nagpur Junction,GKP,Gorakhpur,2026-09-19,12:30,0,On Time,No Delay,632,95,1,Cloudy,37,1685,27,Low,0,1,1,0,Monitor
1461,12098,Garib Rath,CSTM,Mumbai CSMT,PUNE,Pune Junction,2026-01-07,23:45,45,Delayed,Maintenance Work,1121,67,16,Clear,15,3842,40,Medium,1,0,0,50,Notify station control
1462,12988,Garib Rath,SBC,KSR Bengaluru City,JP,Jaipur Junction,2026-09-03,21:15,0,On Time,No Delay,1005,87,17,Cloudy,38,6485,32,Low,0,0,0,2,Monitor
1463,13157,Intercity,SBC,KSR Bengaluru City,ADI,Ahmedabad Junction,2026-08-15,13:15,0,On Time,No Delay,1701,89,8,Rain,40,2332,30,Low,0,1,0,4,Monitor
1464,13232,Intercity,NGP,Nagpur Junction,SDAH,Sealdah,2026-06-20,08:30,40,Delayed,Late Incoming Train,1437,66,18,Rain,43,8301,43,Medium,0,0,1,50,Notify station control
1465,14392,Superfast,PUNE,Pune Junction,LKO,Lucknow Charbagh,2026-08-14,17:45,0,On Time,No Delay,569,60,9,Clear,42,750,25,Low,0,0,1,2,Monitor
1466,12820,Rajdhani,JP,Jaipur Junction,NDLS,New Delhi,2026-05-03,02:30,0,Completed,No Delay,1136,81,12,Cloudy,16,5348,29,Low,0,0,0,9,Monitor
1467,12608,Sampark Kranti,BBS,Bhubaneswar,SBC,KSR Bengaluru City,2026-05-11,07:30,8,Delayed,Signal Failure,1349,90,14,Cloudy,25,6827,32,Low,0,1,0,7,Monitor
1468,12744,Duronto,NGP,Nagpur Junction,CNB,Kanpur Central,2026-08-01,18:00,0,Completed,No Delay,446,56,14,Fog,27,112,35,Low,0,0,0,0,Monitor
1469,12740,Sampark Kranti,CSTM,Mumbai CSMT,BCT,Mumbai Central,2026-02-18,03:30,0,Completed,No Delay,1043,93,17,Rain,32,9992,34,Low,0,1,0,7,Monitor
1470,14136,Intercity,PNBE,Patna Junction,SBC,KSR Bengaluru City,2026-05-24,14:45,35,Delayed,Maintenance Work,1098,85,14,Rain,43,1823,42,Medium,1,0,0,43,Notify station control
1471,14419,Sampark Kranti,BPL,Bhopal Junction,NGP,Nagpur Junction,2026-04-23,07:00,0,On Time,No Delay,452,66,12,Clear,14,8930,26,Low,0,0,0,0,Monitor
1472,12564,Intercity,MAS,Chennai Central,KOTA,Kota Junction,2026-03-03,08:00,999,Cancelled,Maintenance Work,1573,86,8,Clear,33,9065,100,Critical,0,1,1,999,Escalate to operations command
1473,12612,Jan Shatabdi,CNB,Kanpur Central,CSTM,Mumbai CSMT,2026-09-11,05:30,0,On Time,No Delay,1172,65,7,Clear,31,9979,27,Low,0,0,1,0,Monitor
1474,12917,Rajdhani,VSKP,Visakhapatnam,JP,Jaipur Junction,2026-04-27,11:00,0,On Time,No Delay,757,100,4,Cloudy,14,3027,35,Low,1,1,1,2,Monitor
1475,14040,Express,ALD,Prayagraj Junction,NGP,Nagpur Junction,2026-07-25,10:00,12,Delayed,Crew Delay,930,95,1,Clear,18,6121,36,Low,0,1,0,18,Monitor
1476,14668,Jan Shatabdi,CNB,Kanpur Central,SBC,KSR Bengaluru City,2026-02-06,17:45,0,On Time,No Delay,423,86,16,Clear,31,5671,28,Low,1,0,0,0,Monitor
1477,14315,Intercity,LKO,Lucknow Charbagh,BPL,Bhopal Junction,2026-05-28,12:15,18,Delayed,Crew Delay,378,64,3,Clear,31,972,33,Low,0,0,0,14,Monitor
1478,14623,Garib Rath,ADI,Ahmedabad Junction,SDAH,Sealdah,2026-03-03,16:30,0,Completed,No Delay,1425,69,12,Clear,32,7890,28,Low,0,0,0,2,Monitor
1479,12638,Shatabdi,SDAH,Sealdah,PNBE,Patna Junction,2026-06-08,01:15,0,Completed,No Delay,1002,85,11,Clear,42,6138,28,Low,0,0,0,1,Monitor
1480,12902,Express,BCT,Mumbai Central,LKO,Lucknow Charbagh,2026-07-24,22:45,10,Delayed,Track Obstruction,277,81,14,Rain,25,9295,30,Low,0,0,1,15,Monitor
1481,13039,Shatabdi,PUNE,Pune Junction,LKO,Lucknow Charbagh,2026-02-01,13:00,18,At Risk,Track Obstruction,469,58,9,Cloudy,24,2801,25,Low,0,0,0,26,Monitor
1482,14612,Rajdhani,BPL,Bhopal Junction,NGP,Nagpur Junction,2026-07-18,04:45,0,On Time,No Delay,1618,87,17,Rain,34,2469,27,Low,0,1,0,3,Monitor
1483,12488,Shatabdi,PNBE,Patna Junction,SDAH,Sealdah,2026-08-19,22:00,120,Delayed,Platform Change,529,67,13,Clear,44,2692,65,High,0,0,1,121,Reallocate platform and crew
1484,13173,Vande Bharat,NDLS,New Delhi,BCT,Mumbai Central,2026-01-23,06:15,0,On Time,No Delay,1477,64,12,Heavy Rain,29,2421,38,Low,1,0,1,0,Monitor
1485,12183,Express,SDAH,Sealdah,NDLS,New Delhi,2026-06-03,09:30,0,Completed,No Delay,875,57,9,Clear,39,3435,23,Low,0,0,0,9,Monitor
1486,13087,Jan Shatabdi,MAS,Chennai Central,BCT,Mumbai Central,2026-01-10,17:00,999,Cancelled,Technical Fault,1473,59,17,Rain,26,561,100,Critical,1,0,1,999,Escalate to operations command
1487,12802,Intercity,MAS,Chennai Central,SBC,KSR Bengaluru City,2026-09-24,18:30,35,At Risk,Weather,1103,90,11,Fog,15,815,56,Medium,0,1,0,30,Notify station control
1488,12827,Rajdhani,NGP,Nagpur Junction,BPL,Bhopal Junction,2026-07-12,13:15,0,On Time,No Delay,1464,71,12,Clear,27,2504,23,Low,1,0,1,10,Monitor
1489,13285,Rajdhani,CSTM,Mumbai CSMT,PUNE,Pune Junction,2026-08-27,18:30,0,On Time,No Delay,462,77,3,Clear,17,3470,28,Low,0,0,0,7,Monitor
1490,14579,Rajdhani,VSKP,Visakhapatnam,CSTM,Mumbai CSMT,2026-05-10,02:00,0,On Time,No Delay,854,73,4,Clear,38,4500,30,Low,0,0,0,5,Monitor
1491,14594,Rajdhani,ADI,Ahmedabad Junction,BBS,Bhubaneswar,2026-01-27,18:30,0,Completed,No Delay,1082,83,12,Clear,42,1823,31,Low,0,0,0,8,Monitor
1492,13264,Rajdhani,PUNE,Pune Junction,SDAH,Sealdah,2026-03-12,21:15,30,At Risk,Weather,1007,83,17,Fog,37,868,51,Medium,0,0,0,35,Notify station control
1493,12592,Jan Shatabdi,MAS,Chennai Central,ALD,Prayagraj Junction,2026-07-16,13:45,999,Cancelled,Technical Fault,682,72,17,Cloudy,30,5917,100,Critical,0,0,1,999,Escalate to operations command
1494,14652,Garib Rath,PNBE,Patna Junction,NDLS,New Delhi,2026-06-05,02:15,0,On Time,No Delay,1162,79,9,Cloudy,37,4899,28,Low,1,0,1,5,Monitor
1495,12262,Superfast,CNB,Kanpur Central,SBC,KSR Bengaluru City,2026-02-23,20:30,999,Cancelled,Technical Fault,1210,70,18,Cloudy,36,7793,100,Critical,0,0,1,999,Escalate to operations command
1496,12555,Express,PNBE,Patna Junction,BPL,Bhopal Junction,2026-05-20,13:30,0,On Time,No Delay,1712,59,4,Clear,39,8377,22,Low,0,1,0,3,Monitor
1497,13183,Intercity,LKO,Lucknow Charbagh,CSTM,Mumbai CSMT,2026-06-24,16:15,0,On Time,No Delay,1005,57,8,Clear,43,430,25,Low,1,0,0,0,Monitor
1498,13225,Rajdhani,BCT,Mumbai Central,SDAH,Sealdah,2026-09-09,17:15,0,On Time,No Delay,1358,83,16,Rain,34,2843,26,Low,0,0,0,3,Monitor
1499,14249,Intercity,JP,Jaipur Junction,MAS,Chennai Central,2026-09-01,02:30,30,Delayed,Signal Failure,349,86,2,Clear,22,432,44,Medium,0,0,0,31,Notify station control
1500,12748,Jan Shatabdi,PUNE,Pune Junction,BBS,Bhubaneswar,2026-01-12,07:15,0,On Time,No Delay,1175,47,4,Storm,43,5967,30,Low,0,0,1,3,Monitor
1501,14656,Express,BPL,Bhopal Junction,BCT,Mumbai Central,2026-03-23,16:30,60,At Risk,Technical Fault,1195,89,7,Cloudy,26,5197,54,Medium,0,0,1,57,Notify station control
1502,12465,Superfast,NGP,Nagpur Junction,BBS,Bhubaneswar,2026-06-28,10:15,18,At Risk,Weather,837,91,7,Storm,31,4328,53,Medium,0,1,1,13,Notify station control
1503,13224,Intercity,CSTM,Mumbai CSMT,SBC,KSR Bengaluru City,2026-08-27,10:00,0,On Time,No Delay,939,58,9,Heatwave,23,6778,18,Low,1,0,0,9,Monitor
1504,12378,Jan Shatabdi,GKP,Gorakhpur,KOTA,Kota Junction,2026-05-20,05:30,0,On Time,No Delay,938,88,3,Cloudy,18,9681,32,Low,0,0,0,3,Monitor
1505,14036,Sampark Kranti,SBC,KSR Bengaluru City,HWH,Howrah Junction,2026-08-01,11:30,25,Delayed,Congestion,1537,65,15,Cloudy,27,6042,32,Low,1,1,0,30,Monitor
1506,12682,Garib Rath,JP,Jaipur Junction,ADI,Ahmedabad Junction,2026-03-24,00:30,0,On Time,No Delay,1279,70,16,Rain,35,8371,22,Low,0,0,0,5,Monitor
1507,14252,Vande Bharat,KOTA,Kota Junction,BCT,Mumbai Central,2026-08-15,07:30,0,On Time,No Delay,611,65,4,Clear,15,1082,21,Low,0,0,0,0,Monitor
1508,12785,Shatabdi,KOTA,Kota Junction,ADI,Ahmedabad Junction,2026-02-08,10:30,30,At Risk,Maintenance Work,453,88,6,Rain,25,6284,41,Medium,1,0,0,35,Notify station control
1509,12351,Jan Shatabdi,BBS,Bhubaneswar,JP,Jaipur Junction,2026-09-01,21:30,0,On Time,No Delay,1137,80,5,Cloudy,21,2668,28,Low,0,0,0,6,Monitor
1510,14247,Jan Shatabdi,BBS,Bhubaneswar,JP,Jaipur Junction,2026-07-06,07:15,0,On Time,No Delay,270,97,5,Clear,39,8998,35,Low,0,1,0,3,Monitor
1511,12039,Rajdhani,JP,Jaipur Junction,BBS,Bhubaneswar,2026-09-12,22:30,30,Delayed,Maintenance Work,1477,73,16,Clear,35,9964,37,Low,0,0,0,32,Monitor
1512,12167,Vande Bharat,GKP,Gorakhpur,LKO,Lucknow Charbagh,2026-02-15,11:00,35,Delayed,Platform Change,255,64,4,Clear,28,716,34,Low,0,0,0,42,Monitor
1513,14196,Rajdhani,BCT,Mumbai Central,SDAH,Sealdah,2026-06-22,03:45,0,Completed,No Delay,1799,64,16,Cloudy,31,7385,26,Low,1,1,0,0,Monitor
1514,13175,Vande Bharat,SDAH,Sealdah,HWH,Howrah Junction,2026-06-23,16:45,75,Delayed,Crew Delay,902,60,7,Clear,39,7319,51,Medium,0,0,1,77,Notify station control
1515,12159,Duronto,BCT,Mumbai Central,PNBE,Patna Junction,2026-02-09,06:00,0,On Time,No Delay,733,83,8,Cloudy,39,5959,32,Low,0,0,0,0,Monitor
1516,12922,Express,KOTA,Kota Junction,VSKP,Visakhapatnam,2026-09-01,06:00,25,Delayed,Crew Delay,822,37,16,Clear,36,9602,26,Low,0,0,0,34,Monitor
1517,12747,Intercity,BCT,Mumbai Central,BBS,Bhubaneswar,2026-02-05,16:45,15,At Risk,Signal Failure,1231,89,6,Clear,44,7100,33,Low,1,0,0,25,Monitor
1518,12312,Duronto,NGP,Nagpur Junction,KOTA,Kota Junction,2026-02-19,15:15,20,Delayed,Weather,334,100,9,Heavy Rain,34,3026,51,Medium,0,1,0,20,Notify station control
1519,13298,Superfast,LKO,Lucknow Charbagh,JP,Jaipur Junction,2026-09-04,22:30,30,Delayed,Weather,953,96,6,Cloudy,25,5494,41,Medium,0,1,0,34,Notify station control
1520,13258,Vande Bharat,CSTM,Mumbai CSMT,PUNE,Pune Junction,2026-09-10,03:30,5,Delayed,Technical Fault,298,64,7,Rain,31,9145,22,Low,1,0,1,6,Monitor
1521,12849,Duronto,BBS,Bhubaneswar,CSTM,Mumbai CSMT,2026-08-06,17:15,0,On Time,No Delay,714,70,8,Heatwave,24,4673,21,Low,0,0,0,0,Monitor
1522,12601,Jan Shatabdi,BPL,Bhopal Junction,NDLS,New Delhi,2026-07-04,17:15,60,Delayed,Maintenance Work,1168,66,2,Heatwave,37,9688,42,Medium,1,0,1,68,Notify station control
1523,12495,Sampark Kranti,VSKP,Visakhapatnam,BPL,Bhopal Junction,2026-09-17,16:45,0,On Time,No Delay,1519,47,14,Cloudy,19,1836,20,Low,0,1,0,0,Monitor
1524,12914,Jan Shatabdi,ALD,Prayagraj Junction,BCT,Mumbai Central,2026-05-20,13:45,0,On Time,No Delay,271,79,8,Cloudy,42,2951,27,Low,0,0,1,4,Monitor
1525,14579,Shatabdi,JP,Jaipur Junction,HWH,Howrah Junction,2026-01-08,09:15,0,On Time,No Delay,1582,76,1,Clear,26,4398,30,Low,1,1,1,0,Monitor
1526,14658,Rajdhani,LKO,Lucknow Charbagh,HWH,Howrah Junction,2026-07-15,00:45,0,On Time,No Delay,945,55,18,Clear,32,1935,19,Low,1,0,0,7,Monitor
1527,12343,Vande Bharat,ADI,Ahmedabad Junction,MAS,Chennai Central,2026-02-14,18:00,0,On Time,No Delay,995,72,11,Clear,44,3115,25,Low,0,0,0,0,Monitor
1528,14147,Garib Rath,ALD,Prayagraj Junction,PNBE,Patna Junction,2026-01-14,11:45,15,Delayed,Weather,587,50,12,Fog,31,316,41,Medium,0,0,0,19,Notify station control
1529,12262,Garib Rath,PUNE,Pune Junction,CNB,Kanpur Central,2026-02-05,17:15,0,On Time,No Delay,1355,80,12,Clear,17,725,25,Low,0,0,0,0,Monitor
1530,14543,Superfast,SBC,KSR Bengaluru City,CSTM,Mumbai CSMT,2026-02-28,15:00,120,Delayed,Signal Failure,631,98,11,Cloudy,39,7734,74,High,0,1,1,130,Reallocate platform and crew
1531,13153,Jan Shatabdi,SBC,KSR Bengaluru City,BCT,Mumbai Central,2026-09-19,10:15,8,Delayed,Weather,330,98,13,Heatwave,14,5706,32,Low,0,1,0,15,Monitor
1532,13272,Garib Rath,PUNE,Pune Junction,BBS,Bhubaneswar,2026-07-09,07:30,0,On Time,No Delay,1744,99,13,Cloudy,28,7915,36,Low,0,1,0,8,Monitor
1533,14187,Vande Bharat,LKO,Lucknow Charbagh,KOTA,Kota Junction,2026-06-04,00:30,120,At Risk,Signal Failure,646,77,14,Rain,37,7692,71,High,0,0,1,130,Reallocate platform and crew
1534,14406,Sampark Kranti,ALD,Prayagraj Junction,ADI,Ahmedabad Junction,2026-01-28,10:30,0,On Time,No Delay,1078,87,7,Fog,40,199,42,Medium,0,0,1,0,Notify station control
1535,12159,Sampark Kranti,MAS,Chennai Central,PNBE,Patna Junction,2026-08-12,09:30,45,At Risk,Weather,1157,69,4,Fog,15,575,55,Medium,0,0,0,55,Notify station control
1536,14120,Jan Shatabdi,NGP,Nagpur Junction,LKO,Lucknow Charbagh,2026-04-19,00:30,90,Delayed,Platform Change,1579,79,7,Clear,23,8605,60,Medium,0,1,1,93,Notify station control
1537,13195,Intercity,BPL,Bhopal Junction,ALD,Prayagraj Junction,2026-01-20,14:45,0,On Time,No Delay,1661,58,14,Clear,16,3879,23,Low,0,1,1,0,Monitor
1538,14648,Express,VSKP,Visakhapatnam,BBS,Bhubaneswar,2026-08-03,21:00,0,On Time,No Delay,1346,65,14,Rain,18,6464,22,Low,0,0,0,10,Monitor
1539,12746,Shatabdi,BCT,Mumbai Central,BBS,Bhubaneswar,2026-04-22,07:00,0,On Time,No Delay,533,86,14,Cloudy,31,3051,27,Low,0,0,0,1,Monitor
1540,14676,Vande Bharat,SDAH,Sealdah,PUNE,Pune Junction,2026-04-22,00:45,0,On Time,No Delay,1792,100,13,Clear,40,751,36,Low,1,1,0,7,Monitor
1541,12425,Superfast,KOTA,Kota Junction,CNB,Kanpur Central,2026-07-28,08:30,60,Delayed,Technical Fault,1406,73,11,Clear,21,8203,51,Medium,0,0,1,56,Notify station control
1542,13037,Jan Shatabdi,PNBE,Patna Junction,GKP,Gorakhpur,2026-05-05,16:00,40,Delayed,Track Obstruction,1365,83,17,Clear,39,460,41,Medium,0,0,0,40,Notify station control
1543,14153,Garib Rath,LKO,Lucknow Charbagh,PUNE,Pune Junction,2026-01-22,05:00,0,Completed,No Delay,241,46,14,Clear,31,8984,21,Low,1,0,1,9,Monitor
1544,12422,Shatabdi,PUNE,Pune Junction,KOTA,Kota Junction,2026-07-07,18:15,0,On Time,No Delay,1164,79,2,Clear,42,1824,29,Low,1,0,1,5,Monitor
1545,14568,Express,ALD,Prayagraj Junction,BBS,Bhubaneswar,2026-07-06,18:00,0,On Time,No Delay,1197,83,3,Fog,22,900,38,Low,1,0,0,4,Monitor
1546,13240,Garib Rath,BBS,Bhubaneswar,KOTA,Kota Junction,2026-01-11,02:00,0,On Time,No Delay,578,100,6,Clear,31,9421,33,Low,0,1,0,0,Monitor
1547,14240,Superfast,MAS,Chennai Central,ALD,Prayagraj Junction,2026-02-13,08:45,15,Delayed,Technical Fault,1574,88,1,Heatwave,16,8313,34,Low,0,1,0,19,Monitor
1548,12208,Garib Rath,KOTA,Kota Junction,SDAH,Sealdah,2026-07-22,21:45,0,On Time,No Delay,1135,95,11,Clear,34,593,34,Low,0,1,0,0,Monitor
1549,12507,Vande Bharat,ADI,Ahmedabad Junction,JP,Jaipur Junction,2026-08-05,07:15,60,At Risk,Late Incoming Train,1750,62,7,Clear,20,519,47,Medium,1,1,1,66,Notify station control
1550,12055,Rajdhani,BPL,Bhopal Junction,GKP,Gorakhpur,2026-08-01,03:30,30,At Risk,Technical Fault,649,96,5,Clear,26,8253,39,Low,0,1,0,33,Monitor
1551,14556,Express,BCT,Mumbai Central,SDAH,Sealdah,2026-06-05,07:15,120,Delayed,Signal Failure,1444,80,5,Rain,15,2252,76,High,1,0,1,119,Reallocate platform and crew
1552,14101,Garib Rath,SDAH,Sealdah,KOTA,Kota Junction,2026-02-14,06:45,20,Delayed,Congestion,1215,80,6,Rain,32,1989,34,Low,0,0,0,26,Monitor
1553,14622,Rajdhani,CSTM,Mumbai CSMT,LKO,Lucknow Charbagh,2026-04-19,13:15,999,Cancelled,Maintenance Work,799,73,10,Clear,43,3306,100,Critical,1,0,1,999,Escalate to operations command
1554,13177,Shatabdi,BPL,Bhopal Junction,SDAH,Sealdah,2026-03-25,08:30,25,Delayed,Technical Fault,795,69,16,Rain,37,7665,32,Low,1,0,1,33,Monitor
1555,12681,Superfast,SBC,KSR Bengaluru City,LKO,Lucknow Charbagh,2026-09-28,21:00,90,At Risk,Technical Fault,1416,90,16,Cloudy,17,5830,63,Medium,0,1,1,94,Notify station control
1556,12198,Vande Bharat,MAS,Chennai Central,KOTA,Kota Junction,2026-01-19,09:00,0,On Time,No Delay,218,73,10,Cloudy,18,5100,26,Low,0,0,0,8,Monitor
1557,14090,Superfast,KOTA,Kota Junction,CSTM,Mumbai CSMT,2026-04-14,19:15,120,Delayed,Weather,523,56,5,Clear,18,6296,65,High,0,0,1,119,Reallocate platform and crew
1558,12881,Rajdhani,BCT,Mumbai Central,HWH,Howrah Junction,2026-03-13,09:00,0,Completed,No Delay,483,88,15,Rain,21,2081,32,Low,0,0,0,0,Monitor
1559,13054,Sampark Kranti,ADI,Ahmedabad Junction,PNBE,Patna Junction,2026-08-26,09:15,0,Completed,No Delay,203,63,5,Clear,43,3949,21,Low,1,0,0,5,Monitor
1560,14482,Vande Bharat,MAS,Chennai Central,KOTA,Kota Junction,2026-01-26,05:15,40,At Risk,Platform Change,1600,62,16,Cloudy,39,8109,41,Medium,0,1,0,37,Notify station control
1561,12960,Vande Bharat,NGP,Nagpur Junction,MAS,Chennai Central,2026-08-14,02:30,0,On Time,No Delay,1653,81,1,Clear,32,921,30,Low,0,1,0,0,Monitor
1562,14165,Express,JP,Jaipur Junction,SDAH,Sealdah,2026-02-13,19:45,0,On Time,No Delay,845,95,11,Rain,22,1160,34,Low,0,1,0,4,Monitor
1563,12195,Intercity,KOTA,Kota Junction,SDAH,Sealdah,2026-04-24,21:15,45,Delayed,Weather,1349,77,8,Fog,35,668,55,Medium,0,0,0,40,Notify station control
1564,14361,Jan Shatabdi,CNB,Kanpur Central,MAS,Chennai Central,2026-05-11,07:15,40,Delayed,Crew Delay,1226,85,4,Cloudy,42,3926,42,Medium,0,0,0,35,Notify station control
1565,12755,Garib Rath,BCT,Mumbai Central,SBC,KSR Bengaluru City,2026-03-02,07:15,0,On Time,No Delay,780,77,1,Clear,34,9639,28,Low,0,0,1,6,Monitor
1566,13010,Intercity,CNB,Kanpur Central,BCT,Mumbai Central,2026-06-18,15:00,0,On Time,No Delay,450,41,11,Clear,17,764,18,Low,0,0,0,0,Monitor
1567,12135,Duronto,GKP,Gorakhpur,ADI,Ahmedabad Junction,2026-02-05,10:15,0,On Time,No Delay,1587,59,13,Cloudy,23,1466,19,Low,0,1,0,0,Monitor
1568,14299,Jan Shatabdi,PNBE,Patna Junction,BCT,Mumbai Central,2026-02-20,22:45,0,On Time,No Delay,690,43,12,Clear,42,649,17,Low,0,0,0,2,Monitor
1569,14297,Superfast,HWH,Howrah Junction,CNB,Kanpur Central,2026-07-04,23:45,0,On Time,No Delay,983,66,17,Heatwave,34,2453,22,Low,0,0,0,8,Monitor
1570,14485,Superfast,SDAH,Sealdah,CSTM,Mumbai CSMT,2026-01-10,04:00,999,Cancelled,Technical Fault,198,80,1,Clear,28,7440,100,Critical,0,0,1,999,Escalate to operations command
1571,13265,Superfast,LKO,Lucknow Charbagh,GKP,Gorakhpur,2026-01-03,09:45,75,Delayed,Maintenance Work,338,68,14,Cloudy,14,8576,49,Medium,0,0,1,71,Notify station control
1572,12677,Duronto,HWH,Howrah Junction,BCT,Mumbai Central,2026-09-17,03:45,12,Delayed,Crew Delay,258,97,9,Cloudy,39,6701,38,Low,0,1,0,10,Monitor
1573,14494,Superfast,PNBE,Patna Junction,BBS,Bhubaneswar,2026-09-18,05:45,0,On Time,No Delay,903,100,2,Fog,25,722,41,Medium,0,1,1,7,Notify station control
1574,14305,Rajdhani,BBS,Bhubaneswar,MAS,Chennai Central,2026-04-12,13:30,15,Delayed,Technical Fault,183,61,18,Rain,17,5057,28,Low,0,0,1,14,Monitor
1575,14329,Rajdhani,NDLS,New Delhi,BBS,Bhubaneswar,2026-06-10,19:15,0,Completed,No Delay,1754,62,17,Clear,38,9868,25,Low,0,1,0,6,Monitor
1576,12234,Intercity,NGP,Nagpur Junction,BBS,Bhubaneswar,2026-08-04,02:45,8,Delayed,Platform Change,1258,85,17,Heatwave,37,7146,32,Low,0,0,0,14,Monitor
1577,14006,Superfast,JP,Jaipur Junction,BPL,Bhopal Junction,2026-01-24,01:15,45,Delayed,Weather,801,76,17,Fog,15,720,57,Medium,0,0,0,54,Notify station control
1578,13155,Superfast,CNB,Kanpur Central,ALD,Prayagraj Junction,2026-08-23,17:45,20,At Risk,Maintenance Work,1620,100,16,Clear,29,4264,36,Low,0,1,1,21,Monitor
1579,12554,Shatabdi,HWH,Howrah Junction,KOTA,Kota Junction,2026-06-01,21:00,0,On Time,No Delay,1558,92,5,Cloudy,22,1243,27,Low,0,1,0,6,Monitor
1580,14505,Jan Shatabdi,LKO,Lucknow Charbagh,JP,Jaipur Junction,2026-04-17,16:45,0,Completed,No Delay,1543,100,18,Rain,40,3720,34,Low,0,1,1,10,Monitor
1581,13213,Intercity,SDAH,Sealdah,LKO,Lucknow Charbagh,2026-06-06,19:30,0,On Time,No Delay,1760,72,2,Clear,14,790,27,Low,0,1,0,0,Monitor
1582,12063,Garib Rath,KOTA,Kota Junction,PUNE,Pune Junction,2026-04-12,03:45,0,On Time,No Delay,1339,93,14,Storm,24,4747,42,Medium,0,1,1,7,Notify station control
1583,13020,Express,MAS,Chennai Central,SDAH,Sealdah,2026-02-06,11:00,60,At Risk,Technical Fault,440,76,10,Clear,15,6399,48,Medium,1,0,1,69,Notify station control
1584,14595,Rajdhani,CNB,Kanpur Central,ALD,Prayagraj Junction,2026-07-02,22:00,12,At Risk,Technical Fault,1761,83,17,Heatwave,42,496,32,Low,1,1,1,9,Monitor
1585,14517,Express,MAS,Chennai Central,PUNE,Pune Junction,2026-08-13,19:30,35,Delayed,Weather,1480,61,13,Heavy Rain,39,3473,48,Medium,0,0,0,32,Notify station control
1586,12939,Duronto,ALD,Prayagraj Junction,JP,Jaipur Junction,2026-04-28,14:15,0,On Time,No Delay,711,62,18,Clear,18,4413,24,Low,0,0,0,7,Monitor
1587,12947,Rajdhani,VSKP,Visakhapatnam,CSTM,Mumbai CSMT,2026-04-22,18:45,0,On Time,No Delay,405,79,5,Clear,26,6536,29,Low,0,0,0,0,Monitor
1588,12204,Garib Rath,NDLS,New Delhi,NGP,Nagpur Junction,2026-05-24,15:45,10,Delayed,Weather,388,74,5,Fog,37,402,46,Medium,1,0,0,17,Notify station control
1589,12638,Shatabdi,ALD,Prayagraj Junction,GKP,Gorakhpur,2026-06-03,22:15,0,Completed,No Delay,340,74,3,Clear,30,1998,23,Low,0,0,0,0,Monitor
1590,12357,Sampark Kranti,MAS,Chennai Central,CNB,Kanpur Central,2026-08-04,09:45,35,Delayed,Signal Failure,1208,85,12,Clear,27,322,43,Medium,0,0,1,38,Notify station control
1591,12203,Vande Bharat,PNBE,Patna Junction,SBC,KSR Bengaluru City,2026-08-20,08:00,0,On Time,No Delay,904,77,11,Heavy Rain,29,2350,42,Medium,0,0,0,0,Notify station control
1592,12029,Vande Bharat,VSKP,Visakhapatnam,ADI,Ahmedabad Junction,2026-07-24,19:30,90,At Risk,Late Incoming Train,1101,61,1,Clear,33,4062,55,Medium,0,0,1,88,Notify station control
1593,13239,Shatabdi,CSTM,Mumbai CSMT,SBC,KSR Bengaluru City,2026-07-08,02:00,0,On Time,No Delay,639,88,15,Clear,25,4129,26,Low,0,0,1,0,Monitor
1594,14478,Intercity,CSTM,Mumbai CSMT,NDLS,New Delhi,2026-01-09,14:30,35,Delayed,Track Obstruction,519,98,11,Clear,21,6790,41,Medium,0,1,0,42,Notify station control
1595,14177,Garib Rath,PNBE,Patna Junction,BPL,Bhopal Junction,2026-02-01,01:45,60,At Risk,Weather,1390,74,3,Heavy Rain,28,498,62,Medium,0,0,1,62,Notify station control
1596,12257,Express,VSKP,Visakhapatnam,NDLS,New Delhi,2026-08-17,03:00,0,Completed,No Delay,634,87,16,Rain,24,9706,28,Low,0,0,0,1,Monitor
1597,12374,Intercity,CSTM,Mumbai CSMT,BBS,Bhubaneswar,2026-04-08,07:30,8,At Risk,Signal Failure,528,86,10,Clear,16,6143,31,Low,0,0,0,16,Monitor
1598,13048,Duronto,GKP,Gorakhpur,NGP,Nagpur Junction,2026-01-25,01:30,0,On Time,No Delay,1163,70,1,Storm,40,3758,40,Medium,0,0,0,2,Notify station control
1599,14524,Intercity,KOTA,Kota Junction,GKP,Gorakhpur,2026-05-25,13:15,45,Delayed,Platform Change,1649,94,16,Clear,34,7777,46,Medium,0,1,0,43,Notify station control
1600,14292,Duronto,ADI,Ahmedabad Junction,ALD,Prayagraj Junction,2026-03-28,15:45,0,Completed,No Delay,1708,91,18,Clear,40,6017,34,Low,0,1,0,7,Monitor
1601,12234,Shatabdi,ALD,Prayagraj Junction,VSKP,Visakhapatnam,2026-06-12,17:00,0,Completed,No Delay,740,52,16,Storm,43,6698,32,Low,0,0,0,0,Monitor
1602,13060,Sampark Kranti,BBS,Bhubaneswar,PUNE,Pune Junction,2026-06-25,08:45,0,On Time,No Delay,428,63,13,Fog,18,427,31,Low,1,0,0,7,Monitor
1603,12676,Jan Shatabdi,JP,Jaipur Junction,NGP,Nagpur Junction,2026-04-09,21:15,90,Delayed,Weather,1537,97,12,Clear,29,380,69,High,1,1,1,92,Reallocate platform and crew
1604,14451,Intercity,BBS,Bhubaneswar,HWH,Howrah Junction,2026-03-13,01:00,0,Completed,No Delay,489,72,12,Cloudy,24,2366,27,Low,0,0,0,0,Monitor
1605,12386,Rajdhani,BCT,Mumbai Central,HWH,Howrah Junction,2026-03-03,07:00,0,On Time,No Delay,331,50,15,Clear,20,9505,18,Low,1,0,0,3,Monitor
1606,14318,Vande Bharat,BCT,Mumbai Central,GKP,Gorakhpur,2026-04-22,06:00,35,Delayed,Platform Change,1353,90,2,Rain,38,9486,47,Medium,0,1,0,42,Notify station control
1607,12868,Shatabdi,BCT,Mumbai Central,JP,Jaipur Junction,2026-02-25,16:15,90,Delayed,Crew Delay,1466,100,12,Heatwave,24,7164,63,Medium,0,1,1,89,Notify station control
1608,14028,Shatabdi,SDAH,Sealdah,NDLS,New Delhi,2026-03-07,13:30,60,Delayed,Weather,1164,74,13,Fog,16,733,62,Medium,0,0,1,62,Notify station control
1609,14631,Intercity,HWH,Howrah Junction,VSKP,Visakhapatnam,2026-03-11,04:15,40,Delayed,Track Obstruction,1027,85,1,Heatwave,40,4294,41,Medium,0,0,0,42,Notify station control
1610,12323,Intercity,BPL,Bhopal Junction,BBS,Bhubaneswar,2026-03-20,13:30,999,Cancelled,Weather,1419,62,11,Cloudy,41,3010,100,Critical,0,0,1,999,Escalate to operations command
1611,14336,Vande Bharat,ADI,Ahmedabad Junction,LKO,Lucknow Charbagh,2026-01-14,08:00,75,At Risk,Late Incoming Train,1070,45,4,Rain,16,5364,50,Medium,0,0,1,77,Notify station control
1612,12042,Jan Shatabdi,KOTA,Kota Junction,PNBE,Patna Junction,2026-08-17,15:00,10,Delayed,Weather,1618,74,12,Fog,33,771,44,Medium,0,1,0,6,Notify station control
1613,14513,Duronto,MAS,Chennai Central,BPL,Bhopal Junction,2026-04-05,06:30,0,On Time,No Delay,979,92,4,Rain,27,3225,33,Low,0,1,0,7,Monitor
1614,12269,Rajdhani,PNBE,Patna Junction,JP,Jaipur Junction,2026-06-16,18:30,0,On Time,No Delay,1527,71,16,Clear,28,4025,28,Low,1,1,0,9,Monitor
1615,14583,Duronto,CNB,Kanpur Central,CSTM,Mumbai CSMT,2026-03-12,12:45,0,On Time,No Delay,1577,80,7,Cloudy,26,7771,23,Low,1,1,1,1,Monitor
1616,12321,Superfast,NGP,Nagpur Junction,HWH,Howrah Junction,2026-06-13,07:00,0,Completed,No Delay,508,78,7,Clear,20,801,30,Low,1,0,0,0,Monitor
1617,14522,Garib Rath,PNBE,Patna Junction,SDAH,Sealdah,2026-02-06,20:45,0,Completed,No Delay,1227,38,6,Cloudy,39,2112,13,Low,1,0,0,10,Monitor
1618,13198,Garib Rath,PUNE,Pune Junction,VSKP,Visakhapatnam,2026-09-16,08:00,15,Delayed,Maintenance Work,453,84,1,Clear,16,7659,38,Low,0,0,0,10,Monitor
1619,14279,Intercity,NGP,Nagpur Junction,MAS,Chennai Central,2026-02-02,16:00,20,At Risk,Congestion,315,89,11,Cloudy,25,5739,34,Low,0,0,0,15,Monitor
1620,14499,Garib Rath,KOTA,Kota Junction,JP,Jaipur Junction,2026-03-08,10:00,15,At Risk,Technical Fault,605,96,2,Clear,14,3737,37,Low,1,1,0,10,Monitor
1621,12701,Vande Bharat,SDAH,Sealdah,ALD,Prayagraj Junction,2026-02-28,13:45,15,Delayed,Weather,584,89,7,Fog,32,197,47,Medium,1,0,0,14,Notify station control
1622,14055,Sampark Kranti,PUNE,Pune Junction,HWH,Howrah Junction,2026-05-09,02:00,0,On Time,No Delay,1668,75,10,Cloudy,14,4375,24,Low,0,1,0,0,Monitor
1623,14051,Garib Rath,BPL,Bhopal Junction,HWH,Howrah Junction,2026-05-05,18:45,5,Delayed,Late Incoming Train,768,69,18,Clear,14,1935,26,Low,0,0,1,3,Monitor
1624,12076,Duronto,MAS,Chennai Central,ALD,Prayagraj Junction,2026-02-24,23:15,0,On Time,No Delay,192,99,11,Clear,40,597,34,Low,1,1,1,8,Monitor
1625,12591,Superfast,HWH,Howrah Junction,CNB,Kanpur Central,2026-05-08,11:30,0,On Time,No Delay,1606,87,18,Rain,43,1086,28,Low,0,1,1,1,Monitor
1626,14252,Duronto,BCT,Mumbai Central,LKO,Lucknow Charbagh,2026-06-25,05:30,0,Completed,No Delay,1565,94,7,Rain,33,6265,27,Low,0,1,0,0,Monitor
1627,14024,Express,LKO,Lucknow Charbagh,ALD,Prayagraj Junction,2026-08-04,17:45,18,Delayed,Crew Delay,348,87,1,Clear,21,625,34,Low,1,0,0,24,Monitor
1628,12423,Sampark Kranti,CSTM,Mumbai CSMT,LKO,Lucknow Charbagh,2026-01-11,23:30,0,Completed,No Delay,1618,74,11,Clear,44,5133,28,Low,1,1,0,6,Monitor
1629,14142,Express,GKP,Gorakhpur,NGP,Nagpur Junction,2026-07-05,14:30,10,Delayed,Crew Delay,1788,56,18,Clear,21,600,28,Low,0,1,1,14,Monitor
1630,12250,Rajdhani,LKO,Lucknow Charbagh,HWH,Howrah Junction,2026-04-07,12:45,45,Delayed,Weather,259,82,4,Storm,42,6011,59,Medium,0,0,0,45,Notify station control
1631,14326,Garib Rath,BCT,Mumbai Central,NDLS,New Delhi,2026-04-24,18:45,10,Delayed,Late Incoming Train,1481,60,8,Clear,14,8423,25,Low,0,0,0,17,Monitor
1632,14114,Superfast,GKP,Gorakhpur,SDAH,Sealdah,2026-09-28,19:45,8,Delayed,Crew Delay,612,67,17,Heatwave,35,8258,30,Low,0,0,0,14,Monitor
1633,14499,Garib Rath,PNBE,Patna Junction,HWH,Howrah Junction,2026-05-20,18:30,90,At Risk,Crew Delay,284,68,1,Clear,34,366,59,Medium,0,0,1,92,Notify station control
1634,14188,Garib Rath,ADI,Ahmedabad Junction,CNB,Kanpur Central,2026-06-10,20:15,35,At Risk,Signal Failure,1105,44,13,Clear,32,3091,34,Low,0,0,1,43,Monitor
1635,13173,Shatabdi,JP,Jaipur Junction,BBS,Bhubaneswar,2026-06-17,10:45,5,Delayed,Weather,690,64,17,Heatwave,20,8749,24,Low,0,0,1,1,Monitor
1636,14243,Intercity,PNBE,Patna Junction,PUNE,Pune Junction,2026-02-26,21:45,10,Delayed,Late Incoming Train,813,94,7,Clear,23,938,35,Low,0,1,1,11,Monitor
1637,12388,Vande Bharat,VSKP,Visakhapatnam,BPL,Bhopal Junction,2026-09-11,09:00,0,On Time,No Delay,1462,93,7,Clear,26,9866,28,Low,0,1,0,0,Monitor
1638,14075,Sampark Kranti,PUNE,Pune Junction,SBC,KSR Bengaluru City,2026-06-07,05:45,15,Delayed,Weather,1576,76,2,Storm,37,3368,42,Medium,0,1,1,12,Notify station control
1639,13016,Garib Rath,PUNE,Pune Junction,CNB,Kanpur Central,2026-01-19,07:30,15,Delayed,Signal Failure,565,81,9,Clear,29,8283,30,Low,0,0,0,19,Monitor
1640,13189,Express,LKO,Lucknow Charbagh,BPL,Bhopal Junction,2026-04-14,09:30,0,Completed,No Delay,484,82,2,Clear,15,7035,25,Low,0,0,0,10,Monitor
1641,12861,Intercity,CNB,Kanpur Central,KOTA,Kota Junction,2026-01-15,23:45,0,On Time,No Delay,1308,44,3,Clear,44,2716,19,Low,0,0,0,0,Monitor
1642,12520,Jan Shatabdi,HWH,Howrah Junction,MAS,Chennai Central,2026-06-11,10:30,5,Delayed,Weather,760,62,14,Clear,31,6078,23,Low,0,0,0,0,Monitor
1643,14028,Superfast,BCT,Mumbai Central,MAS,Chennai Central,2026-01-09,21:45,120,Delayed,Late Incoming Train,1420,80,7,Cloudy,21,2542,73,High,0,0,1,128,Reallocate platform and crew
1644,14323,Vande Bharat,BCT,Mumbai Central,NDLS,New Delhi,2026-03-02,18:45,0,On Time,No Delay,1533,63,5,Clear,44,7248,24,Low,0,1,0,0,Monitor
1645,12052,Shatabdi,CNB,Kanpur Central,LKO,Lucknow Charbagh,2026-04-09,09:00,8,Delayed,Maintenance Work,228,80,11,Clear,35,2066,28,Low,0,0,0,4,Monitor
1646,14661,Duronto,VSKP,Visakhapatnam,NGP,Nagpur Junction,2026-03-19,12:15,0,Completed,No Delay,1671,73,3,Clear,31,3472,28,Low,0,1,0,2,Monitor
1647,13029,Rajdhani,HWH,Howrah Junction,NDLS,New Delhi,2026-05-06,14:00,18,Delayed,Platform Change,266,97,5,Clear,42,2680,39,Low,0,1,1,20,Monitor
1648,14672,Superfast,LKO,Lucknow Charbagh,JP,Jaipur Junction,2026-01-03,05:45,90,Delayed,Weather,477,52,2,Heavy Rain,26,3470,63,Medium,1,0,1,90,Notify station control
1649,12138,Garib Rath,GKP,Gorakhpur,ALD,Prayagraj Junction,2026-05-15,04:30,0,On Time,No Delay,1210,68,9,Clear,29,6990,20,Low,0,0,1,8,Monitor
1650,13160,Vande Bharat,LKO,Lucknow Charbagh,MAS,Chennai Central,2026-01-26,22:30,90,Delayed,Maintenance Work,1193,72,18,Rain,42,9087,57,Medium,1,0,1,85,Notify station control
1651,14260,Express,NGP,Nagpur Junction,LKO,Lucknow Charbagh,2026-09-02,19:15,8,At Risk,Weather,471,90,15,Storm,44,2809,46,Medium,0,1,1,12,Notify station control
1652,13288,Shatabdi,PNBE,Patna Junction,SDAH,Sealdah,2026-09-14,01:30,60,At Risk,Maintenance Work,234,65,1,Clear,24,3509,50,Medium,0,0,1,70,Notify station control
1653,14466,Rajdhani,BPL,Bhopal Junction,NGP,Nagpur Junction,2026-02-06,08:15,10,At Risk,Platform Change,954,70,12,Rain,34,1350,26,Low,1,0,0,19,Monitor
1654,12748,Garib Rath,ALD,Prayagraj Junction,CNB,Kanpur Central,2026-09-15,00:00,0,On Time,No Delay,216,91,3,Clear,32,1702,32,Low,1,1,0,3,Monitor
1655,14393,Intercity,BBS,Bhubaneswar,NDLS,New Delhi,2026-07-18,18:30,12,Delayed,Signal Failure,1162,69,2,Clear,29,4973,25,Low,0,0,0,16,Monitor
1656,14190,Duronto,VSKP,Visakhapatnam,BPL,Bhopal Junction,2026-01-27,03:45,35,Delayed,Signal Failure,850,77,3,Clear,16,873,44,Medium,0,0,1,30,Notify station control
1657,12093,Duronto,ALD,Prayagraj Junction,CNB,Kanpur Central,2026-01-22,05:45,0,On Time,No Delay,892,66,6,Clear,35,4062,27,Low,0,0,0,0,Monitor
1658,12883,Express,CNB,Kanpur Central,PNBE,Patna Junction,2026-07-22,21:30,40,Delayed,Platform Change,838,59,15,Cloudy,37,5366,35,Low,0,0,0,40,Monitor
1659,12911,Intercity,MAS,Chennai Central,BCT,Mumbai Central,2026-08-26,13:45,0,On Time,No Delay,1652,79,12,Clear,16,3374,25,Low,1,1,0,9,Monitor
1660,13269,Shatabdi,GKP,Gorakhpur,VSKP,Visakhapatnam,2026-05-20,21:00,60,At Risk,Signal Failure,1265,88,11,Rain,24,8433,55,Medium,0,0,1,57,Notify station control
1661,12979,Intercity,CNB,Kanpur Central,ALD,Prayagraj Junction,2026-08-09,08:30,10,Delayed,Signal Failure,1235,100,11,Clear,30,6866,34,Low,0,1,0,14,Monitor
1662,14674,Jan Shatabdi,NDLS,New Delhi,KOTA,Kota Junction,2026-01-23,16:30,18,Delayed,Crew Delay,829,89,5,Clear,28,9985,33,Low,0,0,0,16,Monitor
1663,12853,Intercity,CSTM,Mumbai CSMT,GKP,Gorakhpur,2026-01-27,21:45,999,Cancelled,Technical Fault,336,77,14,Cloudy,17,8493,100,Critical,0,0,1,999,Escalate to operations command
1664,14402,Rajdhani,SBC,KSR Bengaluru City,JP,Jaipur Junction,2026-01-11,10:30,999,Cancelled,Platform Change,722,100,5,Rain,25,8415,100,Critical,0,1,1,999,Escalate to operations command
1665,14567,Express,ALD,Prayagraj Junction,MAS,Chennai Central,2026-08-10,12:00,0,Completed,No Delay,388,74,3,Cloudy,41,4918,26,Low,1,0,0,3,Monitor
1666,14532,Express,JP,Jaipur Junction,MAS,Chennai Central,2026-07-03,14:15,0,Completed,No Delay,1301,67,9,Cloudy,35,8073,28,Low,0,0,0,0,Monitor
1667,14407,Garib Rath,BBS,Bhubaneswar,LKO,Lucknow Charbagh,2026-08-11,09:30,0,On Time,No Delay,550,49,14,Clear,33,8548,20,Low,1,0,1,9,Monitor
1668,12858,Garib Rath,LKO,Lucknow Charbagh,ALD,Prayagraj Junction,2026-06-20,13:15,0,Completed,No Delay,188,89,4,Clear,43,2531,32,Low,0,0,0,1,Monitor
1669,12290,Sampark Kranti,VSKP,Visakhapatnam,LKO,Lucknow Charbagh,2026-04-14,23:30,0,On Time,No Delay,690,72,5,Clear,40,4867,29,Low,0,0,1,4,Monitor
1670,12247,Intercity,NGP,Nagpur Junction,HWH,Howrah Junction,2026-07-11,19:30,60,Delayed,Technical Fault,1616,75,8,Clear,41,1317,52,Medium,0,1,1,69,Notify station control
1671,13030,Shatabdi,PNBE,Patna Junction,NDLS,New Delhi,2026-02-18,13:15,0,On Time,No Delay,447,43,8,Clear,21,1166,16,Low,0,0,1,9,Monitor
1672,14146,Intercity,JP,Jaipur Junction,LKO,Lucknow Charbagh,2026-09-16,17:00,0,On Time,No Delay,395,86,5,Clear,34,1553,27,Low,0,0,0,0,Monitor
1673,12241,Garib Rath,BPL,Bhopal Junction,VSKP,Visakhapatnam,2026-03-21,17:15,0,On Time,No Delay,858,61,12,Fog,27,413,37,Low,0,0,0,4,Monitor
1674,12222,Jan Shatabdi,LKO,Lucknow Charbagh,SDAH,Sealdah,2026-09-17,05:30,60,At Risk,Signal Failure,827,74,9,Clear,26,9955,51,Medium,0,0,1,64,Notify station control
1675,13020,Rajdhani,VSKP,Visakhapatnam,BCT,Mumbai Central,2026-01-07,13:45,0,On Time,No Delay,1561,86,18,Rain,41,7841,26,Low,0,1,0,0,Monitor
1676,12917,Express,PNBE,Patna Junction,NGP,Nagpur Junction,2026-03-17,14:45,0,Completed,No Delay,1296,94,13,Rain,18,7303,32,Low,0,1,1,5,Monitor
1677,12401,Jan Shatabdi,NDLS,New Delhi,ADI,Ahmedabad Junction,2026-04-09,20:30,0,Completed,No Delay,1329,77,3,Cloudy,44,418,26,Low,1,0,0,0,Monitor
1678,12744,Intercity,CNB,Kanpur Central,PNBE,Patna Junction,2026-06-17,11:45,0,On Time,No Delay,444,87,15,Storm,29,898,37,Low,0,0,0,3,Monitor
1679,12460,Vande Bharat,SBC,KSR Bengaluru City,BCT,Mumbai Central,2026-06-10,13:15,15,At Risk,Congestion,1097,78,6,Clear,39,4470,29,Low,0,0,0,14,Monitor
1680,14184,Rajdhani,GKP,Gorakhpur,VSKP,Visakhapatnam,2026-08-08,16:45,0,On Time,No Delay,1156,74,18,Clear,31,1432,25,Low,0,0,1,8,Monitor
1681,14602,Garib Rath,LKO,Lucknow Charbagh,NGP,Nagpur Junction,2026-03-10,17:30,0,Completed,No Delay,1554,86,14,Clear,29,4039,27,Low,0,1,0,0,Monitor
1682,14189,Express,CNB,Kanpur Central,GKP,Gorakhpur,2026-05-02,15:45,0,On Time,No Delay,1046,70,6,Rain,21,4588,24,Low,0,0,1,3,Monitor
1683,14642,Vande Bharat,NDLS,New Delhi,GKP,Gorakhpur,2026-02-28,12:15,0,On Time,No Delay,1651,100,8,Clear,32,8682,28,Low,0,1,1,0,Monitor
1684,12746,Intercity,ALD,Prayagraj Junction,PUNE,Pune Junction,2026-04-07,14:30,8,Delayed,Late Incoming Train,1767,84,3,Clear,15,9161,34,Low,0,1,0,3,Monitor
1685,13259,Rajdhani,SBC,KSR Bengaluru City,CNB,Kanpur Central,2026-08-23,18:30,0,On Time,No Delay,1185,88,3,Rain,24,6541,29,Low,1,0,0,8,Monitor
1686,13073,Superfast,CNB,Kanpur Central,PNBE,Patna Junction,2026-08-04,09:30,45,Delayed,Weather,881,98,11,Storm,42,4232,63,Medium,0,1,0,52,Notify station control
1687,14429,Sampark Kranti,JP,Jaipur Junction,CSTM,Mumbai CSMT,2026-06-04,02:15,0,On Time,No Delay,820,95,12,Clear,18,1310,31,Low,0,1,1,0,Monitor
1688,13163,Garib Rath,CSTM,Mumbai CSMT,LKO,Lucknow Charbagh,2026-01-17,23:15,40,At Risk,Crew Delay,262,97,5,Clear,29,6619,50,Medium,0,1,0,43,Notify station control
1689,12694,Superfast,JP,Jaipur Junction,BCT,Mumbai Central,2026-05-21,00:30,25,Delayed,Track Obstruction,1789,98,10,Clear,14,3132,43,Medium,1,1,0,26,Notify station control
1690,12271,Rajdhani,CSTM,Mumbai CSMT,SBC,KSR Bengaluru City,2026-08-20,08:00,0,On Time,No Delay,517,100,12,Fog,29,665,43,Medium,0,1,0,0,Notify station control
1691,12442,Garib Rath,SDAH,Sealdah,ADI,Ahmedabad Junction,2026-08-03,06:15,0,On Time,No Delay,1397,100,4,Clear,20,5257,35,Low,0,1,0,2,Monitor
1692,12560,Intercity,KOTA,Kota Junction,NGP,Nagpur Junction,2026-04-17,02:15,10,Delayed,Crew Delay,774,96,5,Clear,17,2208,32,Low,0,1,0,5,Monitor
1693,12976,Garib Rath,BCT,Mumbai Central,HWH,Howrah Junction,2026-03-07,03:00,18,Delayed,Signal Failure,1318,58,3,Cloudy,32,6523,31,Low,0,0,0,26,Monitor
1694,12166,Duronto,GKP,Gorakhpur,KOTA,Kota Junction,2026-03-08,13:45,0,On Time,No Delay,837,70,13,Clear,44,9501,28,Low,0,0,1,1,Monitor
1695,12992,Shatabdi,BBS,Bhubaneswar,BCT,Mumbai Central,2026-06-27,00:00,0,Completed,No Delay,1521,79,3,Clear,33,2186,28,Low,0,1,0,10,Monitor
1696,12503,Vande Bharat,PUNE,Pune Junction,SBC,KSR Bengaluru City,2026-07-12,01:45,0,On Time,No Delay,1393,94,12,Heavy Rain,27,755,43,Medium,0,1,1,0,Notify station control
1697,12446,Express,VSKP,Visakhapatnam,CNB,Kanpur Central,2026-02-21,21:00,0,On Time,No Delay,952,76,13,Clear,14,3508,29,Low,1,0,0,10,Monitor
1698,12025,Sampark Kranti,LKO,Lucknow Charbagh,BBS,Bhubaneswar,2026-07-22,19:15,20,Delayed,Platform Change,1125,65,1,Clear,14,5958,33,Low,0,0,1,23,Monitor
1699,12689,Express,SDAH,Sealdah,ADI,Ahmedabad Junction,2026-01-18,13:15,0,On Time,No Delay,1700,68,1,Cloudy,39,732,26,Low,0,1,0,10,Monitor
1700,12639,Vande Bharat,PUNE,Pune Junction,MAS,Chennai Central,2026-03-08,14:30,60,At Risk,Late Incoming Train,1773,59,16,Clear,23,4974,47,Medium,1,1,1,61,Notify station control
1701,14564,Duronto,KOTA,Kota Junction,NDLS,New Delhi,2026-06-28,03:15,0,On Time,No Delay,845,100,5,Fog,35,462,46,Medium,0,1,0,5,Notify station control
1702,14554,Rajdhani,KOTA,Kota Junction,HWH,Howrah Junction,2026-09-23,15:15,0,Completed,No Delay,1243,61,6,Heatwave,38,4153,23,Low,1,0,0,10,Monitor
1703,12619,Vande Bharat,BPL,Bhopal Junction,KOTA,Kota Junction,2026-08-23,08:00,8,Delayed,Crew Delay,1022,75,10,Clear,27,7199,33,Low,1,0,1,11,Monitor
1704,14299,Shatabdi,BPL,Bhopal Junction,PUNE,Pune Junction,2026-01-04,08:30,0,On Time,No Delay,396,90,15,Clear,24,5955,27,Low,0,1,1,9,Monitor
1705,12066,Shatabdi,PNBE,Patna Junction,JP,Jaipur Junction,2026-02-03,13:45,0,On Time,No Delay,698,80,6,Heavy Rain,31,2147,42,Medium,0,0,1,4,Notify station control
1706,12950,Rajdhani,HWH,Howrah Junction,SDAH,Sealdah,2026-06-23,20:30,60,At Risk,Late Incoming Train,1424,62,6,Clear,26,662,49,Medium,0,0,1,65,Notify station control
1707,12823,Intercity,BPL,Bhopal Junction,CNB,Kanpur Central,2026-05-21,21:30,25,Delayed,Weather,1775,100,16,Clear,28,1766,40,Medium,0,1,0,20,Notify station control
1708,14546,Intercity,ADI,Ahmedabad Junction,CNB,Kanpur Central,2026-03-08,16:45,5,At Risk,Signal Failure,356,67,3,Clear,33,7077,28,Low,0,0,1,4,Monitor
1709,12888,Duronto,GKP,Gorakhpur,BBS,Bhubaneswar,2026-01-26,18:15,90,Delayed,Crew Delay,979,79,12,Rain,35,1206,62,Medium,0,0,1,95,Notify station control
1710,14674,Shatabdi,ADI,Ahmedabad Junction,NDLS,New Delhi,2026-01-08,08:30,0,On Time,No Delay,918,65,2,Heatwave,31,2159,20,Low,0,0,0,1,Monitor
1711,12696,Express,ALD,Prayagraj Junction,ADI,Ahmedabad Junction,2026-06-09,09:45,8,At Risk,Platform Change,533,88,11,Clear,36,9743,31,Low,0,0,0,6,Monitor
1712,13038,Duronto,NGP,Nagpur Junction,KOTA,Kota Junction,2026-02-14,23:00,120,At Risk,Weather,1071,44,5,Fog,29,431,73,High,0,0,1,115,Reallocate platform and crew
1713,12840,Express,VSKP,Visakhapatnam,SBC,KSR Bengaluru City,2026-03-14,08:45,35,Delayed,Congestion,1378,81,4,Rain,40,7005,43,Medium,1,0,0,36,Notify station control
1714,12112,Express,CSTM,Mumbai CSMT,BCT,Mumbai Central,2026-02-24,23:15,0,On Time,No Delay,391,87,5,Cloudy,35,4950,31,Low,0,0,1,5,Monitor
1715,14539,Jan Shatabdi,BCT,Mumbai Central,JP,Jaipur Junction,2026-04-16,05:45,0,On Time,No Delay,770,86,8,Rain,24,6044,32,Low,1,0,0,0,Monitor
1716,14274,Jan Shatabdi,CNB,Kanpur Central,NGP,Nagpur Junction,2026-02-27,02:30,0,On Time,No Delay,463,96,14,Clear,42,5636,31,Low,0,1,1,3,Monitor
1717,12494,Shatabdi,PNBE,Patna Junction,GKP,Gorakhpur,2026-02-03,09:45,90,At Risk,Weather,1798,71,1,Storm,29,9751,68,High,0,1,1,88,Reallocate platform and crew
1718,13292,Shatabdi,ADI,Ahmedabad Junction,JP,Jaipur Junction,2026-05-28,15:15,0,Completed,No Delay,1213,72,8,Storm,15,9746,38,Low,0,0,0,6,Monitor
1719,13091,Duronto,PNBE,Patna Junction,GKP,Gorakhpur,2026-03-11,07:15,0,On Time,No Delay,1550,63,16,Storm,28,377,31,Low,1,1,0,10,Monitor
1720,12512,Jan Shatabdi,LKO,Lucknow Charbagh,HWH,Howrah Junction,2026-03-18,13:30,18,At Risk,Platform Change,1169,77,2,Rain,33,7002,36,Low,0,0,0,25,Monitor
1721,12674,Superfast,SBC,KSR Bengaluru City,GKP,Gorakhpur,2026-01-15,01:15,75,Delayed,Late Incoming Train,453,100,1,Clear,40,527,58,Medium,0,1,1,85,Notify station control
1722,12168,Jan Shatabdi,BBS,Bhubaneswar,ALD,Prayagraj Junction,2026-09-08,08:30,75,At Risk,Platform Change,1718,72,8,Heatwave,19,899,54,Medium,1,1,1,71,Notify station control
1723,14063,Garib Rath,KOTA,Kota Junction,SDAH,Sealdah,2026-07-11,14:15,75,Delayed,Technical Fault,1440,71,16,Heatwave,39,4992,56,Medium,0,0,1,78,Notify station control
1724,13247,Garib Rath,NGP,Nagpur Junction,PNBE,Patna Junction,2026-06-01,01:15,0,On Time,No Delay,508,78,17,Cloudy,17,7619,28,Low,0,0,1,3,Monitor
1725,12497,Duronto,JP,Jaipur Junction,CNB,Kanpur Central,2026-03-12,14:15,0,On Time,No Delay,547,38,8,Clear,15,3850,14,Low,0,0,0,7,Monitor
1726,14692,Rajdhani,PUNE,Pune Junction,NDLS,New Delhi,2026-02-14,16:30,0,Completed,No Delay,1767,100,9,Cloudy,38,942,35,Low,0,1,0,7,Monitor
1727,12860,Intercity,SDAH,Sealdah,MAS,Chennai Central,2026-04-07,04:45,45,At Risk,Congestion,1630,59,1,Clear,15,6168,43,Medium,0,1,1,46,Notify station control
1728,12634,Duronto,NGP,Nagpur Junction,PUNE,Pune Junction,2026-08-22,05:15,0,On Time,No Delay,1607,69,13,Heatwave,19,8813,23,Low,0,1,0,9,Monitor
1729,12614,Rajdhani,LKO,Lucknow Charbagh,KOTA,Kota Junction,2026-05-02,06:45,0,On Time,No Delay,1145,87,2,Clear,14,9200,32,Low,0,0,0,4,Monitor
1730,12625,Vande Bharat,NDLS,New Delhi,JP,Jaipur Junction,2026-02-05,11:45,999,Cancelled,Late Incoming Train,1233,54,7,Rain,31,4902,100,Critical,0,0,1,999,Escalate to operations command
1731,12860,Vande Bharat,ALD,Prayagraj Junction,NDLS,New Delhi,2026-06-10,09:15,45,Delayed,Track Obstruction,1157,94,13,Rain,31,571,50,Medium,0,1,0,52,Notify station control
1732,14286,Jan Shatabdi,HWH,Howrah Junction,BPL,Bhopal Junction,2026-04-21,19:45,90,At Risk,Technical Fault,1071,69,10,Cloudy,14,5595,56,Medium,1,0,1,89,Notify station control
1733,13179,Vande Bharat,PNBE,Patna Junction,ALD,Prayagraj Junction,2026-04-03,22:30,0,On Time,No Delay,1257,86,2,Storm,21,7784,43,Medium,1,0,0,9,Notify station control
1734,12513,Sampark Kranti,NDLS,New Delhi,ADI,Ahmedabad Junction,2026-07-14,13:45,75,Delayed,Weather,1776,75,3,Storm,35,789,63,Medium,0,1,1,80,Notify station control
1735,14129,Garib Rath,BCT,Mumbai Central,NGP,Nagpur Junction,2026-02-24,00:15,120,Delayed,Weather,1343,59,8,Clear,18,9467,69,High,1,0,1,126,Reallocate platform and crew
1736,12540,Duronto,PNBE,Patna Junction,LKO,Lucknow Charbagh,2026-04-19,21:45,60,At Risk,Track Obstruction,846,67,12,Clear,32,6860,45,Medium,0,0,1,69,Notify station control
1737,14644,Sampark Kranti,PUNE,Pune Junction,JP,Jaipur Junction,2026-08-02,16:45,0,On Time,No Delay,1332,60,10,Clear,27,6235,22,Low,0,0,0,6,Monitor
1738,12120,Shatabdi,SBC,KSR Bengaluru City,BCT,Mumbai Central,2026-08-07,23:15,0,On Time,No Delay,1137,97,7,Clear,26,6461,30,Low,0,1,1,0,Monitor
1739,12965,Express,MAS,Chennai Central,PUNE,Pune Junction,2026-07-24,23:00,0,On Time,No Delay,313,62,4,Clear,32,2329,19,Low,0,0,1,0,Monitor
1740,12453,Garib Rath,VSKP,Visakhapatnam,SBC,KSR Bengaluru City,2026-06-21,08:00,0,On Time,No Delay,1764,82,18,Rain,42,9655,30,Low,0,1,0,1,Monitor
1741,12179,Rajdhani,BBS,Bhubaneswar,NGP,Nagpur Junction,2026-06-25,15:15,120,Delayed,Platform Change,779,98,12,Clear,34,9462,74,High,0,1,1,115,Reallocate platform and crew
1742,14074,Garib Rath,ADI,Ahmedabad Junction,VSKP,Visakhapatnam,2026-09-19,00:30,0,On Time,No Delay,617,62,8,Cloudy,31,7516,26,Low,0,0,0,0,Monitor
1743,13112,Jan Shatabdi,BPL,Bhopal Junction,VSKP,Visakhapatnam,2026-04-27,08:30,0,On Time,No Delay,800,74,17,Cloudy,43,9143,27,Low,0,0,0,2,Monitor
1744,14341,Sampark Kranti,BCT,Mumbai Central,NGP,Nagpur Junction,2026-05-13,19:15,0,On Time,No Delay,503,59,11,Clear,15,2754,20,Low,1,0,1,0,Monitor
1745,12930,Superfast,ADI,Ahmedabad Junction,PUNE,Pune Junction,2026-02-01,16:00,0,On Time,No Delay,855,79,4,Clear,35,6127,27,Low,0,0,1,0,Monitor
1746,12954,Sampark Kranti,SBC,KSR Bengaluru City,CNB,Kanpur Central,2026-08-14,23:00,0,On Time,No Delay,793,82,2,Clear,20,8114,28,Low,0,0,0,3,Monitor
1747,12224,Duronto,CSTM,Mumbai CSMT,VSKP,Visakhapatnam,2026-01-02,09:00,0,On Time,No Delay,1725,77,13,Clear,36,5428,26,Low,1,1,0,8,Monitor
1748,14629,Vande Bharat,LKO,Lucknow Charbagh,ALD,Prayagraj Junction,2026-06-24,00:00,0,On Time,No Delay,1293,95,14,Clear,36,6871,27,Low,0,1,0,0,Monitor
1749,13062,Vande Bharat,MAS,Chennai Central,KOTA,Kota Junction,2026-07-24,20:00,5,At Risk,Signal Failure,320,81,12,Clear,41,7929,26,Low,0,0,0,2,Monitor
1750,14673,Sampark Kranti,KOTA,Kota Junction,JP,Jaipur Junction,2026-04-27,18:45,0,On Time,No Delay,1460,87,12,Heatwave,15,6136,28,Low,1,0,0,0,Monitor
1751,12265,Intercity,ALD,Prayagraj Junction,VSKP,Visakhapatnam,2026-06-01,15:00,120,At Risk,Signal Failure,1278,88,5,Clear,33,3642,77,High,1,0,1,120,Reallocate platform and crew
1752,12220,Sampark Kranti,KOTA,Kota Junction,NGP,Nagpur Junction,2026-05-02,21:00,0,On Time,No Delay,332,76,7,Fog,22,670,38,Low,0,0,0,0,Monitor
1753,12261,Express,SBC,KSR Bengaluru City,PNBE,Patna Junction,2026-07-26,23:15,0,On Time,No Delay,969,85,18,Cloudy,14,6667,28,Low,0,0,0,0,Monitor
1754,12150,Sampark Kranti,BCT,Mumbai Central,ADI,Ahmedabad Junction,2026-02-18,13:00,0,Completed,No Delay,330,89,14,Clear,24,8334,32,Low,0,0,0,0,Monitor
1755,12216,Duronto,CSTM,Mumbai CSMT,GKP,Gorakhpur,2026-03-08,03:30,25,At Risk,Weather,580,88,17,Fog,38,587,52,Medium,0,0,1,24,Notify station control
1756,14485,Jan Shatabdi,LKO,Lucknow Charbagh,VSKP,Visakhapatnam,2026-01-12,05:00,12,At Risk,Weather,1476,80,4,Fog,32,861,44,Medium,0,0,0,8,Notify station control
1757,12128,Intercity,CSTM,Mumbai CSMT,MAS,Chennai Central,2026-09-23,02:45,0,On Time,No Delay,1789,74,18,Clear,38,518,24,Low,0,1,0,3,Monitor
1758,12171,Vande Bharat,HWH,Howrah Junction,JP,Jaipur Junction,2026-09-02,13:15,0,On Time,No Delay,719,82,9,Cloudy,32,6073,24,Low,0,0,0,7,Monitor
1759,13051,Intercity,VSKP,Visakhapatnam,ADI,Ahmedabad Junction,2026-05-20,11:45,25,Delayed,Late Incoming Train,893,72,9,Rain,18,4792,31,Low,0,0,0,29,Monitor
1760,12541,Vande Bharat,VSKP,Visakhapatnam,NGP,Nagpur Junction,2026-05-16,04:45,35,Delayed,Platform Change,1418,74,3,Cloudy,42,5958,37,Low,0,0,1,31,Monitor
1761,12987,Intercity,HWH,Howrah Junction,PNBE,Patna Junction,2026-02-25,12:45,999,Cancelled,Signal Failure,455,100,13,Cloudy,18,7607,100,Critical,0,1,1,999,Escalate to operations command
1762,13256,Rajdhani,SDAH,Sealdah,GKP,Gorakhpur,2026-02-13,11:45,35,At Risk,Technical Fault,733,67,13,Cloudy,42,9284,39,Low,1,0,0,43,Monitor
1763,14288,Garib Rath,MAS,Chennai Central,PNBE,Patna Junction,2026-05-06,06:30,0,On Time,No Delay,925,83,5,Clear,20,1721,31,Low,0,0,0,0,Monitor
1764,13205,Rajdhani,SDAH,Sealdah,CNB,Kanpur Central,2026-01-21,11:15,35,Delayed,Track Obstruction,1106,60,6,Cloudy,17,6230,39,Low,0,0,0,31,Monitor
1765,12225,Shatabdi,LKO,Lucknow Charbagh,SBC,KSR Bengaluru City,2026-01-20,02:15,45,Delayed,Signal Failure,854,54,8,Heatwave,23,2747,36,Low,0,0,0,44,Monitor
1766,12896,Vande Bharat,GKP,Gorakhpur,ADI,Ahmedabad Junction,2026-04-22,20:45,30,At Risk,Track Obstruction,755,57,1,Heatwave,39,9118,36,Low,0,0,0,40,Monitor
1767,14420,Garib Rath,BBS,Bhubaneswar,KOTA,Kota Junction,2026-01-02,21:45,0,On Time,No Delay,415,59,8,Clear,16,3855,23,Low,1,0,0,0,Monitor
1768,12553,Superfast,SDAH,Sealdah,LKO,Lucknow Charbagh,2026-08-10,11:15,0,Completed,No Delay,1442,84,14,Cloudy,39,3856,31,Low,0,0,1,5,Monitor
1769,12965,Jan Shatabdi,NGP,Nagpur Junction,SBC,KSR Bengaluru City,2026-04-11,03:00,0,Completed,No Delay,1713,76,5,Clear,24,5392,25,Low,0,1,0,0,Monitor
1770,14497,Duronto,VSKP,Visakhapatnam,ALD,Prayagraj Junction,2026-03-01,08:45,40,Delayed,Crew Delay,695,58,11,Clear,25,4074,38,Low,1,0,1,40,Monitor
1771,14049,Intercity,BPL,Bhopal Junction,PNBE,Patna Junction,2026-06-07,02:15,15,At Risk,Maintenance Work,792,66,17,Cloudy,28,1594,32,Low,0,0,1,14,Monitor
1772,13178,Vande Bharat,BPL,Bhopal Junction,GKP,Gorakhpur,2026-02-09,08:15,0,On Time,No Delay,1632,96,5,Heavy Rain,26,2403,40,Medium,0,1,0,0,Notify station control
1773,12050,Shatabdi,NDLS,New Delhi,SDAH,Sealdah,2026-04-07,02:45,0,On Time,No Delay,471,50,13,Clear,43,5311,19,Low,0,0,0,9,Monitor
1774,13130,Vande Bharat,HWH,Howrah Junction,SDAH,Sealdah,2026-04-26,20:30,30,At Risk,Weather,517,59,14,Heavy Rain,40,7957,41,Medium,0,0,0,27,Notify station control
1775,12977,Sampark Kranti,PUNE,Pune Junction,LKO,Lucknow Charbagh,2026-02-12,18:15,45,Delayed,Weather,1463,92,17,Fog,16,567,60,Medium,0,1,0,52,Notify station control
1776,12659,Intercity,BBS,Bhubaneswar,ADI,Ahmedabad Junction,2026-02-06,05:15,0,Completed,No Delay,441,83,16,Clear,42,5026,30,Low,0,0,0,0,Monitor
1777,12872,Rajdhani,PUNE,Pune Junction,CNB,Kanpur Central,2026-05-15,15:45,0,Completed,No Delay,773,54,10,Clear,37,8907,19,Low,1,0,1,7,Monitor
1778,14103,Vande Bharat,ADI,Ahmedabad Junction,NDLS,New Delhi,2026-03-28,17:15,0,On Time,No Delay,1741,82,12,Clear,26,505,24,Low,0,1,0,9,Monitor
1779,14417,Shatabdi,HWH,Howrah Junction,SBC,KSR Bengaluru City,2026-05-23,06:15,20,Delayed,Weather,1030,88,16,Fog,31,889,47,Medium,0,0,1,29,Notify station control
1780,12993,Superfast,SBC,KSR Bengaluru City,NDLS,New Delhi,2026-06-08,03:15,75,Delayed,Signal Failure,1003,62,13,Cloudy,35,6805,47,Medium,1,0,1,78,Notify station control
1781,12827,Superfast,SBC,KSR Bengaluru City,JP,Jaipur Junction,2026-03-04,00:45,30,Delayed,Late Incoming Train,367,89,10,Cloudy,41,7394,40,Medium,0,0,0,28,Notify station control
1782,14488,Shatabdi,PUNE,Pune Junction,BBS,Bhubaneswar,2026-06-12,23:30,5,Delayed,Crew Delay,1796,87,13,Clear,22,8967,28,Low,0,1,0,2,Monitor
1783,12510,Sampark Kranti,GKP,Gorakhpur,ADI,Ahmedabad Junction,2026-07-15,13:45,0,On Time,No Delay,584,85,14,Cloudy,20,6753,28,Low,0,0,1,10,Monitor
1784,13173,Vande Bharat,BBS,Bhubaneswar,PNBE,Patna Junction,2026-06-08,17:00,0,On Time,No Delay,327,71,7,Cloudy,40,5356,22,Low,0,0,0,10,Monitor
1785,12923,Intercity,ALD,Prayagraj Junction,GKP,Gorakhpur,2026-04-20,03:30,15,At Risk,Signal Failure,1571,86,4,Clear,25,751,31,Low,0,1,0,13,Monitor
1786,12040,Garib Rath,JP,Jaipur Junction,ALD,Prayagraj Junction,2026-02-01,23:45,0,On Time,No Delay,694,48,16,Clear,33,2860,22,Low,0,0,0,0,Monitor
1787,12859,Sampark Kranti,HWH,Howrah Junction,NGP,Nagpur Junction,2026-07-15,21:15,0,On Time,No Delay,1528,46,11,Fog,42,572,29,Low,0,1,1,0,Monitor
1788,12505,Sampark Kranti,BPL,Bhopal Junction,BBS,Bhubaneswar,2026-01-12,16:45,12,Delayed,Technical Fault,1739,53,7,Clear,28,3268,25,Low,0,1,0,16,Monitor
1789,14121,Garib Rath,GKP,Gorakhpur,KOTA,Kota Junction,2026-08-01,03:00,0,Completed,No Delay,1140,99,12,Cloudy,25,7573,34,Low,0,1,1,1,Monitor
1790,14613,Express,LKO,Lucknow Charbagh,JP,Jaipur Junction,2026-02-02,16:30,20,Delayed,Technical Fault,1675,93,14,Cloudy,14,9904,38,Low,1,1,1,25,Monitor
1791,12645,Jan Shatabdi,KOTA,Kota Junction,BBS,Bhubaneswar,2026-03-13,06:15,0,On Time,No Delay,1390,73,7,Storm,41,7029,36,Low,0,0,0,3,Monitor
1792,14285,Intercity,BBS,Bhubaneswar,BPL,Bhopal Junction,2026-07-20,08:30,999,Cancelled,Weather,1686,85,11,Cloudy,30,7581,100,Critical,0,1,1,999,Escalate to operations command
1793,13146,Vande Bharat,VSKP,Visakhapatnam,CSTM,Mumbai CSMT,2026-08-06,19:00,0,On Time,No Delay,697,90,5,Clear,22,685,33,Low,0,1,1,6,Monitor
1794,14379,Intercity,ALD,Prayagraj Junction,ADI,Ahmedabad Junction,2026-09-28,01:45,0,On Time,No Delay,1457,59,9,Clear,24,742,20,Low,0,0,0,9,Monitor
1795,13130,Jan Shatabdi,PNBE,Patna Junction,NDLS,New Delhi,2026-05-24,16:00,0,On Time,No Delay,941,93,6,Rain,37,2280,29,Low,1,1,1,8,Monitor
1796,14229,Express,ADI,Ahmedabad Junction,NDLS,New Delhi,2026-05-27,00:30,0,On Time,No Delay,742,67,3,Storm,25,321,39,Low,0,0,0,7,Monitor
1797,12453,Superfast,HWH,Howrah Junction,BCT,Mumbai Central,2026-07-28,13:00,90,Delayed,Platform Change,601,79,13,Cloudy,28,4906,63,Medium,0,0,1,98,Notify station control
1798,12463,Vande Bharat,PUNE,Pune Junction,SBC,KSR Bengaluru City,2026-01-03,00:15,120,At Risk,Congestion,1397,87,5,Clear,39,1179,77,High,0,0,1,124,Reallocate platform and crew
1799,12162,Jan Shatabdi,BBS,Bhubaneswar,NGP,Nagpur Junction,2026-04-17,06:15,0,On Time,No Delay,851,85,17,Fog,22,686,41,Medium,1,0,1,10,Notify station control
1800,12234,Garib Rath,NDLS,New Delhi,VSKP,Visakhapatnam,2026-06-22,20:15,0,On Time,No Delay,1522,84,12,Clear,22,8050,29,Low,0,1,0,1,Monitor
1801,12598,Express,NGP,Nagpur Junction,BCT,Mumbai Central,2026-04-24,12:00,0,On Time,No Delay,1261,60,16,Clear,15,8178,19,Low,0,0,0,0,Monitor
1802,12317,Vande Bharat,SBC,KSR Bengaluru City,KOTA,Kota Junction,2026-01-11,22:00,30,Delayed,Late Incoming Train,789,78,4,Clear,36,3693,36,Low,0,0,1,40,Monitor
1803,12298,Rajdhani,BBS,Bhubaneswar,KOTA,Kota Junction,2026-04-25,17:30,60,Delayed,Weather,423,96,9,Fog,15,587,62,Medium,1,1,1,69,Notify station control
1804,12866,Vande Bharat,VSKP,Visakhapatnam,ALD,Prayagraj Junction,2026-05-20,04:45,25,At Risk,Congestion,1127,57,7,Clear,27,5683,33,Low,0,0,0,29,Monitor
1805,12179,Rajdhani,MAS,Chennai Central,ALD,Prayagraj Junction,2026-09-11,23:30,0,On Time,No Delay,1314,88,13,Fog,39,342,40,Medium,0,0,1,0,Notify station control
1806,12171,Jan Shatabdi,ADI,Ahmedabad Junction,JP,Jaipur Junction,2026-06-05,13:00,40,Delayed,Weather,229,62,7,Storm,19,851,50,Medium,0,0,0,46,Notify station control
1807,12527,Rajdhani,HWH,Howrah Junction,BPL,Bhopal Junction,2026-06-09,00:15,999,Cancelled,Crew Delay,223,100,6,Clear,43,4328,100,Critical,0,1,1,999,Escalate to operations command
1808,14683,Sampark Kranti,NDLS,New Delhi,BBS,Bhubaneswar,2026-03-28,20:30,0,On Time,No Delay,303,68,6,Clear,35,7884,22,Low,0,0,0,0,Monitor
1809,14442,Rajdhani,SBC,KSR Bengaluru City,CSTM,Mumbai CSMT,2026-09-28,03:00,0,On Time,No Delay,340,66,2,Clear,38,6599,25,Low,0,0,0,0,Monitor
1810,12145,Garib Rath,GKP,Gorakhpur,PUNE,Pune Junction,2026-09-24,04:30,90,Delayed,Late Incoming Train,915,60,15,Clear,38,8253,58,Medium,0,0,1,99,Notify station control
1811,12768,Shatabdi,LKO,Lucknow Charbagh,CNB,Kanpur Central,2026-03-19,11:00,0,On Time,No Delay,501,46,7,Clear,38,8741,23,Low,0,0,0,0,Monitor
1812,12547,Superfast,PNBE,Patna Junction,LKO,Lucknow Charbagh,2026-01-17,03:45,75,Delayed,Weather,1534,78,3,Heavy Rain,24,5845,68,High,0,1,1,71,Reallocate platform and crew
1813,12934,Jan Shatabdi,KOTA,Kota Junction,LKO,Lucknow Charbagh,2026-09-19,04:30,12,Delayed,Congestion,210,87,17,Rain,31,4915,35,Low,0,0,0,10,Monitor
1814,12906,Vande Bharat,JP,Jaipur Junction,VSKP,Visakhapatnam,2026-09-17,02:00,0,Completed,No Delay,1025,53,12,Clear,25,6072,22,Low,0,0,0,1,Monitor
1815,12458,Express,PNBE,Patna Junction,SDAH,Sealdah,2026-04-17,14:15,35,At Risk,Maintenance Work,1465,58,12,Clear,32,3247,34,Low,0,0,0,39,Monitor
1816,12762,Sampark Kranti,JP,Jaipur Junction,KOTA,Kota Junction,2026-07-15,08:00,8,Delayed,Signal Failure,1635,76,10,Clear,41,5722,29,Low,1,1,0,12,Monitor
1817,12426,Sampark Kranti,NGP,Nagpur Junction,VSKP,Visakhapatnam,2026-05-20,23:00,0,On Time,No Delay,1180,85,8,Clear,24,789,26,Low,0,0,1,9,Monitor
1818,12320,Duronto,BPL,Bhopal Junction,JP,Jaipur Junction,2026-02-16,20:00,120,Delayed,Crew Delay,308,85,10,Clear,40,6326,71,High,0,0,1,121,Reallocate platform and crew
1819,12947,Superfast,BCT,Mumbai Central,CNB,Kanpur Central,2026-08-23,13:45,35,Delayed,Congestion,924,99,4,Clear,27,9446,47,Medium,0,1,0,36,Notify station control
1820,14479,Superfast,PNBE,Patna Junction,BCT,Mumbai Central,2026-02-12,10:45,35,At Risk,Weather,241,63,17,Storm,27,1132,47,Medium,0,0,1,36,Notify station control
1821,12512,Sampark Kranti,ALD,Prayagraj Junction,LKO,Lucknow Charbagh,2026-01-03,01:30,25,Delayed,Late Incoming Train,965,95,8,Clear,41,1423,43,Medium,0,1,0,33,Notify station control
1822,12677,Shatabdi,CNB,Kanpur Central,GKP,Gorakhpur,2026-04-22,21:15,0,On Time,No Delay,599,59,6,Clear,15,2950,22,Low,0,0,0,4,Monitor
1823,14032,Express,SBC,KSR Bengaluru City,KOTA,Kota Junction,2026-05-15,16:00,18,Delayed,Crew Delay,1292,60,6,Heatwave,44,1328,30,Low,1,0,0,19,Monitor
1824,14052,Vande Bharat,NGP,Nagpur Junction,BBS,Bhubaneswar,2026-03-24,12:45,30,At Risk,Weather,1693,69,1,Fog,31,318,47,Medium,0,1,0,27,Notify station control
1825,12820,Intercity,JP,Jaipur Junction,PNBE,Patna Junction,2026-08-20,20:30,0,On Time,No Delay,707,57,6,Fog,38,586,35,Low,0,0,0,8,Monitor
1826,14461,Express,PNBE,Patna Junction,CSTM,Mumbai CSMT,2026-07-27,19:15,35,At Risk,Technical Fault,817,80,13,Clear,30,7605,43,Medium,0,0,0,32,Notify station control
1827,12712,Superfast,GKP,Gorakhpur,LKO,Lucknow Charbagh,2026-09-19,12:30,0,On Time,No Delay,816,70,9,Clear,14,2800,27,Low,1,0,0,7,Monitor
1828,13254,Jan Shatabdi,GKP,Gorakhpur,BPL,Bhopal Junction,2026-05-13,17:45,0,On Time,No Delay,1534,67,18,Heatwave,19,2579,25,Low,0,1,0,0,Monitor
1829,12129,Express,SDAH,Sealdah,SBC,KSR Bengaluru City,2026-09-11,15:15,0,On Time,No Delay,1322,76,13,Cloudy,35,1353,24,Low,0,0,0,8,Monitor
1830,13042,Sampark Kranti,BCT,Mumbai Central,JP,Jaipur Junction,2026-09-22,00:00,0,On Time,No Delay,846,71,15,Heavy Rain,35,6843,39,Low,0,0,1,6,Monitor
1831,12295,Duronto,CNB,Kanpur Central,LKO,Lucknow Charbagh,2026-08-02,11:45,0,Completed,No Delay,1160,69,9,Cloudy,44,4624,22,Low,0,0,0,8,Monitor
1832,14046,Vande Bharat,HWH,Howrah Junction,JP,Jaipur Junction,2026-05-15,22:00,999,Cancelled,Signal Failure,777,66,5,Clear,16,8657,100,Critical,0,0,1,999,Escalate to operations command
1833,12132,Superfast,CNB,Kanpur Central,SDAH,Sealdah,2026-04-11,17:30,0,On Time,No Delay,1350,89,1,Cloudy,39,5875,29,Low,0,0,0,6,Monitor
1834,12281,Garib Rath,BCT,Mumbai Central,GKP,Gorakhpur,2026-08-22,18:00,0,Completed,No Delay,560,73,17,Heatwave,41,8095,26,Low,0,0,0,8,Monitor
1835,12627,Jan Shatabdi,ADI,Ahmedabad Junction,SDAH,Sealdah,2026-03-20,02:30,0,On Time,No Delay,1703,82,3,Clear,37,8345,24,Low,0,1,0,0,Monitor
1836,12975,Intercity,CNB,Kanpur Central,BBS,Bhubaneswar,2026-02-04,09:15,0,On Time,No Delay,863,56,5,Cloudy,29,610,24,Low,0,0,1,0,Monitor
1837,12606,Garib Rath,LKO,Lucknow Charbagh,ALD,Prayagraj Junction,2026-03-05,03:45,0,Completed,No Delay,1171,44,12,Clear,17,3918,15,Low,0,0,0,8,Monitor
1838,14137,Superfast,ALD,Prayagraj Junction,KOTA,Kota Junction,2026-03-15,09:15,20,At Risk,Weather,758,80,15,Fog,21,238,43,Medium,0,0,0,24,Notify station control
1839,14055,Intercity,CSTM,Mumbai CSMT,SBC,KSR Bengaluru City,2026-05-15,10:30,0,On Time,No Delay,539,78,14,Fog,44,444,38,Low,0,0,0,0,Monitor
1840,14059,Duronto,LKO,Lucknow Charbagh,SDAH,Sealdah,2026-02-01,00:30,999,Cancelled,Maintenance Work,1710,90,2,Clear,18,7749,100,Critical,0,1,1,999,Escalate to operations command
1841,14206,Intercity,NGP,Nagpur Junction,GKP,Gorakhpur,2026-06-26,06:15,40,Delayed,Track Obstruction,1762,84,17,Cloudy,16,6576,44,Medium,0,1,0,41,Notify station control
1842,13135,Jan Shatabdi,PUNE,Pune Junction,NDLS,New Delhi,2026-05-07,04:00,0,On Time,No Delay,834,80,3,Cloudy,41,7158,26,Low,0,0,1,10,Monitor
1843,12119,Garib Rath,PNBE,Patna Junction,PUNE,Pune Junction,2026-05-03,20:00,0,On Time,No Delay,1024,75,11,Rain,37,2108,27,Low,0,0,0,0,Monitor
1844,14465,Rajdhani,LKO,Lucknow Charbagh,JP,Jaipur Junction,2026-04-25,07:00,12,At Risk,Crew Delay,569,49,10,Clear,26,6280,27,Low,0,0,1,14,Monitor
1845,13190,Garib Rath,LKO,Lucknow Charbagh,PNBE,Patna Junction,2026-08-02,20:15,0,On Time,No Delay,288,100,10,Rain,17,6945,36,Low,0,1,1,3,Monitor
1846,12096,Garib Rath,HWH,Howrah Junction,BBS,Bhubaneswar,2026-02-15,20:30,12,Delayed,Weather,1621,76,6,Fog,31,776,47,Medium,0,1,1,14,Notify station control
1847,12359,Intercity,BPL,Bhopal Junction,ALD,Prayagraj Junction,2026-07-20,17:15,45,Delayed,Track Obstruction,1190,86,8,Clear,14,1433,42,Medium,0,0,0,51,Notify station control
1848,14276,Vande Bharat,PUNE,Pune Junction,CSTM,Mumbai CSMT,2026-07-12,22:30,0,Completed,No Delay,1498,72,16,Clear,14,8805,27,Low,0,0,0,3,Monitor
1849,13074,Vande Bharat,CNB,Kanpur Central,SDAH,Sealdah,2026-01-16,17:30,0,Completed,No Delay,223,60,13,Clear,41,6340,18,Low,0,0,0,3,Monitor
1850,12558,Shatabdi,NGP,Nagpur Junction,SDAH,Sealdah,2026-01-20,07:45,18,Delayed,Technical Fault,1473,50,13,Clear,39,1362,24,Low,0,0,0,26,Monitor
1851,12276,Garib Rath,NDLS,New Delhi,KOTA,Kota Junction,2026-06-28,21:45,5,At Risk,Weather,1518,71,7,Fog,18,591,41,Medium,0,1,0,12,Notify station control
1852,14207,Shatabdi,VSKP,Visakhapatnam,PNBE,Patna Junction,2026-07-21,20:45,0,On Time,No Delay,454,76,13,Cloudy,30,2420,23,Low,1,0,0,0,Monitor
1853,12063,Express,JP,Jaipur Junction,VSKP,Visakhapatnam,2026-04-12,12:15,0,On Time,No Delay,1397,61,4,Clear,32,3040,20,Low,0,0,0,0,Monitor
1854,12994,Jan Shatabdi,GKP,Gorakhpur,VSKP,Visakhapatnam,2026-08-07,11:00,18,At Risk,Signal Failure,1195,93,12,Clear,17,7253,38,Low,1,1,1,21,Monitor
1855,12363,Express,ALD,Prayagraj Junction,SDAH,Sealdah,2026-06-13,19:45,0,On Time,No Delay,757,55,12,Clear,41,5757,23,Low,0,0,0,4,Monitor
1856,13119,Rajdhani,HWH,Howrah Junction,SBC,KSR Bengaluru City,2026-02-19,02:45,20,At Risk,Platform Change,700,76,14,Clear,34,9768,31,Low,0,0,1,19,Monitor
1857,12627,Superfast,GKP,Gorakhpur,KOTA,Kota Junction,2026-09-26,23:45,0,On Time,No Delay,1464,98,16,Clear,31,3851,28,Low,0,1,0,5,Monitor
1858,12743,Superfast,CNB,Kanpur Central,PUNE,Pune Junction,2026-09-04,03:15,0,On Time,No Delay,289,87,5,Rain,33,4834,32,Low,0,0,1,10,Monitor
1859,13276,Sampark Kranti,ALD,Prayagraj Junction,MAS,Chennai Central,2026-08-17,13:30,0,On Time,No Delay,430,57,6,Rain,39,2389,19,Low,0,0,1,2,Monitor
1860,14584,Garib Rath,NDLS,New Delhi,ADI,Ahmedabad Junction,2026-02-15,09:15,90,Delayed,Signal Failure,827,81,11,Clear,44,8202,64,Medium,0,0,1,100,Notify station control
1861,12928,Garib Rath,CSTM,Mumbai CSMT,MAS,Chennai Central,2026-01-20,08:00,20,Delayed,Late Incoming Train,1604,96,16,Clear,25,818,43,Medium,0,1,0,19,Notify station control
1862,14590,Superfast,SBC,KSR Bengaluru City,NGP,Nagpur Junction,2026-08-01,16:30,45,Delayed,Weather,1432,86,9,Storm,20,3568,59,Medium,0,0,1,43,Notify station control
1863,13274,Garib Rath,LKO,Lucknow Charbagh,NDLS,New Delhi,2026-08-09,19:15,0,On Time,No Delay,1497,86,4,Heatwave,15,1405,25,Low,0,0,1,4,Monitor
1864,14520,Shatabdi,CNB,Kanpur Central,ADI,Ahmedabad Junction,2026-04-05,20:15,0,Completed,No Delay,1254,70,3,Clear,30,9240,27,Low,1,0,0,8,Monitor
1865,13027,Jan Shatabdi,CNB,Kanpur Central,BBS,Bhubaneswar,2026-01-21,02:45,0,On Time,No Delay,1478,81,16,Cloudy,15,3390,26,Low,0,0,1,9,Monitor
1866,13224,Garib Rath,JP,Jaipur Junction,MAS,Chennai Central,2026-07-20,22:15,40,At Risk,Weather,1032,79,6,Heatwave,14,3214,39,Low,0,0,0,42,Monitor
1867,14537,Rajdhani,SDAH,Sealdah,ADI,Ahmedabad Junction,2026-01-24,21:00,10,Delayed,Crew Delay,1544,72,13,Rain,43,1316,33,Low,0,1,1,15,Monitor
1868,12774,Jan Shatabdi,NGP,Nagpur Junction,BCT,Mumbai Central,2026-03-01,05:15,10,At Risk,Congestion,401,87,13,Clear,20,5826,30,Low,0,0,0,7,Monitor
1869,14244,Intercity,JP,Jaipur Junction,HWH,Howrah Junction,2026-04-14,12:30,0,On Time,No Delay,1423,70,3,Cloudy,30,5801,23,Low,0,0,0,0,Monitor
1870,14344,Sampark Kranti,NDLS,New Delhi,MAS,Chennai Central,2026-09-06,18:00,10,At Risk,Platform Change,1606,85,11,Clear,31,2209,32,Low,0,1,1,8,Monitor
1871,12976,Duronto,LKO,Lucknow Charbagh,MAS,Chennai Central,2026-05-04,09:00,0,On Time,No Delay,417,71,10,Fog,19,664,39,Low,1,0,0,3,Monitor
1872,14347,Intercity,CSTM,Mumbai CSMT,PUNE,Pune Junction,2026-03-27,22:00,999,Cancelled,Weather,524,70,14,Cloudy,24,2820,100,Critical,0,0,1,999,Escalate to operations command
1873,12906,Duronto,HWH,Howrah Junction,BBS,Bhubaneswar,2026-09-03,22:15,0,On Time,No Delay,1504,71,17,Heatwave,30,8829,25,Low,0,1,0,7,Monitor
1874,14616,Vande Bharat,VSKP,Visakhapatnam,MAS,Chennai Central,2026-02-11,06:15,90,Delayed,Weather,1422,88,4,Fog,43,506,74,High,1,0,1,93,Reallocate platform and crew
1875,12013,Shatabdi,HWH,Howrah Junction,GKP,Gorakhpur,2026-01-24,04:15,0,On Time,No Delay,461,78,18,Cloudy,38,3098,25,Low,0,0,0,4,Monitor
1876,12551,Express,ADI,Ahmedabad Junction,NGP,Nagpur Junction,2026-09-14,14:00,25,At Risk,Weather,200,89,5,Storm,24,4345,55,Medium,0,0,0,28,Notify station control
1877,13204,Garib Rath,VSKP,Visakhapatnam,PNBE,Patna Junction,2026-08-28,04:00,20,At Risk,Late Incoming Train,1190,54,14,Rain,36,6773,29,Low,0,0,1,24,Monitor
1878,13023,Garib Rath,BCT,Mumbai Central,BBS,Bhubaneswar,2026-03-10,14:15,8,At Risk,Crew Delay,1611,50,2,Clear,42,6368,27,Low,0,1,1,5,Monitor
1879,12556,Superfast,CNB,Kanpur Central,ADI,Ahmedabad Junction,2026-03-08,17:00,0,On Time,No Delay,1705,92,7,Clear,32,3214,31,Low,0,1,0,8,Monitor
1880,14374,Vande Bharat,ALD,Prayagraj Junction,MAS,Chennai Central,2026-08-24,01:30,999,Cancelled,Weather,1771,35,15,Storm,31,7287,100,Critical,0,1,1,999,Escalate to operations command
1881,13159,Vande Bharat,MAS,Chennai Central,ADI,Ahmedabad Junction,2026-06-08,09:45,0,On Time,No Delay,932,70,3,Cloudy,37,7285,27,Low,0,0,0,0,Monitor
1882,12061,Rajdhani,BCT,Mumbai Central,BPL,Bhopal Junction,2026-08-13,16:45,45,Delayed,Late Incoming Train,1309,73,10,Clear,32,4929,45,Medium,0,0,0,52,Notify station control
1883,12231,Jan Shatabdi,NGP,Nagpur Junction,SDAH,Sealdah,2026-03-12,18:30,0,Completed,No Delay,1365,63,9,Fog,31,366,38,Low,0,0,0,6,Monitor
1884,12625,Rajdhani,LKO,Lucknow Charbagh,HWH,Howrah Junction,2026-08-10,10:00,10,At Risk,Track Obstruction,1371,92,14,Clear,20,6106,31,Low,0,1,1,8,Monitor
1885,12752,Superfast,PUNE,Pune Junction,VSKP,Visakhapatnam,2026-07-28,22:45,5,At Risk,Congestion,1683,81,8,Heatwave,29,2632,27,Low,0,1,0,7,Monitor
1886,12191,Vande Bharat,PNBE,Patna Junction,VSKP,Visakhapatnam,2026-09-27,19:15,999,Cancelled,Late Incoming Train,409,77,5,Clear,30,1613,100,Critical,0,0,1,999,Escalate to operations command
1887,14195,Superfast,CNB,Kanpur Central,JP,Jaipur Junction,2026-05-20,06:15,12,At Risk,Technical Fault,1083,75,14,Clear,21,8459,34,Low,0,0,0,13,Monitor
1888,14465,Intercity,HWH,Howrah Junction,NDLS,New Delhi,2026-09-04,16:00,0,On Time,No Delay,1064,39,11,Clear,39,9826,15,Low,0,0,0,0,Monitor
1889,12971,Superfast,PUNE,Pune Junction,VSKP,Visakhapatnam,2026-09-09,13:00,8,At Risk,Technical Fault,318,63,9,Heatwave,14,9212,23,Low,0,0,0,17,Monitor
1890,14269,Express,NGP,Nagpur Junction,GKP,Gorakhpur,2026-04-21,09:45,20,Delayed,Track Obstruction,756,75,16,Clear,41,476,31,Low,0,0,0,19,Monitor
1891,12640,Garib Rath,ADI,Ahmedabad Junction,SBC,KSR Bengaluru City,2026-02-07,03:15,0,On Time,No Delay,919,80,1,Clear,23,6773,23,Low,0,0,0,0,Monitor
1892,13096,Express,LKO,Lucknow Charbagh,BPL,Bhopal Junction,2026-08-05,21:00,15,Delayed,Maintenance Work,1736,77,5,Clear,35,2395,35,Low,0,1,1,17,Monitor
1893,12291,Jan Shatabdi,BBS,Bhubaneswar,BPL,Bhopal Junction,2026-02-05,06:00,120,At Risk,Maintenance Work,1185,54,12,Rain,41,1341,64,Medium,1,0,1,130,Notify station control
1894,12779,Express,ALD,Prayagraj Junction,KOTA,Kota Junction,2026-06-11,23:45,18,Delayed,Late Incoming Train,1155,87,8,Clear,15,4804,35,Low,1,0,0,16,Monitor
1895,14193,Vande Bharat,PNBE,Patna Junction,CSTM,Mumbai CSMT,2026-06-16,10:30,0,On Time,No Delay,1584,100,13,Cloudy,38,5406,35,Low,0,1,0,0,Monitor
1896,14514,Jan Shatabdi,KOTA,Kota Junction,SBC,KSR Bengaluru City,2026-03-15,02:30,25,Delayed,Technical Fault,247,83,12,Rain,42,4869,41,Medium,0,0,0,29,Notify station control
1897,14030,Jan Shatabdi,ADI,Ahmedabad Junction,NDLS,New Delhi,2026-09-22,08:15,0,On Time,No Delay,1114,100,15,Clear,44,1523,36,Low,0,1,1,6,Monitor
1898,13188,Superfast,BCT,Mumbai Central,BPL,Bhopal Junction,2026-09-28,16:15,25,At Risk,Weather,758,78,2,Rain,28,8756,39,Low,0,0,1,33,Monitor
1899,12195,Rajdhani,SDAH,Sealdah,HWH,Howrah Junction,2026-02-23,14:30,15,Delayed,Signal Failure,747,100,10,Rain,29,1414,35,Low,0,1,1,15,Monitor
1900,12036,Shatabdi,BBS,Bhubaneswar,GKP,Gorakhpur,2026-05-09,04:45,0,Completed,No Delay,1601,79,10,Clear,31,7304,27,Low,0,1,1,10,Monitor
1901,12964,Rajdhani,SDAH,Sealdah,LKO,Lucknow Charbagh,2026-06-15,01:30,75,Delayed,Track Obstruction,212,93,15,Cloudy,38,525,57,Medium,0,1,1,77,Notify station control
1902,12060,Vande Bharat,JP,Jaipur Junction,PUNE,Pune Junction,2026-04-21,01:30,0,On Time,No Delay,1530,73,14,Fog,38,622,39,Low,0,1,0,10,Monitor
1903,12360,Express,PUNE,Pune Junction,ALD,Prayagraj Junction,2026-09-14,09:15,15,Delayed,Technical Fault,760,64,17,Clear,17,2024,31,Low,0,0,0,16,Monitor
1904,12234,Superfast,SDAH,Sealdah,ADI,Ahmedabad Junction,2026-04-09,07:45,45,Delayed,Track Obstruction,520,78,15,Clear,25,1621,47,Medium,0,0,0,55,Notify station control
1905,12446,Intercity,ADI,Ahmedabad Junction,SBC,KSR Bengaluru City,2026-02-21,02:00,120,At Risk,Congestion,610,66,5,Clear,20,2322,65,High,0,0,1,125,Reallocate platform and crew
1906,12404,Intercity,GKP,Gorakhpur,NDLS,New Delhi,2026-03-06,02:30,0,On Time,No Delay,1689,84,13,Clear,34,9852,26,Low,0,1,0,0,Monitor
1907,14057,Vande Bharat,ADI,Ahmedabad Junction,MAS,Chennai Central,2026-05-09,23:15,45,At Risk,Weather,723,69,14,Fog,17,206,57,Medium,0,0,0,53,Notify station control
1908,14436,Superfast,NGP,Nagpur Junction,CSTM,Mumbai CSMT,2026-01-18,03:30,0,On Time,No Delay,1765,64,11,Clear,31,2826,23,Low,1,1,0,0,Monitor
1909,12905,Duronto,KOTA,Kota Junction,GKP,Gorakhpur,2026-06-01,15:30,15,At Risk,Late Incoming Train,938,52,17,Clear,15,3679,28,Low,0,0,0,20,Monitor
1910,14312,Sampark Kranti,BCT,Mumbai Central,PNBE,Patna Junction,2026-08-16,15:45,90,Delayed,Weather,710,60,10,Heavy Rain,43,2454,67,High,0,0,1,90,Reallocate platform and crew
1911,12873,Intercity,ADI,Ahmedabad Junction,LKO,Lucknow Charbagh,2026-07-10,17:45,0,On Time,No Delay,249,71,2,Cloudy,15,7423,21,Low,1,0,0,7,Monitor
1912,13147,Vande Bharat,SDAH,Sealdah,BBS,Bhubaneswar,2026-01-28,08:00,25,Delayed,Weather,900,87,10,Heavy Rain,34,6523,47,Medium,0,0,0,23,Notify station control
1913,13133,Superfast,VSKP,Visakhapatnam,MAS,Chennai Central,2026-03-13,04:30,75,At Risk,Platform Change,303,35,8,Clear,18,4443,44,Medium,0,0,1,70,Notify station control
1914,12926,Shatabdi,HWH,Howrah Junction,PNBE,Patna Junction,2026-05-05,14:30,8,Delayed,Congestion,300,55,8,Clear,37,9876,23,Low,1,0,0,10,Monitor
1915,14012,Express,SDAH,Sealdah,ADI,Ahmedabad Junction,2026-03-15,23:15,30,Delayed,Weather,868,87,12,Cloudy,36,6100,44,Medium,1,0,0,39,Notify station control
1916,12988,Duronto,HWH,Howrah Junction,PNBE,Patna Junction,2026-03-16,12:00,12,Delayed,Technical Fault,477,70,9,Cloudy,42,687,27,Low,0,0,1,13,Monitor
1917,12891,Rajdhani,VSKP,Visakhapatnam,NGP,Nagpur Junction,2026-02-01,11:00,30,At Risk,Weather,1671,88,12,Storm,17,1623,50,Medium,0,1,0,37,Notify station control
1918,14492,Sampark Kranti,SDAH,Sealdah,MAS,Chennai Central,2026-08-25,13:45,0,On Time,No Delay,1510,69,10,Cloudy,35,5846,26,Low,0,1,0,6,Monitor
1919,12527,Sampark Kranti,BBS,Bhubaneswar,ADI,Ahmedabad Junction,2026-07-25,23:15,0,On Time,No Delay,624,85,15,Rain,20,2482,31,Low,1,0,0,9,Monitor
1920,12306,Rajdhani,CSTM,Mumbai CSMT,BPL,Bhopal Junction,2026-07-26,10:15,0,On Time,No Delay,1083,70,6,Clear,16,4518,23,Low,1,0,1,3,Monitor
1921,13146,Express,BBS,Bhubaneswar,CSTM,Mumbai CSMT,2026-06-02,15:15,0,On Time,No Delay,909,84,18,Storm,20,1373,42,Medium,0,0,0,9,Notify station control
1922,14130,Shatabdi,PUNE,Pune Junction,BBS,Bhubaneswar,2026-01-25,05:45,0,Completed,No Delay,574,93,9,Cloudy,44,1703,34,Low,1,1,0,4,Monitor
1923,14320,Intercity,CNB,Kanpur Central,NDLS,New Delhi,2026-06-06,07:30,5,Delayed,Signal Failure,1146,78,16,Clear,16,2866,32,Low,1,0,0,3,Monitor
1924,12117,Vande Bharat,GKP,Gorakhpur,NGP,Nagpur Junction,2026-08-26,19:00,0,On Time,No Delay,1451,78,17,Fog,37,555,38,Low,0,0,0,0,Monitor
1925,12602,Jan Shatabdi,SBC,KSR Bengaluru City,MAS,Chennai Central,2026-01-02,14:45,8,Delayed,Weather,1419,74,11,Heavy Rain,14,3073,44,Medium,0,0,0,11,Notify station control
1926,14390,Express,BBS,Bhubaneswar,CNB,Kanpur Central,2026-01-10,19:45,0,On Time,No Delay,872,81,1,Rain,32,5850,29,Low,0,0,0,0,Monitor
1927,13253,Sampark Kranti,MAS,Chennai Central,ADI,Ahmedabad Junction,2026-05-26,07:30,0,On Time,No Delay,1092,82,11,Clear,17,9150,25,Low,0,0,0,4,Monitor
1928,12852,Duronto,LKO,Lucknow Charbagh,BCT,Mumbai Central,2026-02-14,22:45,0,On Time,No Delay,714,90,7,Fog,43,382,43,Medium,1,1,0,1,Notify station control
1929,12157,Jan Shatabdi,VSKP,Visakhapatnam,ADI,Ahmedabad Junction,2026-07-15,20:15,999,Cancelled,Congestion,1271,71,3,Cloudy,44,1709,100,Critical,0,0,1,999,Escalate to operations command
1930,12265,Express,NGP,Nagpur Junction,JP,Jaipur Junction,2026-04-27,03:45,90,Delayed,Congestion,623,86,15,Cloudy,29,1158,59,Medium,0,0,1,90,Notify station control
1931,14667,Duronto,ADI,Ahmedabad Junction,BPL,Bhopal Junction,2026-04-13,11:00,0,Completed,No Delay,685,92,1,Clear,22,7515,26,Low,0,1,1,4,Monitor
1932,13151,Sampark Kranti,PNBE,Patna Junction,VSKP,Visakhapatnam,2026-04-11,15:00,0,On Time,No Delay,1607,74,5,Clear,38,1122,30,Low,0,1,1,2,Monitor
1933,13262,Duronto,SDAH,Sealdah,BPL,Bhopal Junction,2026-06-08,04:30,0,Completed,No Delay,690,95,11,Clear,28,8589,35,Low,1,1,0,6,Monitor
1934,13249,Rajdhani,MAS,Chennai Central,CNB,Kanpur Central,2026-04-01,06:30,0,On Time,No Delay,1662,76,1,Cloudy,42,5766,27,Low,0,1,0,1,Monitor
1935,13244,Vande Bharat,CSTM,Mumbai CSMT,ADI,Ahmedabad Junction,2026-07-02,00:45,0,On Time,No Delay,1068,73,15,Cloudy,41,7528,29,Low,0,0,0,0,Monitor
1936,12336,Vande Bharat,ADI,Ahmedabad Junction,NGP,Nagpur Junction,2026-04-13,17:45,0,On Time,No Delay,284,57,9,Clear,37,9987,18,Low,0,0,0,10,Monitor
1937,12765,Express,CSTM,Mumbai CSMT,NGP,Nagpur Junction,2026-02-17,04:30,10,Delayed,Maintenance Work,1629,63,1,Heatwave,37,5625,25,Low,1,1,1,16,Monitor
1938,12909,Garib Rath,ALD,Prayagraj Junction,BBS,Bhubaneswar,2026-04-23,08:15,0,On Time,No Delay,658,76,3,Cloudy,22,2083,29,Low,0,0,1,10,Monitor
1939,12427,Vande Bharat,CSTM,Mumbai CSMT,SBC,KSR Bengaluru City,2026-09-09,11:45,18,Delayed,Signal Failure,209,48,7,Clear,41,2571,28,Low,0,0,0,13,Monitor
1940,12247,Garib Rath,VSKP,Visakhapatnam,PNBE,Patna Junction,2026-02-04,12:30,0,On Time,No Delay,1511,82,13,Storm,26,415,38,Low,0,1,0,5,Monitor
1941,13263,Express,CNB,Kanpur Central,BBS,Bhubaneswar,2026-01-17,21:30,60,At Risk,Maintenance Work,1653,62,9,Heatwave,29,6756,42,Medium,0,1,1,66,Notify station control
1942,14040,Superfast,SDAH,Sealdah,KOTA,Kota Junction,2026-09-05,18:45,999,Cancelled,Congestion,307,82,10,Clear,32,9102,100,Critical,0,0,1,999,Escalate to operations command
1943,13139,Garib Rath,SDAH,Sealdah,BBS,Bhubaneswar,2026-05-02,01:45,0,On Time,No Delay,337,68,2,Clear,27,3088,26,Low,0,0,1,9,Monitor
1944,12954,Intercity,BBS,Bhubaneswar,SDAH,Sealdah,2026-04-08,00:00,0,On Time,No Delay,512,58,3,Clear,22,4349,18,Low,0,0,0,1,Monitor
1945,14334,Rajdhani,HWH,Howrah Junction,SDAH,Sealdah,2026-07-04,10:00,0,On Time,No Delay,1269,67,11,Clear,25,2486,27,Low,0,0,0,4,Monitor
1946,14078,Express,ADI,Ahmedabad Junction,SBC,KSR Bengaluru City,2026-09-15,22:00,0,Completed,No Delay,1628,92,17,Clear,20,5499,27,Low,1,1,0,9,Monitor
1947,13151,Intercity,PUNE,Pune Junction,CNB,Kanpur Central,2026-08-21,17:15,0,Completed,No Delay,686,70,18,Clear,36,9723,24,Low,0,0,0,8,Monitor
1948,12189,Shatabdi,LKO,Lucknow Charbagh,NGP,Nagpur Junction,2026-03-19,06:45,12,Delayed,Weather,444,67,9,Heavy Rain,41,7256,42,Medium,0,0,1,16,Notify station control
1949,12456,Jan Shatabdi,ALD,Prayagraj Junction,JP,Jaipur Junction,2026-06-28,23:15,12,At Risk,Maintenance Work,571,58,2,Cloudy,16,364,23,Low,0,0,0,22,Monitor
1950,14485,Express,NDLS,New Delhi,PUNE,Pune Junction,2026-07-06,09:30,0,On Time,No Delay,434,83,12,Heatwave,34,1532,29,Low,0,0,0,0,Monitor
1951,12405,Shatabdi,NGP,Nagpur Junction,MAS,Chennai Central,2026-03-13,04:30,0,On Time,No Delay,624,68,7,Clear,35,6080,21,Low,0,0,0,0,Monitor
1952,12236,Rajdhani,PUNE,Pune Junction,GKP,Gorakhpur,2026-03-02,04:30,0,On Time,No Delay,822,67,11,Cloudy,44,8935,28,Low,0,0,0,4,Monitor
1953,12697,Superfast,PNBE,Patna Junction,JP,Jaipur Junction,2026-01-05,08:30,0,On Time,No Delay,209,77,7,Clear,37,4342,24,Low,1,0,1,0,Monitor
1954,12612,Rajdhani,NDLS,New Delhi,LKO,Lucknow Charbagh,2026-04-05,15:45,999,Cancelled,Track Obstruction,1550,51,18,Cloudy,19,4160,100,Critical,0,1,1,999,Escalate to operations command
1955,14046,Superfast,PUNE,Pune Junction,PNBE,Patna Junction,2026-02-06,12:45,0,On Time,No Delay,1076,85,8,Clear,24,5550,27,Low,0,0,1,0,Monitor
1956,13088,Vande Bharat,NGP,Nagpur Junction,HWH,Howrah Junction,2026-04-09,07:15,15,Delayed,Technical Fault,1127,86,2,Cloudy,40,2574,31,Low,0,0,0,21,Monitor
1957,14021,Express,GKP,Gorakhpur,BCT,Mumbai Central,2026-02-23,19:00,40,Delayed,Weather,1094,65,3,Cloudy,40,2456,40,Medium,0,0,1,36,Notify station control
1958,13177,Vande Bharat,SDAH,Sealdah,BBS,Bhubaneswar,2026-07-28,20:30,45,Delayed,Track Obstruction,769,77,6,Clear,16,1767,43,Medium,0,0,0,45,Notify station control
1959,12101,Garib Rath,KOTA,Kota Junction,CSTM,Mumbai CSMT,2026-05-05,05:00,20,At Risk,Crew Delay,983,74,6,Clear,37,9531,37,Low,1,0,0,28,Monitor
1960,12422,Express,BCT,Mumbai Central,BBS,Bhubaneswar,2026-08-04,01:15,0,On Time,No Delay,833,87,6,Cloudy,28,8633,25,Low,1,0,0,9,Monitor
1961,13128,Rajdhani,SBC,KSR Bengaluru City,GKP,Gorakhpur,2026-06-10,12:30,0,On Time,No Delay,302,70,5,Cloudy,24,8729,28,Low,0,0,1,8,Monitor
1962,12362,Duronto,ALD,Prayagraj Junction,NGP,Nagpur Junction,2026-05-27,12:30,35,Delayed,Weather,674,67,10,Storm,22,7200,51,Medium,0,0,0,36,Notify station control
1963,12999,Shatabdi,NGP,Nagpur Junction,ALD,Prayagraj Junction,2026-02-26,23:45,0,On Time,No Delay,1684,78,11,Rain,29,3642,26,Low,1,1,0,0,Monitor
1964,13246,Sampark Kranti,BPL,Bhopal Junction,KOTA,Kota Junction,2026-06-05,05:45,0,On Time,No Delay,850,83,14,Cloudy,14,984,32,Low,0,0,1,2,Monitor
1965,12882,Duronto,ADI,Ahmedabad Junction,ALD,Prayagraj Junction,2026-04-15,20:15,0,On Time,No Delay,556,83,3,Cloudy,37,4651,27,Low,0,0,0,6,Monitor
1966,13253,Rajdhani,PUNE,Pune Junction,PNBE,Patna Junction,2026-04-26,15:15,0,On Time,No Delay,1059,74,10,Clear,20,1240,23,Low,0,0,0,10,Monitor
1967,14419,Shatabdi,MAS,Chennai Central,KOTA,Kota Junction,2026-05-19,12:15,0,On Time,No Delay,920,70,7,Heavy Rain,33,2803,34,Low,0,0,0,6,Monitor
1968,12059,Intercity,ALD,Prayagraj Junction,ADI,Ahmedabad Junction,2026-08-22,19:00,40,Delayed,Signal Failure,1297,69,15,Clear,31,3780,42,Medium,0,0,1,44,Notify station control
1969,14320,Garib Rath,BCT,Mumbai Central,BBS,Bhubaneswar,2026-04-17,13:15,0,On Time,No Delay,983,66,18,Clear,21,7368,26,Low,1,0,0,0,Monitor
1970,14342,Superfast,CNB,Kanpur Central,NDLS,New Delhi,2026-04-26,04:30,40,Delayed,Weather,518,84,16,Heavy Rain,39,3320,55,Medium,1,0,0,47,Notify station control
1971,14232,Garib Rath,VSKP,Visakhapatnam,MAS,Chennai Central,2026-05-14,13:45,75,At Risk,Technical Fault,1149,99,9,Heatwave,28,3197,58,Medium,0,1,1,77,Notify station control
1972,13113,Garib Rath,HWH,Howrah Junction,BCT,Mumbai Central,2026-09-16,19:15,60,Delayed,Signal Failure,955,70,17,Clear,26,3065,48,Medium,1,0,1,67,Notify station control
1973,14633,Rajdhani,ADI,Ahmedabad Junction,JP,Jaipur Junction,2026-04-28,03:15,45,At Risk,Platform Change,1453,71,3,Clear,21,5210,40,Medium,1,0,0,41,Notify station control
1974,12351,Sampark Kranti,ALD,Prayagraj Junction,NDLS,New Delhi,2026-03-06,00:00,30,At Risk,Track Obstruction,456,60,7,Cloudy,29,8390,35,Low,0,0,0,32,Monitor
1975,12365,Superfast,BPL,Bhopal Junction,SBC,KSR Bengaluru City,2026-02-10,00:15,0,On Time,No Delay,493,76,5,Clear,20,1499,24,Low,0,0,0,2,Monitor
1976,14206,Duronto,CSTM,Mumbai CSMT,SBC,KSR Bengaluru City,2026-01-28,07:00,0,On Time,No Delay,1053,82,16,Cloudy,19,872,32,Low,0,0,0,0,Monitor
1977,13052,Sampark Kranti,VSKP,Visakhapatnam,PNBE,Patna Junction,2026-05-28,09:15,5,Delayed,Signal Failure,1593,91,3,Clear,44,7884,31,Low,0,1,0,10,Monitor
1978,14362,Shatabdi,ADI,Ahmedabad Junction,SBC,KSR Bengaluru City,2026-01-23,22:45,0,On Time,No Delay,763,88,16,Clear,23,7432,31,Low,0,0,1,0,Monitor
1979,14219,Jan Shatabdi,NDLS,New Delhi,MAS,Chennai Central,2026-03-27,06:15,0,Completed,No Delay,701,95,17,Heatwave,14,9234,34,Low,0,1,0,1,Monitor
1980,12004,Superfast,HWH,Howrah Junction,NGP,Nagpur Junction,2026-06-05,20:00,20,At Risk,Track Obstruction,1298,82,8,Clear,18,6039,33,Low,1,0,0,29,Monitor
1981,12715,Shatabdi,MAS,Chennai Central,CSTM,Mumbai CSMT,2026-07-15,16:00,45,Delayed,Technical Fault,1263,99,6,Rain,42,6628,50,Medium,0,1,0,40,Notify station control
1982,14195,Jan Shatabdi,HWH,Howrah Junction,VSKP,Visakhapatnam,2026-05-25,05:45,0,On Time,No Delay,1404,69,1,Clear,19,5540,21,Low,0,0,1,5,Monitor
1983,12022,Duronto,VSKP,Visakhapatnam,PUNE,Pune Junction,2026-02-20,16:30,0,On Time,No Delay,351,48,11,Cloudy,20,679,18,Low,0,0,0,0,Monitor
1984,13004,Express,CSTM,Mumbai CSMT,BCT,Mumbai Central,2026-08-02,07:45,0,On Time,No Delay,1260,78,9,Clear,30,5541,24,Low,0,0,1,4,Monitor
1985,14058,Sampark Kranti,PNBE,Patna Junction,ADI,Ahmedabad Junction,2026-01-03,15:15,5,Delayed,Crew Delay,228,67,10,Cloudy,40,960,25,Low,0,0,0,7,Monitor
1986,14183,Sampark Kranti,VSKP,Visakhapatnam,MAS,Chennai Central,2026-03-01,11:00,0,Completed,No Delay,1664,63,5,Clear,31,3370,24,Low,0,1,0,0,Monitor
1987,12225,Garib Rath,CSTM,Mumbai CSMT,SBC,KSR Bengaluru City,2026-06-03,02:45,0,On Time,No Delay,965,70,2,Heatwave,25,782,22,Low,0,0,1,4,Monitor
1988,12293,Shatabdi,ADI,Ahmedabad Junction,PNBE,Patna Junction,2026-02-06,08:00,60,Delayed,Congestion,1080,74,14,Clear,43,8659,50,Medium,0,0,1,67,Notify station control
1989,12982,Garib Rath,VSKP,Visakhapatnam,NDLS,New Delhi,2026-07-15,14:45,10,Delayed,Late Incoming Train,1526,56,4,Heatwave,17,4795,29,Low,0,1,1,15,Monitor
1990,13017,Garib Rath,CSTM,Mumbai CSMT,KOTA,Kota Junction,2026-02-16,14:00,5,Delayed,Signal Failure,1343,73,5,Clear,39,1849,28,Low,0,0,0,13,Monitor
1991,12672,Rajdhani,SDAH,Sealdah,MAS,Chennai Central,2026-03-02,19:30,0,On Time,No Delay,651,69,6,Storm,28,7843,39,Low,0,0,0,0,Monitor
1992,14435,Jan Shatabdi,GKP,Gorakhpur,MAS,Chennai Central,2026-04-07,20:30,120,Delayed,Weather,1631,92,17,Heavy Rain,29,3161,88,Critical,1,1,1,120,Escalate to operations command
1993,12590,Garib Rath,BBS,Bhubaneswar,NDLS,New Delhi,2026-09-10,08:15,0,On Time,No Delay,677,62,14,Fog,20,811,36,Low,0,0,0,4,Monitor
1994,14572,Vande Bharat,VSKP,Visakhapatnam,PUNE,Pune Junction,2026-08-13,05:15,0,On Time,No Delay,1566,69,12,Rain,18,4228,26,Low,1,1,1,0,Monitor
1995,13029,Vande Bharat,BBS,Bhubaneswar,PUNE,Pune Junction,2026-03-03,11:45,5,At Risk,Technical Fault,295,85,7,Heatwave,21,4726,34,Low,0,0,0,1,Monitor
1996,13023,Intercity,SBC,KSR Bengaluru City,JP,Jaipur Junction,2026-01-10,08:30,0,On Time,No Delay,1261,63,18,Clear,27,3281,21,Low,0,0,1,1,Monitor
1997,12395,Garib Rath,CNB,Kanpur Central,BPL,Bhopal Junction,2026-08-21,09:15,0,On Time,No Delay,481,82,11,Fog,22,669,38,Low,1,0,0,4,Monitor
1998,14492,Garib Rath,CSTM,Mumbai CSMT,GKP,Gorakhpur,2026-02-04,13:30,0,On Time,No Delay,794,79,13,Cloudy,21,8584,24,Low,0,0,0,6,Monitor
1999,12885,Intercity,BBS,Bhubaneswar,MAS,Chennai Central,2026-06-25,20:00,0,On Time,No Delay,1206,85,15,Cloudy,37,3647,28,Low,1,0,1,1,Monitor
2000,12008,Express,CNB,Kanpur Central,PUNE,Pune Junction,2026-04-02,10:45,0,On Time,No Delay,934,75,3,Clear,39,8967,24,Low,0,0,0,3,Monitor
2001,12842,Vande Bharat,ALD,Prayagraj Junction,MAS,Chennai Central,2026-03-10,06:00,0,Completed,No Delay,1210,85,10,Clear,42,4209,32,Low,1,0,1,10,Monitor
2002,14002,Intercity,CSTM,Mumbai CSMT,JP,Jaipur Junction,2026-02-17,15:00,60,Delayed,Signal Failure,953,82,14,Clear,21,7605,49,Medium,0,0,1,58,Notify station control
2003,12055,Shatabdi,BPL,Bhopal Junction,LKO,Lucknow Charbagh,2026-01-01,08:00,30,At Risk,Congestion,1370,83,6,Clear,24,336,36,Low,0,0,1,31,Monitor
2004,12572,Sampark Kranti,MAS,Chennai Central,PNBE,Patna Junction,2026-06-02,14:45,25,Delayed,Track Obstruction,533,76,2,Cloudy,31,6707,32,Low,0,0,0,28,Monitor
2005,14334,Duronto,BPL,Bhopal Junction,BBS,Bhubaneswar,2026-08-06,07:45,0,On Time,No Delay,318,73,9,Clear,18,4517,25,Low,0,0,0,0,Monitor
2006,14548,Duronto,CSTM,Mumbai CSMT,BPL,Bhopal Junction,2026-09-06,18:15,40,Delayed,Weather,1115,87,11,Rain,35,8009,47,Medium,0,0,1,48,Notify station control
2007,13064,Express,NDLS,New Delhi,CNB,Kanpur Central,2026-09-04,10:00,20,Delayed,Platform Change,212,52,4,Clear,15,6345,29,Low,1,0,0,21,Monitor
2008,14508,Vande Bharat,ADI,Ahmedabad Junction,PUNE,Pune Junction,2026-07-14,22:00,0,On Time,No Delay,1699,80,1,Heavy Rain,41,2485,40,Medium,1,1,1,6,Notify station control
2009,12646,Garib Rath,KOTA,Kota Junction,NGP,Nagpur Junction,2026-07-06,21:15,60,Delayed,Maintenance Work,848,91,3,Clear,15,1751,53,Medium,0,1,1,64,Notify station control
2010,12914,Jan Shatabdi,BPL,Bhopal Junction,JP,Jaipur Junction,2026-06-13,11:15,0,On Time,No Delay,748,53,12,Heavy Rain,32,5106,29,Low,1,0,0,6,Monitor
2011,12883,Vande Bharat,LKO,Lucknow Charbagh,MAS,Chennai Central,2026-04-16,08:30,90,Delayed,Congestion,257,86,14,Rain,43,6239,66,High,0,0,1,95,Reallocate platform and crew
2012,12222,Duronto,SDAH,Sealdah,CNB,Kanpur Central,2026-02-22,15:30,0,Completed,No Delay,1704,54,18,Heatwave,40,5058,21,Low,1,1,0,9,Monitor
2013,14276,Duronto,MAS,Chennai Central,SBC,KSR Bengaluru City,2026-01-27,07:30,75,Delayed,Technical Fault,608,79,9,Clear,35,9881,57,Medium,0,0,1,71,Notify station control
2014,14101,Rajdhani,ADI,Ahmedabad Junction,BCT,Mumbai Central,2026-04-27,22:30,10,Delayed,Track Obstruction,443,61,10,Clear,18,7096,28,Low,1,0,0,15,Monitor
2015,14662,Intercity,CSTM,Mumbai CSMT,PUNE,Pune Junction,2026-03-01,12:15,40,At Risk,Weather,1034,83,14,Clear,37,3045,39,Low,0,0,0,43,Monitor
2016,14010,Shatabdi,SBC,KSR Bengaluru City,JP,Jaipur Junction,2026-04-22,06:00,120,Delayed,Crew Delay,1099,79,5,Cloudy,30,3241,74,High,0,0,1,127,Reallocate platform and crew
2017,14609,Express,JP,Jaipur Junction,HWH,Howrah Junction,2026-02-17,20:30,0,On Time,No Delay,967,86,8,Fog,15,596,45,Medium,0,0,0,6,Notify station control
2018,14007,Duronto,PUNE,Pune Junction,VSKP,Visakhapatnam,2026-07-16,23:45,20,Delayed,Maintenance Work,1313,79,18,Clear,15,2894,37,Low,0,0,0,17,Monitor
2019,14159,Vande Bharat,BBS,Bhubaneswar,VSKP,Visakhapatnam,2026-05-07,11:00,40,At Risk,Maintenance Work,953,70,11,Rain,33,1253,38,Low,0,0,0,43,Monitor
2020,12449,Sampark Kranti,HWH,Howrah Junction,BCT,Mumbai Central,2026-04-21,02:15,0,On Time,No Delay,600,88,8,Clear,40,1107,30,Low,0,0,0,0,Monitor
2021,12984,Jan Shatabdi,CNB,Kanpur Central,CSTM,Mumbai CSMT,2026-08-10,22:00,0,On Time,No Delay,238,67,9,Rain,14,7380,21,Low,0,0,1,8,Monitor
2022,12940,Jan Shatabdi,LKO,Lucknow Charbagh,HWH,Howrah Junction,2026-04-02,05:30,18,Delayed,Platform Change,765,77,18,Clear,21,4477,36,Low,0,0,1,17,Monitor
2023,14542,Express,BCT,Mumbai Central,VSKP,Visakhapatnam,2026-06-18,05:30,0,Completed,No Delay,1545,86,12,Clear,30,3679,29,Low,0,1,0,9,Monitor
2024,14611,Sampark Kranti,PNBE,Patna Junction,GKP,Gorakhpur,2026-06-27,12:30,35,Delayed,Weather,349,78,13,Fog,35,822,51,Medium,1,0,0,32,Notify station control
2025,12899,Superfast,JP,Jaipur Junction,VSKP,Visakhapatnam,2026-08-18,11:30,0,On Time,No Delay,192,81,12,Fog,19,390,44,Medium,1,0,1,0,Notify station control
2026,12009,Jan Shatabdi,ADI,Ahmedabad Junction,PNBE,Patna Junction,2026-04-14,15:15,120,Delayed,Congestion,1745,77,2,Cloudy,17,5235,71,High,0,1,1,129,Reallocate platform and crew
2027,12465,Rajdhani,LKO,Lucknow Charbagh,BCT,Mumbai Central,2026-04-04,13:00,0,On Time,No Delay,1544,91,2,Rain,40,8414,28,Low,0,1,0,3,Monitor
2028,12096,Express,PUNE,Pune Junction,LKO,Lucknow Charbagh,2026-05-21,05:15,15,Delayed,Weather,969,83,9,Heavy Rain,25,8187,45,Medium,0,0,0,15,Notify station control
2029,13263,Jan Shatabdi,SDAH,Sealdah,GKP,Gorakhpur,2026-02-23,10:30,0,On Time,No Delay,907,69,13,Clear,30,8624,21,Low,0,0,1,6,Monitor
2030,12254,Intercity,NGP,Nagpur Junction,VSKP,Visakhapatnam,2026-06-04,22:45,35,Delayed,Weather,1041,61,8,Storm,26,4410,48,Medium,0,0,0,30,Notify station control
2031,12727,Sampark Kranti,HWH,Howrah Junction,CSTM,Mumbai CSMT,2026-02-19,04:00,0,On Time,No Delay,563,98,3,Storm,30,2734,43,Medium,1,1,1,7,Notify station control
2032,14558,Garib Rath,SDAH,Sealdah,VSKP,Visakhapatnam,2026-02-19,13:15,60,Delayed,Late Incoming Train,802,100,17,Cloudy,29,9656,58,Medium,0,1,1,68,Notify station control
2033,12564,Rajdhani,BCT,Mumbai Central,BPL,Bhopal Junction,2026-03-08,00:00,0,On Time,No Delay,1348,100,6,Clear,38,5994,36,Low,0,1,0,0,Monitor
2034,12952,Sampark Kranti,SDAH,Sealdah,PNBE,Patna Junction,2026-04-15,21:00,0,Completed,No Delay,406,44,16,Rain,26,3639,15,Low,1,0,1,0,Monitor
2035,13129,Intercity,PNBE,Patna Junction,CNB,Kanpur Central,2026-06-13,19:30,0,On Time,No Delay,535,81,12,Heavy Rain,27,8007,37,Low,0,0,1,6,Monitor
2036,12909,Rajdhani,MAS,Chennai Central,ALD,Prayagraj Junction,2026-09-06,22:45,5,At Risk,Weather,624,90,6,Fog,29,288,40,Medium,0,1,0,6,Notify station control
2037,12696,Superfast,JP,Jaipur Junction,NGP,Nagpur Junction,2026-09-01,21:45,0,On Time,No Delay,1791,67,4,Rain,31,8735,27,Low,0,1,0,0,Monitor
2038,14386,Intercity,GKP,Gorakhpur,LKO,Lucknow Charbagh,2026-09-25,02:45,0,Completed,No Delay,1331,88,11,Rain,20,1349,32,Low,0,0,0,0,Monitor
2039,12682,Intercity,BBS,Bhubaneswar,NDLS,New Delhi,2026-09-09,10:00,60,Delayed,Weather,1163,78,8,Clear,19,7085,53,Medium,1,0,1,65,Notify station control
2040,14279,Rajdhani,SBC,KSR Bengaluru City,PUNE,Pune Junction,2026-03-23,08:30,30,At Risk,Weather,640,81,16,Storm,25,3883,50,Medium,0,0,0,31,Notify station control
2041,13054,Express,SDAH,Sealdah,BBS,Bhubaneswar,2026-06-05,09:30,40,At Risk,Crew Delay,291,63,18,Clear,15,7772,42,Medium,0,0,1,37,Notify station control
2042,14346,Duronto,ALD,Prayagraj Junction,CSTM,Mumbai CSMT,2026-07-09,18:00,25,At Risk,Technical Fault,188,88,3,Cloudy,24,2279,37,Low,1,0,1,34,Monitor
2043,12253,Superfast,PUNE,Pune Junction,NGP,Nagpur Junction,2026-03-19,09:30,45,Delayed,Technical Fault,454,68,13,Clear,17,9597,43,Medium,0,0,0,50,Notify station control
2044,12686,Garib Rath,GKP,Gorakhpur,JP,Jaipur Junction,2026-01-25,23:00,40,At Risk,Platform Change,989,50,3,Cloudy,37,4194,36,Low,0,0,0,48,Monitor
2045,13177,Superfast,GKP,Gorakhpur,CSTM,Mumbai CSMT,2026-01-04,18:30,90,At Risk,Technical Fault,606,55,12,Cloudy,44,9985,58,Medium,1,0,1,91,Notify station control
2046,14104,Intercity,CSTM,Mumbai CSMT,MAS,Chennai Central,2026-08-05,00:15,0,On Time,No Delay,850,67,8,Cloudy,27,862,27,Low,1,0,0,10,Monitor
2047,12671,Jan Shatabdi,NDLS,New Delhi,ADI,Ahmedabad Junction,2026-01-07,20:45,0,On Time,No Delay,203,77,14,Clear,26,8110,27,Low,0,0,0,2,Monitor
2048,12865,Vande Bharat,PUNE,Pune Junction,LKO,Lucknow Charbagh,2026-06-13,21:30,0,Completed,No Delay,1041,56,16,Clear,14,7836,23,Low,1,0,0,0,Monitor
2049,12676,Intercity,BBS,Bhubaneswar,JP,Jaipur Junction,2026-09-21,17:45,8,Delayed,Platform Change,1102,79,13,Clear,22,392,32,Low,0,0,1,13,Monitor
2050,13167,Jan Shatabdi,PUNE,Pune Junction,BCT,Mumbai Central,2026-03-11,08:45,12,Delayed,Technical Fault,856,86,7,Clear,17,2538,35,Low,1,0,1,12,Monitor
2051,12173,Superfast,PNBE,Patna Junction,BCT,Mumbai Central,2026-02-19,21:00,35,Delayed,Track Obstruction,1776,73,11,Clear,33,7948,42,Medium,0,1,0,30,Notify station control
2052,12667,Jan Shatabdi,BCT,Mumbai Central,BBS,Bhubaneswar,2026-07-25,18:15,0,Completed,No Delay,1083,83,8,Clear,34,5363,31,Low,0,0,0,10,Monitor
2053,14478,Garib Rath,GKP,Gorakhpur,BCT,Mumbai Central,2026-01-12,09:15,0,On Time,No Delay,1267,67,16,Clear,16,8879,22,Low,0,0,0,0,Monitor
2054,12546,Shatabdi,ALD,Prayagraj Junction,ADI,Ahmedabad Junction,2026-03-22,18:30,0,On Time,No Delay,1373,93,2,Storm,20,6089,44,Medium,0,1,0,4,Notify station control
2055,13073,Express,CSTM,Mumbai CSMT,SBC,KSR Bengaluru City,2026-07-02,20:45,8,Delayed,Crew Delay,1737,77,18,Rain,36,7634,32,Low,0,1,1,16,Monitor
2056,14541,Shatabdi,MAS,Chennai Central,ALD,Prayagraj Junction,2026-05-10,21:15,999,Cancelled,Crew Delay,1335,64,16,Clear,31,3869,100,Critical,0,0,1,999,Escalate to operations command
2057,12366,Vande Bharat,NDLS,New Delhi,ALD,Prayagraj Junction,2026-09-06,00:45,0,On Time,No Delay,1728,66,15,Clear,36,439,21,Low,0,1,0,7,Monitor
2058,12972,Shatabdi,HWH,Howrah Junction,BPL,Bhopal Junction,2026-07-27,14:45,12,Delayed,Track Obstruction,339,71,16,Clear,30,7098,26,Low,1,0,1,17,Monitor
2059,12491,Jan Shatabdi,CSTM,Mumbai CSMT,KOTA,Kota Junction,2026-04-22,00:15,15,Delayed,Crew Delay,300,92,15,Rain,24,7473,34,Low,0,1,0,11,Monitor
2060,13257,Express,NGP,Nagpur Junction,NDLS,New Delhi,2026-02-07,12:30,12,Delayed,Technical Fault,725,67,16,Cloudy,35,3166,28,Low,0,0,1,17,Monitor
2061,14234,Superfast,GKP,Gorakhpur,NGP,Nagpur Junction,2026-06-05,23:45,0,On Time,No Delay,827,77,6,Rain,25,7564,29,Low,0,0,0,4,Monitor
2062,12191,Shatabdi,KOTA,Kota Junction,GKP,Gorakhpur,2026-02-11,14:45,45,At Risk,Track Obstruction,409,89,11,Heatwave,37,7390,47,Medium,0,0,0,47,Notify station control
2063,14205,Superfast,JP,Jaipur Junction,VSKP,Visakhapatnam,2026-06-23,01:15,0,On Time,No Delay,1269,96,7,Clear,30,3732,28,Low,0,1,1,2,Monitor
2064,14355,Rajdhani,BBS,Bhubaneswar,LKO,Lucknow Charbagh,2026-04-10,19:30,0,On Time,No Delay,1708,77,12,Cloudy,26,3621,29,Low,0,1,0,2,Monitor
2065,13058,Rajdhani,SDAH,Sealdah,JP,Jaipur Junction,2026-05-22,23:15,0,On Time,No Delay,870,70,5,Clear,26,3451,26,Low,0,0,0,0,Monitor
2066,13215,Jan Shatabdi,VSKP,Visakhapatnam,CSTM,Mumbai CSMT,2026-07-24,05:15,60,At Risk,Weather,1474,47,13,Heavy Rain,32,7880,57,Medium,0,0,1,63,Notify station control
2067,12688,Jan Shatabdi,BBS,Bhubaneswar,NDLS,New Delhi,2026-03-24,18:30,0,On Time,No Delay,1141,60,6,Storm,27,8927,31,Low,0,0,0,1,Monitor
2068,12718,Jan Shatabdi,CSTM,Mumbai CSMT,SBC,KSR Bengaluru City,2026-05-11,11:30,5,At Risk,Weather,559,69,12,Fog,21,781,40,Medium,0,0,0,8,Notify station control
2069,14622,Superfast,CSTM,Mumbai CSMT,GKP,Gorakhpur,2026-04-11,21:30,25,Delayed,Signal Failure,284,86,8,Clear,14,3626,36,Low,0,0,1,24,Monitor
2070,12958,Sampark Kranti,KOTA,Kota Junction,NDLS,New Delhi,2026-04-05,23:30,60,At Risk,Track Obstruction,1053,67,17,Clear,32,7454,49,Medium,0,0,1,59,Notify station control
2071,14023,Jan Shatabdi,BCT,Mumbai Central,ALD,Prayagraj Junction,2026-03-28,11:45,0,On Time,No Delay,970,70,10,Cloudy,28,6634,21,Low,0,0,0,0,Monitor
2072,14684,Garib Rath,MAS,Chennai Central,ALD,Prayagraj Junction,2026-01-28,17:30,0,On Time,No Delay,1540,96,7,Heatwave,26,3729,28,Low,0,1,0,7,Monitor
2073,12361,Duronto,BPL,Bhopal Junction,BCT,Mumbai Central,2026-02-21,02:45,15,At Risk,Signal Failure,662,97,13,Cloudy,23,1104,38,Low,0,1,0,19,Monitor
2074,12788,Rajdhani,PUNE,Pune Junction,JP,Jaipur Junction,2026-03-17,08:30,0,On Time,No Delay,1640,68,4,Clear,26,7051,23,Low,0,1,0,7,Monitor
2075,12238,Rajdhani,LKO,Lucknow Charbagh,JP,Jaipur Junction,2026-09-14,02:00,40,Delayed,Platform Change,491,86,3,Cloudy,38,2005,46,Medium,1,0,0,35,Notify station control
2076,12195,Rajdhani,BPL,Bhopal Junction,VSKP,Visakhapatnam,2026-06-07,16:00,0,On Time,No Delay,192,92,10,Clear,27,9985,26,Low,0,1,0,0,Monitor
2077,12936,Shatabdi,BPL,Bhopal Junction,SDAH,Sealdah,2026-06-02,05:30,0,Completed,No Delay,1463,57,11,Clear,29,3918,26,Low,0,0,1,0,Monitor
2078,14374,Vande Bharat,SDAH,Sealdah,PUNE,Pune Junction,2026-09-12,00:15,0,On Time,No Delay,208,76,15,Rain,16,1408,28,Low,0,0,0,0,Monitor
2079,13182,Rajdhani,PUNE,Pune Junction,NDLS,New Delhi,2026-08-19,10:30,75,At Risk,Weather,1287,57,7,Clear,38,2299,50,Medium,0,0,1,72,Notify station control
2080,12573,Jan Shatabdi,ADI,Ahmedabad Junction,CSTM,Mumbai CSMT,2026-01-17,18:30,35,Delayed,Technical Fault,500,100,1,Rain,40,3247,46,Medium,0,1,0,32,Notify station control
2081,14151,Jan Shatabdi,SDAH,Sealdah,HWH,Howrah Junction,2026-04-23,04:30,0,On Time,No Delay,503,62,11,Storm,44,1045,39,Low,0,0,1,5,Monitor
2082,12777,Garib Rath,KOTA,Kota Junction,CSTM,Mumbai CSMT,2026-07-27,04:15,0,On Time,No Delay,1589,83,6,Clear,25,1050,31,Low,0,1,0,0,Monitor
2083,14337,Garib Rath,ALD,Prayagraj Junction,PUNE,Pune Junction,2026-09-01,06:15,0,On Time,No Delay,1570,85,13,Heatwave,25,4508,26,Low,0,1,0,3,Monitor
2084,14082,Garib Rath,NDLS,New Delhi,ALD,Prayagraj Junction,2026-05-22,16:45,35,At Risk,Crew Delay,442,61,2,Cloudy,30,5531,39,Low,0,0,0,30,Monitor
2085,14504,Superfast,HWH,Howrah Junction,CNB,Kanpur Central,2026-08-19,22:15,0,On Time,No Delay,612,67,2,Clear,33,1151,25,Low,0,0,0,3,Monitor
2086,12261,Shatabdi,GKP,Gorakhpur,HWH,Howrah Junction,2026-09-13,10:45,30,Delayed,Weather,240,77,7,Fog,36,342,49,Medium,1,0,0,37,Notify station control
2087,12936,Sampark Kranti,SBC,KSR Bengaluru City,PNBE,Patna Junction,2026-02-05,00:00,0,On Time,No Delay,190,66,13,Clear,37,1251,27,Low,0,0,0,4,Monitor
2088,12656,Jan Shatabdi,ALD,Prayagraj Junction,NDLS,New Delhi,2026-04-19,07:30,15,Delayed,Technical Fault,1798,79,18,Clear,35,9894,35,Low,0,1,0,19,Monitor
2089,12018,Intercity,HWH,Howrah Junction,NGP,Nagpur Junction,2026-07-07,12:45,40,Delayed,Maintenance Work,944,98,14,Cloudy,31,5045,48,Medium,0,1,0,36,Notify station control
2090,14141,Duronto,PNBE,Patna Junction,CSTM,Mumbai CSMT,2026-09-08,19:15,0,On Time,No Delay,317,100,8,Cloudy,24,4299,33,Low,0,1,0,7,Monitor
2091,14698,Superfast,NDLS,New Delhi,PUNE,Pune Junction,2026-04-10,22:00,0,On Time,No Delay,1696,66,2,Clear,30,9103,23,Low,0,1,1,1,Monitor
2092,12880,Sampark Kranti,CSTM,Mumbai CSMT,HWH,Howrah Junction,2026-01-19,13:45,35,Delayed,Congestion,737,48,16,Cloudy,20,7665,36,Low,0,0,0,44,Monitor
2093,14640,Superfast,ALD,Prayagraj Junction,CSTM,Mumbai CSMT,2026-01-11,15:15,60,At Risk,Weather,1357,59,13,Storm,17,813,59,Medium,0,0,1,61,Notify station control
2094,14513,Rajdhani,BPL,Bhopal Junction,GKP,Gorakhpur,2026-08-28,22:15,5,Delayed,Track Obstruction,1625,78,16,Clear,44,5440,29,Low,0,1,0,8,Monitor
2095,14359,Express,HWH,Howrah Junction,ALD,Prayagraj Junction,2026-01-09,17:30,75,At Risk,Weather,972,68,8,Storm,27,4350,63,Medium,0,0,1,72,Notify station control
2096,14058,Shatabdi,VSKP,Visakhapatnam,GKP,Gorakhpur,2026-03-28,15:30,0,Completed,No Delay,1157,91,6,Clear,31,1392,31,Low,1,1,0,0,Monitor
2097,14587,Sampark Kranti,MAS,Chennai Central,JP,Jaipur Junction,2026-08-23,07:00,0,On Time,No Delay,232,67,12,Fog,35,653,39,Low,0,0,0,5,Monitor
2098,14154,Vande Bharat,ADI,Ahmedabad Junction,SBC,KSR Bengaluru City,2026-05-18,22:00,0,On Time,No Delay,1338,66,13,Clear,29,657,24,Low,0,0,0,0,Monitor
2099,12001,Rajdhani,ADI,Ahmedabad Junction,LKO,Lucknow Charbagh,2026-03-19,13:15,30,At Risk,Maintenance Work,936,68,4,Clear,15,7227,34,Low,1,0,1,26,Monitor
2100,14385,Superfast,MAS,Chennai Central,GKP,Gorakhpur,2026-06-04,20:45,35,At Risk,Crew Delay,1700,80,9,Clear,22,9945,43,Medium,1,1,0,45,Notify station control
2101,14081,Superfast,SBC,KSR Bengaluru City,VSKP,Visakhapatnam,2026-06-07,18:15,0,Completed,No Delay,930,47,18,Clear,36,4287,21,Low,0,0,0,10,Monitor
2102,12156,Express,CNB,Kanpur Central,KOTA,Kota Junction,2026-03-12,12:00,40,Delayed,Platform Change,184,74,4,Clear,29,5042,39,Low,0,0,0,35,Monitor
2103,12326,Shatabdi,BCT,Mumbai Central,LKO,Lucknow Charbagh,2026-02-15,13:15,0,On Time,No Delay,1192,67,1,Clear,28,2110,21,Low,1,0,1,9,Monitor
2104,14098,Garib Rath,LKO,Lucknow Charbagh,NDLS,New Delhi,2026-08-13,04:15,0,On Time,No Delay,502,77,1,Rain,36,5118,24,Low,0,0,1,0,Monitor
2105,12495,Superfast,VSKP,Visakhapatnam,BCT,Mumbai Central,2026-03-11,13:00,0,On Time,No Delay,991,46,3,Storm,24,8660,30,Low,0,0,1,8,Monitor
2106,14166,Duronto,JP,Jaipur Junction,NGP,Nagpur Junction,2026-01-22,05:45,0,Completed,No Delay,598,40,14,Clear,33,651,17,Low,0,0,0,0,Monitor
2107,12804,Sampark Kranti,CSTM,Mumbai CSMT,ADI,Ahmedabad Junction,2026-05-21,00:30,120,At Risk,Technical Fault,496,81,14,Clear,26,7493,73,High,0,0,1,127,Reallocate platform and crew
2108,12821,Shatabdi,PUNE,Pune Junction,MAS,Chennai Central,2026-08-18,21:00,75,Delayed,Weather,633,54,11,Storm,21,3030,62,Medium,0,0,1,83,Notify station control
2109,12231,Jan Shatabdi,CNB,Kanpur Central,GKP,Gorakhpur,2026-06-27,11:15,0,On Time,No Delay,639,80,15,Clear,41,9440,30,Low,0,0,0,7,Monitor
2110,13016,Rajdhani,NGP,Nagpur Junction,HWH,Howrah Junction,2026-09-16,08:30,45,Delayed,Maintenance Work,197,85,12,Rain,44,2863,47,Medium,0,0,1,51,Notify station control
2111,12644,Sampark Kranti,CSTM,Mumbai CSMT,MAS,Chennai Central,2026-07-21,05:30,75,Delayed,Congestion,1329,69,13,Rain,21,5438,53,Medium,0,0,1,70,Notify station control
2112,13112,Express,CNB,Kanpur Central,CSTM,Mumbai CSMT,2026-02-27,05:45,90,At Risk,Congestion,334,81,7,Rain,29,8835,60,Medium,0,0,1,95,Notify station control
2113,12843,Jan Shatabdi,SBC,KSR Bengaluru City,JP,Jaipur Junction,2026-06-05,22:45,10,Delayed,Maintenance Work,1046,73,9,Cloudy,27,1761,29,Low,1,0,0,13,Monitor
2114,12419,Duronto,LKO,Lucknow Charbagh,PUNE,Pune Junction,2026-08-03,19:30,30,At Risk,Maintenance Work,260,69,17,Heatwave,17,339,33,Low,0,0,0,33,Monitor
2115,14685,Garib Rath,BCT,Mumbai Central,GKP,Gorakhpur,2026-01-24,00:00,0,On Time,No Delay,798,51,4,Rain,39,2524,20,Low,0,0,0,0,Monitor
2116,14476,Sampark Kranti,LKO,Lucknow Charbagh,ALD,Prayagraj Junction,2026-01-11,01:00,40,At Risk,Weather,265,67,18,Fog,17,354,47,Medium,0,0,0,41,Notify station control
2117,13291,Vande Bharat,BCT,Mumbai Central,CNB,Kanpur Central,2026-07-23,13:30,0,On Time,No Delay,1655,83,2,Cloudy,34,3320,25,Low,0,1,0,2,Monitor
2118,12482,Shatabdi,NGP,Nagpur Junction,NDLS,New Delhi,2026-09-04,04:30,0,On Time,No Delay,775,61,14,Storm,44,7640,38,Low,0,0,0,8,Monitor
2119,12651,Duronto,GKP,Gorakhpur,PNBE,Patna Junction,2026-03-13,00:15,0,On Time,No Delay,727,55,9,Fog,32,786,36,Low,1,0,0,5,Monitor
2120,12711,Garib Rath,NDLS,New Delhi,ADI,Ahmedabad Junction,2026-04-01,09:30,45,At Risk,Congestion,1194,56,4,Clear,38,7174,38,Low,0,0,0,51,Monitor
2121,12765,Sampark Kranti,BCT,Mumbai Central,LKO,Lucknow Charbagh,2026-03-28,07:00,60,Delayed,Track Obstruction,994,75,13,Clear,18,9533,48,Medium,0,0,1,61,Notify station control
2122,12894,Jan Shatabdi,BBS,Bhubaneswar,SDAH,Sealdah,2026-05-11,17:45,0,Completed,No Delay,372,80,6,Clear,27,1917,25,Low,0,0,1,6,Monitor
2123,12089,Superfast,HWH,Howrah Junction,ALD,Prayagraj Junction,2026-09-17,03:15,20,At Risk,Weather,254,61,9,Cloudy,40,2606,32,Low,1,0,0,30,Monitor
2124,14650,Superfast,NDLS,New Delhi,VSKP,Visakhapatnam,2026-04-14,17:15,0,On Time,No Delay,938,74,14,Clear,39,2627,26,Low,0,0,0,8,Monitor
2125,14244,Vande Bharat,CSTM,Mumbai CSMT,SBC,KSR Bengaluru City,2026-09-01,02:45,999,Cancelled,Congestion,874,64,18,Cloudy,40,836,100,Critical,0,0,1,999,Escalate to operations command
2126,12054,Duronto,BBS,Bhubaneswar,CSTM,Mumbai CSMT,2026-04-25,11:15,45,Delayed,Weather,453,63,13,Fog,35,856,53,Medium,0,0,1,49,Notify station control
2127,12990,Vande Bharat,ADI,Ahmedabad Junction,HWH,Howrah Junction,2026-08-24,08:45,5,Delayed,Technical Fault,668,75,17,Rain,27,7295,28,Low,1,0,1,1,Monitor
2128,12192,Shatabdi,BBS,Bhubaneswar,SDAH,Sealdah,2026-09-06,12:00,0,On Time,No Delay,784,68,1,Fog,31,315,37,Low,0,0,1,3,Monitor
2129,14161,Express,CSTM,Mumbai CSMT,GKP,Gorakhpur,2026-03-12,15:45,45,At Risk,Crew Delay,1709,83,11,Cloudy,20,9990,43,Medium,0,1,0,44,Notify station control
2130,14159,Garib Rath,VSKP,Visakhapatnam,MAS,Chennai Central,2026-02-10,16:30,0,On Time,No Delay,278,72,6,Rain,17,8838,26,Low,0,0,0,6,Monitor
2131,12792,Intercity,NGP,Nagpur Junction,BCT,Mumbai Central,2026-05-15,10:15,0,On Time,No Delay,991,71,18,Clear,40,8582,29,Low,0,0,0,4,Monitor
2132,14640,Express,CNB,Kanpur Central,ALD,Prayagraj Junction,2026-06-10,13:00,8,At Risk,Weather,1577,57,6,Fog,30,428,35,Low,0,1,0,7,Monitor
2133,14538,Intercity,NGP,Nagpur Junction,PNBE,Patna Junction,2026-04-28,18:30,90,At Risk,Late Incoming Train,1540,80,17,Cloudy,39,7419,59,Medium,0,1,1,98,Notify station control
2134,13075,Duronto,KOTA,Kota Junction,JP,Jaipur Junction,2026-05-15,06:45,10,At Risk,Late Incoming Train,866,58,15,Clear,19,4062,28,Low,0,0,0,15,Monitor
2135,14018,Intercity,BBS,Bhubaneswar,KOTA,Kota Junction,2026-09-21,20:15,60,Delayed,Weather,778,77,16,Fog,35,555,62,Medium,0,0,1,57,Notify station control
2136,12171,Shatabdi,SDAH,Sealdah,NDLS,New Delhi,2026-07-06,10:00,0,On Time,No Delay,1700,56,9,Clear,19,8567,25,Low,0,1,0,8,Monitor
2137,13076,Superfast,LKO,Lucknow Charbagh,PNBE,Patna Junction,2026-01-23,08:30,0,On Time,No Delay,1751,76,13,Fog,28,180,40,Medium,1,1,0,0,Notify station control
2138,12535,Duronto,PNBE,Patna Junction,BBS,Bhubaneswar,2026-05-27,16:15,120,Delayed,Weather,1655,71,13,Fog,27,437,85,Critical,1,1,1,119,Escalate to operations command
2139,12359,Shatabdi,BCT,Mumbai Central,BPL,Bhopal Junction,2026-06-22,14:45,15,Delayed,Track Obstruction,548,58,9,Rain,20,4150,26,Low,1,0,1,17,Monitor
2140,12633,Duronto,BBS,Bhubaneswar,VSKP,Visakhapatnam,2026-01-10,22:45,0,On Time,No Delay,865,51,18,Fog,41,573,31,Low,0,0,0,0,Monitor
2141,12801,Express,KOTA,Kota Junction,CSTM,Mumbai CSMT,2026-07-13,22:45,0,Completed,No Delay,1584,55,1,Clear,44,7065,18,Low,0,1,0,0,Monitor
2142,12861,Duronto,KOTA,Kota Junction,BBS,Bhubaneswar,2026-03-12,06:45,10,At Risk,Technical Fault,773,54,8,Cloudy,25,6690,25,Low,0,0,0,12,Monitor
2143,12447,Superfast,GKP,Gorakhpur,CNB,Kanpur Central,2026-09-23,07:30,60,Delayed,Congestion,1673,100,3,Cloudy,37,1207,57,Medium,0,1,1,70,Notify station control
2144,12893,Intercity,VSKP,Visakhapatnam,BPL,Bhopal Junction,2026-07-06,14:30,10,At Risk,Platform Change,360,78,9,Clear,33,3652,33,Low,0,0,0,17,Monitor
2145,12829,Sampark Kranti,BPL,Bhopal Junction,JP,Jaipur Junction,2026-03-23,03:00,8,At Risk,Track Obstruction,1469,65,13,Cloudy,20,570,23,Low,0,0,1,15,Monitor
2146,13234,Rajdhani,CNB,Kanpur Central,CSTM,Mumbai CSMT,2026-08-24,20:15,90,Delayed,Weather,795,67,17,Fog,17,172,68,High,0,0,1,96,Reallocate platform and crew
2147,13121,Express,KOTA,Kota Junction,NGP,Nagpur Junction,2026-06-10,16:00,0,Completed,No Delay,1747,80,18,Fog,26,531,40,Medium,0,1,0,10,Notify station control
2148,12589,Sampark Kranti,BBS,Bhubaneswar,CSTM,Mumbai CSMT,2026-01-22,04:15,0,Completed,No Delay,1747,63,4,Clear,24,5091,26,Low,0,1,0,0,Monitor
2149,12617,Intercity,SBC,KSR Bengaluru City,HWH,Howrah Junction,2026-08-16,02:15,20,Delayed,Weather,1041,81,14,Cloudy,38,9229,39,Low,0,0,0,24,Monitor
2150,14335,Duronto,KOTA,Kota Junction,CSTM,Mumbai CSMT,2026-03-08,22:30,45,At Risk,Congestion,1027,76,3,Clear,29,7439,45,Medium,0,0,0,51,Notify station control
2151,14442,Jan Shatabdi,CNB,Kanpur Central,SDAH,Sealdah,2026-04-12,04:45,5,Delayed,Weather,579,98,5,Fog,31,876,50,Medium,1,1,0,5,Notify station control
2152,12348,Vande Bharat,PNBE,Patna Junction,BBS,Bhubaneswar,2026-08-09,13:30,0,On Time,No Delay,1508,76,14,Heatwave,23,8236,24,Low,1,1,0,8,Monitor
2153,12159,Duronto,CNB,Kanpur Central,LKO,Lucknow Charbagh,2026-08-11,12:30,999,Cancelled,Signal Failure,431,100,2,Clear,30,9251,100,Critical,1,1,1,999,Escalate to operations command
2154,13070,Shatabdi,CNB,Kanpur Central,NDLS,New Delhi,2026-05-09,15:45,40,Delayed,Track Obstruction,183,75,18,Cloudy,42,9410,43,Medium,1,0,1,48,Notify station control
2155,12658,Jan Shatabdi,CSTM,Mumbai CSMT,KOTA,Kota Junction,2026-08-09,23:45,75,At Risk,Platform Change,1789,66,11,Clear,21,3892,50,Medium,0,1,1,79,Notify station control
2156,14274,Duronto,PUNE,Pune Junction,SBC,KSR Bengaluru City,2026-06-01,05:15,0,On Time,No Delay,1598,64,14,Fog,43,254,36,Low,1,1,0,0,Monitor
2157,12671,Express,BBS,Bhubaneswar,JP,Jaipur Junction,2026-03-25,13:00,0,On Time,No Delay,282,72,10,Storm,14,5534,39,Low,0,0,1,0,Monitor
2158,14555,Duronto,KOTA,Kota Junction,BBS,Bhubaneswar,2026-08-25,09:45,30,Delayed,Maintenance Work,1103,84,8,Clear,27,6487,36,Low,0,0,0,35,Monitor
2159,14047,Vande Bharat,PUNE,Pune Junction,NGP,Nagpur Junction,2026-09-09,08:30,45,Delayed,Weather,1216,75,12,Cloudy,42,6234,43,Medium,0,0,0,43,Notify station control
2160,12256,Vande Bharat,KOTA,Kota Junction,BPL,Bhopal Junction,2026-02-05,07:30,40,At Risk,Maintenance Work,693,53,16,Clear,29,8219,34,Low,1,0,0,42,Monitor
2161,14148,Intercity,PNBE,Patna Junction,VSKP,Visakhapatnam,2026-09-28,07:15,999,Cancelled,Weather,1302,77,16,Heavy Rain,24,6416,100,Critical,1,0,1,999,Escalate to operations command
2162,12008,Superfast,MAS,Chennai Central,BCT,Mumbai Central,2026-06-24,18:00,40,Delayed,Track Obstruction,1077,47,8,Clear,26,5577,35,Low,0,0,0,46,Monitor
2163,12839,Duronto,GKP,Gorakhpur,PUNE,Pune Junction,2026-04-07,11:15,0,On Time,No Delay,1526,74,5,Clear,20,4138,24,Low,0,1,0,0,Monitor
2164,13075,Jan Shatabdi,CNB,Kanpur Central,PNBE,Patna Junction,2026-09-16,20:30,0,On Time,No Delay,500,59,17,Clear,19,2266,24,Low,0,0,1,7,Monitor
2165,14419,Express,BBS,Bhubaneswar,ALD,Prayagraj Junction,2026-07-01,18:45,0,Completed,No Delay,1050,76,16,Cloudy,28,3896,28,Low,0,0,1,2,Monitor
2166,14342,Superfast,GKP,Gorakhpur,BBS,Bhubaneswar,2026-03-20,12:15,0,Completed,No Delay,1724,95,2,Heavy Rain,35,5089,42,Medium,0,1,1,6,Notify station control
2167,12203,Express,KOTA,Kota Junction,NDLS,New Delhi,2026-05-22,02:30,18,Delayed,Technical Fault,1008,65,6,Rain,25,5045,30,Low,0,0,0,20,Monitor
2168,12309,Express,NGP,Nagpur Junction,PNBE,Patna Junction,2026-09-22,16:30,20,Delayed,Maintenance Work,517,88,9,Cloudy,39,5472,38,Low,1,0,0,17,Monitor
2169,13092,Superfast,NDLS,New Delhi,PNBE,Patna Junction,2026-01-12,02:15,5,At Risk,Platform Change,873,63,14,Clear,30,3854,29,Low,0,0,1,11,Monitor
2170,14654,Express,BCT,Mumbai Central,VSKP,Visakhapatnam,2026-01-27,05:45,0,On Time,No Delay,1275,64,4,Heavy Rain,24,6659,37,Low,1,0,1,2,Monitor
2171,12758,Sampark Kranti,PNBE,Patna Junction,LKO,Lucknow Charbagh,2026-09-12,16:15,15,At Risk,Technical Fault,815,90,16,Clear,21,341,40,Medium,0,1,0,23,Notify station control
2172,14434,Jan Shatabdi,BCT,Mumbai Central,VSKP,Visakhapatnam,2026-09-13,13:30,0,On Time,No Delay,1774,84,17,Fog,43,206,40,Medium,0,1,0,9,Notify station control
2173,13261,Express,NGP,Nagpur Junction,BCT,Mumbai Central,2026-08-22,04:30,0,On Time,No Delay,1335,59,11,Heatwave,23,1946,26,Low,0,0,1,0,Monitor
2174,12123,Superfast,NDLS,New Delhi,LKO,Lucknow Charbagh,2026-09-10,11:45,10,Delayed,Late Incoming Train,835,96,11,Clear,30,7632,32,Low,0,1,1,11,Monitor
2175,14303,Duronto,SDAH,Sealdah,BCT,Mumbai Central,2026-07-01,16:00,0,On Time,No Delay,766,80,15,Clear,37,5263,29,Low,0,0,1,2,Monitor
2176,12244,Superfast,NGP,Nagpur Junction,HWH,Howrah Junction,2026-05-11,17:30,75,Delayed,Weather,214,78,9,Clear,28,6137,51,Medium,0,0,1,71,Notify station control
2177,14518,Duronto,BCT,Mumbai Central,GKP,Gorakhpur,2026-04-26,20:45,5,Delayed,Signal Failure,1512,60,10,Clear,33,4264,23,Low,0,1,0,13,Monitor
2178,12652,Garib Rath,SBC,KSR Bengaluru City,GKP,Gorakhpur,2026-04-12,02:30,18,Delayed,Congestion,1759,89,17,Clear,43,1893,37,Low,1,1,0,14,Monitor
2179,12883,Sampark Kranti,MAS,Chennai Central,JP,Jaipur Junction,2026-09-28,17:45,75,Delayed,Crew Delay,1554,55,2,Clear,22,6148,47,Medium,0,1,1,70,Notify station control
2180,13014,Garib Rath,BBS,Bhubaneswar,MAS,Chennai Central,2026-08-27,00:00,0,On Time,No Delay,404,59,15,Cloudy,15,9550,24,Low,0,0,0,9,Monitor
2181,14472,Shatabdi,BPL,Bhopal Junction,VSKP,Visakhapatnam,2026-02-13,08:30,0,On Time,No Delay,1463,61,4,Clear,35,3259,24,Low,0,0,0,0,Monitor
2182,13220,Superfast,ADI,Ahmedabad Junction,VSKP,Visakhapatnam,2026-07-06,05:30,12,Delayed,Congestion,628,71,14,Clear,17,2384,30,Low,1,0,1,19,Monitor
2183,12963,Garib Rath,BBS,Bhubaneswar,KOTA,Kota Junction,2026-08-04,13:00,0,On Time,No Delay,1472,59,15,Cloudy,17,7938,20,Low,0,0,0,2,Monitor
2184,13211,Garib Rath,ADI,Ahmedabad Junction,MAS,Chennai Central,2026-07-09,09:30,30,At Risk,Platform Change,861,69,2,Clear,41,4640,34,Low,0,0,0,28,Monitor
2185,14654,Sampark Kranti,PNBE,Patna Junction,SDAH,Sealdah,2026-05-20,16:45,0,On Time,No Delay,706,95,4,Storm,40,3891,46,Medium,1,1,0,9,Notify station control
2186,12078,Vande Bharat,NGP,Nagpur Junction,SDAH,Sealdah,2026-08-10,21:00,20,At Risk,Platform Change,846,87,6,Clear,23,3144,40,Medium,0,0,0,30,Notify station control
2187,12898,Garib Rath,JP,Jaipur Junction,VSKP,Visakhapatnam,2026-09-07,04:45,0,On Time,No Delay,1600,85,10,Clear,18,5633,28,Low,0,1,0,5,Monitor
2188,12669,Garib Rath,SDAH,Sealdah,CSTM,Mumbai CSMT,2026-06-25,04:45,0,Completed,No Delay,917,85,12,Fog,16,89,42,Medium,0,0,0,6,Notify station control
2189,13152,Jan Shatabdi,LKO,Lucknow Charbagh,NDLS,New Delhi,2026-04-07,09:00,8,Delayed,Weather,1505,100,1,Cloudy,28,2861,36,Low,0,1,1,5,Monitor
2190,14268,Shatabdi,MAS,Chennai Central,PUNE,Pune Junction,2026-08-24,13:45,25,At Risk,Maintenance Work,504,52,15,Clear,21,4295,27,Low,0,0,1,33,Monitor
2191,14643,Jan Shatabdi,JP,Jaipur Junction,VSKP,Visakhapatnam,2026-05-20,19:15,12,At Risk,Weather,1741,46,15,Cloudy,38,5120,25,Low,1,1,0,11,Monitor
2192,14063,Superfast,CSTM,Mumbai CSMT,PUNE,Pune Junction,2026-07-21,13:45,120,Delayed,Platform Change,1017,100,17,Clear,22,374,80,High,0,1,1,125,Reallocate platform and crew
2193,12505,Vande Bharat,PNBE,Patna Junction,SBC,KSR Bengaluru City,2026-05-02,06:15,0,On Time,No Delay,1640,73,4,Clear,29,7675,27,Low,0,1,0,0,Monitor
2194,12384,Superfast,SBC,KSR Bengaluru City,PUNE,Pune Junction,2026-07-05,17:00,12,At Risk,Track Obstruction,995,66,13,Cloudy,22,9156,32,Low,0,0,0,7,Monitor
2195,14368,Sampark Kranti,HWH,Howrah Junction,ADI,Ahmedabad Junction,2026-04-09,02:30,45,Delayed,Weather,405,60,8,Storm,32,8230,52,Medium,0,0,1,43,Notify station control
2196,12087,Intercity,GKP,Gorakhpur,CSTM,Mumbai CSMT,2026-07-21,05:15,5,At Risk,Technical Fault,662,96,13,Cloudy,25,1276,32,Low,0,1,0,12,Monitor
2197,14482,Sampark Kranti,JP,Jaipur Junction,PNBE,Patna Junction,2026-01-14,04:00,0,On Time,No Delay,869,96,5,Heatwave,41,7283,33,Low,0,1,0,0,Monitor
2198,12905,Shatabdi,BCT,Mumbai Central,ALD,Prayagraj Junction,2026-01-19,19:45,0,On Time,No Delay,1436,92,16,Cloudy,43,589,30,Low,1,1,0,0,Monitor
2199,14068,Intercity,CNB,Kanpur Central,MAS,Chennai Central,2026-04-16,06:00,0,On Time,No Delay,1272,80,13,Clear,31,2986,24,Low,0,0,1,4,Monitor
2200,12236,Vande Bharat,PNBE,Patna Junction,VSKP,Visakhapatnam,2026-01-21,05:30,20,Delayed,Technical Fault,233,94,2,Cloudy,24,6708,36,Low,0,1,1,27,Monitor
2201,14342,Express,BBS,Bhubaneswar,JP,Jaipur Junction,2026-08-22,21:15,18,Delayed,Technical Fault,1125,77,11,Clear,44,3152,31,Low,0,0,0,19,Monitor
2202,12115,Garib Rath,LKO,Lucknow Charbagh,ADI,Ahmedabad Junction,2026-05-12,19:30,25,Delayed,Weather,1182,83,12,Cloudy,23,4145,40,Medium,1,0,1,22,Notify station control
2203,12108,Express,VSKP,Visakhapatnam,GKP,Gorakhpur,2026-01-09,10:15,18,At Risk,Weather,1723,62,17,Rain,21,8132,33,Low,0,1,0,24,Monitor
2204,13105,Rajdhani,ALD,Prayagraj Junction,BBS,Bhubaneswar,2026-02-21,02:15,120,At Risk,Signal Failure,1443,82,2,Rain,37,3384,70,High,0,0,1,129,Reallocate platform and crew
2205,14301,Garib Rath,CNB,Kanpur Central,KOTA,Kota Junction,2026-07-01,02:15,0,On Time,No Delay,1731,64,14,Clear,22,601,20,Low,0,1,0,0,Monitor
2206,12501,Intercity,SBC,KSR Bengaluru City,CNB,Kanpur Central,2026-03-25,12:45,0,On Time,No Delay,964,87,2,Clear,35,9590,27,Low,0,0,0,0,Monitor
2207,12349,Shatabdi,PUNE,Pune Junction,ADI,Ahmedabad Junction,2026-05-02,10:00,0,On Time,No Delay,499,76,16,Heatwave,16,7654,23,Low,0,0,1,4,Monitor
2208,13104,Jan Shatabdi,KOTA,Kota Junction,GKP,Gorakhpur,2026-03-26,13:15,0,On Time,No Delay,203,77,1,Heatwave,40,5751,26,Low,0,0,0,9,Monitor
2209,12261,Intercity,CNB,Kanpur Central,BPL,Bhopal Junction,2026-01-13,13:30,0,On Time,No Delay,404,78,5,Clear,36,3342,30,Low,0,0,0,7,Monitor
2210,12538,Sampark Kranti,NGP,Nagpur Junction,NDLS,New Delhi,2026-06-16,02:45,0,On Time,No Delay,1092,100,15,Clear,28,5011,29,Low,1,1,0,4,Monitor
2211,12417,Express,LKO,Lucknow Charbagh,SBC,KSR Bengaluru City,2026-09-28,07:00,120,At Risk,Congestion,514,69,17,Rain,28,8862,71,High,0,0,1,118,Reallocate platform and crew
2212,13015,Shatabdi,BBS,Bhubaneswar,HWH,Howrah Junction,2026-07-15,06:00,0,On Time,No Delay,718,80,4,Clear,19,5096,30,Low,0,0,0,4,Monitor
2213,12295,Express,SBC,KSR Bengaluru City,BBS,Bhubaneswar,2026-09-12,15:00,999,Cancelled,Signal Failure,1577,58,10,Clear,42,5501,100,Critical,0,1,1,999,Escalate to operations command
2214,12016,Shatabdi,SBC,KSR Bengaluru City,JP,Jaipur Junction,2026-02-22,04:45,0,Completed,No Delay,362,86,15,Clear,14,6639,26,Low,0,0,0,1,Monitor
2215,12712,Jan Shatabdi,SBC,KSR Bengaluru City,GKP,Gorakhpur,2026-02-22,20:30,10,Delayed,Signal Failure,680,92,13,Cloudy,25,7212,32,Low,0,1,0,5,Monitor
2216,13293,Rajdhani,JP,Jaipur Junction,SDAH,Sealdah,2026-05-25,22:15,90,At Risk,Technical Fault,775,72,3,Cloudy,17,7200,63,Medium,0,0,1,93,Notify station control
2217,12333,Express,JP,Jaipur Junction,CSTM,Mumbai CSMT,2026-03-24,02:00,0,On Time,No Delay,990,83,17,Clear,18,2379,26,Low,0,0,0,0,Monitor
2218,12852,Rajdhani,NGP,Nagpur Junction,ALD,Prayagraj Junction,2026-07-13,10:15,0,On Time,No Delay,1403,73,12,Heavy Rain,17,5836,39,Low,0,0,0,0,Monitor
2219,12955,Garib Rath,CSTM,Mumbai CSMT,PNBE,Patna Junction,2026-05-04,03:15,0,On Time,No Delay,658,89,9,Rain,32,5452,26,Low,0,0,0,8,Monitor
2220,12783,Garib Rath,BBS,Bhubaneswar,HWH,Howrah Junction,2026-06-15,23:45,25,Delayed,Signal Failure,1196,85,18,Cloudy,33,1045,40,Medium,1,0,1,35,Notify station control
2221,14499,Jan Shatabdi,BCT,Mumbai Central,SDAH,Sealdah,2026-04-09,22:15,0,On Time,No Delay,398,71,9,Clear,34,4944,26,Low,0,0,0,4,Monitor
2222,12756,Sampark Kranti,CNB,Kanpur Central,PNBE,Patna Junction,2026-06-02,08:00,12,Delayed,Late Incoming Train,1760,63,12,Rain,18,6244,31,Low,0,1,1,14,Monitor
2223,14203,Shatabdi,GKP,Gorakhpur,SBC,KSR Bengaluru City,2026-06-24,21:30,0,Completed,No Delay,850,62,15,Clear,22,592,26,Low,0,0,0,6,Monitor
2224,14274,Duronto,BCT,Mumbai Central,BPL,Bhopal Junction,2026-02-14,20:00,30,Delayed,Technical Fault,979,62,13,Clear,30,1113,34,Low,0,0,0,31,Monitor
2225,12805,Intercity,CSTM,Mumbai CSMT,BPL,Bhopal Junction,2026-03-22,03:45,0,On Time,No Delay,1503,92,17,Cloudy,31,1183,30,Low,0,1,0,1,Monitor
2226,14618,Jan Shatabdi,GKP,Gorakhpur,LKO,Lucknow Charbagh,2026-08-05,11:00,0,On Time,No Delay,508,63,7,Fog,21,163,33,Low,0,0,1,5,Monitor
2227,13197,Intercity,SBC,KSR Bengaluru City,ALD,Prayagraj Junction,2026-04-05,06:30,0,On Time,No Delay,1123,64,9,Clear,16,3404,22,Low,0,0,1,0,Monitor
2228,14233,Duronto,BBS,Bhubaneswar,PUNE,Pune Junction,2026-08-20,07:45,999,Cancelled,Weather,1659,40,5,Rain,14,4439,100,Critical,0,1,1,999,Escalate to operations command
2229,13184,Jan Shatabdi,ADI,Ahmedabad Junction,HWH,Howrah Junction,2026-08-20,22:15,35,Delayed,Signal Failure,1536,66,11,Clear,21,335,41,Medium,0,1,1,41,Notify station control
2230,12563,Vande Bharat,BPL,Bhopal Junction,JP,Jaipur Junction,2026-06-04,03:00,45,Delayed,Crew Delay,1246,93,4,Cloudy,27,1470,45,Medium,0,1,0,44,Notify station control
2231,12114,Rajdhani,PUNE,Pune Junction,SBC,KSR Bengaluru City,2026-04-05,23:15,20,Delayed,Signal Failure,544,86,9,Clear,44,8906,40,Medium,0,0,0,24,Notify station control
2232,12505,Jan Shatabdi,MAS,Chennai Central,ADI,Ahmedabad Junction,2026-04-16,00:30,25,Delayed,Congestion,1621,64,16,Cloudy,15,9729,31,Low,1,1,0,26,Monitor
2233,14327,Express,ALD,Prayagraj Junction,VSKP,Visakhapatnam,2026-08-03,11:00,12,Delayed,Track Obstruction,1048,85,6,Clear,18,6456,35,Low,0,0,0,8,Monitor
2234,12258,Jan Shatabdi,KOTA,Kota Junction,PUNE,Pune Junction,2026-05-21,14:15,0,On Time,No Delay,1295,53,18,Rain,39,4336,22,Low,0,0,1,0,Monitor
2235,12329,Vande Bharat,ALD,Prayagraj Junction,HWH,Howrah Junction,2026-06-08,11:30,30,Delayed,Platform Change,526,71,10,Cloudy,14,7502,40,Medium,0,0,0,40,Notify station control
2236,12427,Garib Rath,PNBE,Patna Junction,ALD,Prayagraj Junction,2026-01-26,04:30,12,Delayed,Late Incoming Train,236,89,18,Rain,39,3235,35,Low,1,0,0,14,Monitor
2237,14571,Duronto,BBS,Bhubaneswar,PNBE,Patna Junction,2026-01-15,00:45,0,Completed,No Delay,1687,65,12,Cloudy,27,5129,20,Low,0,1,0,5,Monitor
2238,14208,Intercity,NGP,Nagpur Junction,VSKP,Visakhapatnam,2026-06-11,23:15,0,On Time,No Delay,365,89,4,Heatwave,32,1431,32,Low,0,0,0,8,Monitor
2239,14227,Shatabdi,NDLS,New Delhi,ADI,Ahmedabad Junction,2026-02-26,17:15,30,At Risk,Crew Delay,1178,69,15,Rain,14,3821,36,Low,0,0,1,31,Monitor
2240,12948,Jan Shatabdi,BCT,Mumbai Central,NDLS,New Delhi,2026-07-18,08:45,0,On Time,No Delay,377,76,13,Cloudy,19,4728,26,Low,0,0,0,4,Monitor
2241,13142,Rajdhani,PUNE,Pune Junction,SDAH,Sealdah,2026-03-24,23:00,40,At Risk,Weather,866,73,15,Fog,33,730,50,Medium,0,0,1,39,Notify station control
2242,14271,Sampark Kranti,KOTA,Kota Junction,CNB,Kanpur Central,2026-05-11,13:30,0,On Time,No Delay,1604,65,11,Clear,14,9100,20,Low,1,1,0,8,Monitor
2243,12294,Express,VSKP,Visakhapatnam,GKP,Gorakhpur,2026-05-01,18:15,0,On Time,No Delay,248,87,12,Storm,42,1691,40,Medium,0,0,1,5,Notify station control
2244,13283,Express,BCT,Mumbai Central,SDAH,Sealdah,2026-06-24,20:00,25,At Risk,Signal Failure,326,73,8,Clear,42,4518,39,Low,0,0,0,22,Monitor
2245,12074,Shatabdi,BPL,Bhopal Junction,PNBE,Patna Junction,2026-07-09,11:30,30,At Risk,Weather,813,74,2,Storm,14,958,48,Medium,0,0,0,26,Notify station control
2246,13268,Vande Bharat,KOTA,Kota Junction,VSKP,Visakhapatnam,2026-05-13,13:15,0,On Time,No Delay,1082,75,12,Storm,19,6219,38,Low,0,0,0,0,Monitor
2247,14008,Shatabdi,LKO,Lucknow Charbagh,BBS,Bhubaneswar,2026-06-06,21:30,0,Completed,No Delay,1606,62,3,Cloudy,16,8609,20,Low,0,1,1,0,Monitor
2248,12348,Sampark Kranti,BCT,Mumbai Central,GKP,Gorakhpur,2026-02-21,13:30,0,On Time,No Delay,672,78,4,Clear,24,652,27,Low,0,0,0,0,Monitor
2249,13225,Shatabdi,BBS,Bhubaneswar,PNBE,Patna Junction,2026-02-14,16:30,25,Delayed,Weather,1614,76,13,Heavy Rain,29,1248,45,Medium,0,1,1,31,Notify station control
2250,13276,Intercity,JP,Jaipur Junction,ADI,Ahmedabad Junction,2026-03-17,02:00,0,On Time,No Delay,1498,95,17,Rain,33,3249,29,Low,0,1,0,4,Monitor
2251,12435,Garib Rath,PUNE,Pune Junction,BBS,Bhubaneswar,2026-01-01,18:30,18,At Risk,Weather,1712,67,3,Heavy Rain,36,4660,47,Medium,1,1,0,22,Notify station control
2252,14433,Intercity,BPL,Bhopal Junction,LKO,Lucknow Charbagh,2026-08-25,07:45,0,On Time,No Delay,1367,35,5,Storm,34,5038,29,Low,1,0,0,10,Monitor
2253,14033,Sampark Kranti,BPL,Bhopal Junction,PNBE,Patna Junction,2026-03-28,17:45,20,Delayed,Signal Failure,838,76,12,Cloudy,17,9522,31,Low,0,0,1,29,Monitor
2254,14059,Intercity,JP,Jaipur Junction,BBS,Bhubaneswar,2026-05-05,10:15,60,Delayed,Track Obstruction,1384,100,4,Rain,33,3408,54,Medium,1,1,1,60,Notify station control
2255,14075,Express,HWH,Howrah Junction,BBS,Bhubaneswar,2026-08-02,21:30,5,At Risk,Congestion,1041,76,4,Cloudy,14,6440,32,Low,0,0,1,13,Monitor
2256,14262,Shatabdi,ADI,Ahmedabad Junction,BBS,Bhubaneswar,2026-06-12,09:30,0,On Time,No Delay,1102,59,15,Clear,44,1207,19,Low,0,0,0,6,Monitor
2257,12182,Sampark Kranti,KOTA,Kota Junction,JP,Jaipur Junction,2026-06-23,21:45,40,Delayed,Congestion,450,43,7,Cloudy,29,4532,32,Low,0,0,0,43,Monitor
2258,12631,Superfast,BPL,Bhopal Junction,VSKP,Visakhapatnam,2026-08-24,15:15,18,Delayed,Congestion,234,100,11,Clear,44,3835,42,Medium,0,1,0,13,Notify station control
2259,14250,Sampark Kranti,PNBE,Patna Junction,SDAH,Sealdah,2026-01-08,13:45,0,On Time,No Delay,1319,39,18,Cloudy,32,4767,21,Low,0,0,1,0,Monitor
2260,12082,Duronto,KOTA,Kota Junction,ALD,Prayagraj Junction,2026-01-16,19:45,75,At Risk,Weather,721,76,18,Rain,19,4977,52,Medium,0,0,1,81,Notify station control
2261,13129,Express,HWH,Howrah Junction,VSKP,Visakhapatnam,2026-04-22,13:30,90,Delayed,Weather,465,74,10,Rain,32,1358,61,Medium,0,0,1,88,Notify station control
2262,12544,Sampark Kranti,NDLS,New Delhi,PNBE,Patna Junction,2026-08-20,16:15,0,On Time,No Delay,975,82,3,Clear,25,7297,30,Low,1,0,0,10,Monitor
2263,14286,Rajdhani,SBC,KSR Bengaluru City,BCT,Mumbai Central,2026-03-27,13:15,0,On Time,No Delay,621,76,1,Clear,18,3716,30,Low,0,0,0,10,Monitor
2264,12371,Rajdhani,ADI,Ahmedabad Junction,LKO,Lucknow Charbagh,2026-07-09,01:15,0,On Time,No Delay,1362,51,12,Clear,43,2230,17,Low,1,0,0,0,Monitor
2265,14420,Jan Shatabdi,CSTM,Mumbai CSMT,SDAH,Sealdah,2026-06-20,12:45,12,Delayed,Congestion,1388,51,5,Clear,14,3389,28,Low,1,0,0,14,Monitor
2266,12820,Vande Bharat,NGP,Nagpur Junction,KOTA,Kota Junction,2026-07-08,15:45,35,Delayed,Weather,1563,100,7,Fog,37,573,57,Medium,0,1,0,39,Notify station control
2267,14481,Superfast,PUNE,Pune Junction,LKO,Lucknow Charbagh,2026-03-12,01:30,0,On Time,No Delay,1677,83,5,Clear,35,1599,28,Low,0,1,1,1,Monitor
2268,12555,Express,CNB,Kanpur Central,SBC,KSR Bengaluru City,2026-08-19,07:30,15,Delayed,Weather,1563,90,17,Clear,21,7932,33,Low,1,1,1,22,Monitor
2269,12568,Intercity,KOTA,Kota Junction,CSTM,Mumbai CSMT,2026-03-20,12:45,120,Delayed,Maintenance Work,1794,43,3,Cloudy,15,5126,59,Medium,1,1,1,129,Notify station control
2270,12913,Superfast,LKO,Lucknow Charbagh,MAS,Chennai Central,2026-02-19,02:15,10,Delayed,Signal Failure,468,67,1,Rain,23,630,26,Low,0,0,1,7,Monitor
2271,12789,Vande Bharat,KOTA,Kota Junction,ADI,Ahmedabad Junction,2026-06-07,02:00,18,Delayed,Maintenance Work,1263,87,13,Clear,21,6158,35,Low,0,0,0,13,Monitor
2272,13066,Garib Rath,NDLS,New Delhi,SDAH,Sealdah,2026-08-09,18:15,0,On Time,No Delay,641,70,3,Clear,40,3886,25,Low,0,0,0,0,Monitor
2273,13154,Rajdhani,CSTM,Mumbai CSMT,BBS,Bhubaneswar,2026-02-27,00:00,25,At Risk,Track Obstruction,1625,100,15,Clear,20,7724,40,Medium,1,1,0,27,Notify station control
2274,12553,Duronto,JP,Jaipur Junction,KOTA,Kota Junction,2026-07-03,06:45,0,On Time,No Delay,1309,54,6,Heavy Rain,43,2909,36,Low,0,0,0,3,Monitor
2275,14555,Intercity,LKO,Lucknow Charbagh,ADI,Ahmedabad Junction,2026-02-03,17:00,0,On Time,No Delay,821,100,9,Heatwave,21,5893,33,Low,0,1,1,0,Monitor
2276,13007,Shatabdi,BCT,Mumbai Central,LKO,Lucknow Charbagh,2026-08-13,19:15,999,Cancelled,Track Obstruction,1351,43,11,Heatwave,33,6959,100,Critical,0,0,1,999,Escalate to operations command
2277,14278,Intercity,ADI,Ahmedabad Junction,PNBE,Patna Junction,2026-05-06,05:30,0,On Time,No Delay,705,100,11,Fog,26,233,43,Medium,0,1,0,10,Notify station control
2278,12150,Sampark Kranti,BPL,Bhopal Junction,ADI,Ahmedabad Junction,2026-08-04,03:30,75,At Risk,Maintenance Work,871,60,9,Rain,42,2034,53,Medium,1,0,1,75,Notify station control
2279,12349,Rajdhani,ALD,Prayagraj Junction,GKP,Gorakhpur,2026-09-13,10:00,0,On Time,No Delay,334,55,11,Cloudy,25,8329,17,Low,0,0,1,0,Monitor
2280,12912,Garib Rath,ADI,Ahmedabad Junction,JP,Jaipur Junction,2026-09-18,01:30,999,Cancelled,Weather,1748,66,5,Rain,37,6925,100,Critical,0,1,1,999,Escalate to operations command
2281,13016,Vande Bharat,BCT,Mumbai Central,HWH,Howrah Junction,2026-07-24,18:00,75,Delayed,Weather,1021,45,15,Storm,15,5105,56,Medium,0,0,1,78,Notify station control
2282,12057,Intercity,JP,Jaipur Junction,SDAH,Sealdah,2026-08-05,21:15,10,Delayed,Signal Failure,270,74,14,Clear,31,1574,28,Low,0,0,0,12,Monitor
2283,13253,Shatabdi,KOTA,Kota Junction,VSKP,Visakhapatnam,2026-09-01,00:45,40,Delayed,Maintenance Work,1784,79,16,Clear,27,527,39,Low,0,1,0,49,Monitor
2284,12823,Jan Shatabdi,BBS,Bhubaneswar,GKP,Gorakhpur,2026-01-14,13:45,0,On Time,No Delay,1115,78,14,Clear,17,8974,29,Low,0,0,1,8,Monitor
2285,14693,Duronto,SDAH,Sealdah,CSTM,Mumbai CSMT,2026-03-15,05:30,18,At Risk,Crew Delay,793,69,7,Cloudy,14,9997,35,Low,0,0,0,17,Monitor
2286,14429,Vande Bharat,KOTA,Kota Junction,BBS,Bhubaneswar,2026-01-12,18:30,90,Delayed,Weather,1787,72,2,Heatwave,42,8883,61,Medium,0,1,1,88,Notify station control
2287,13276,Jan Shatabdi,JP,Jaipur Junction,BBS,Bhubaneswar,2026-07-04,23:00,0,Completed,No Delay,365,87,11,Cloudy,38,6935,33,Low,0,0,0,0,Monitor
2288,12120,Superfast,ALD,Prayagraj Junction,GKP,Gorakhpur,2026-01-08,11:30,8,Delayed,Weather,1509,99,6,Heavy Rain,36,1074,50,Medium,0,1,1,15,Notify station control
2289,14614,Superfast,KOTA,Kota Junction,CNB,Kanpur Central,2026-04-13,01:15,0,On Time,No Delay,955,76,14,Clear,18,9680,26,Low,1,0,1,6,Monitor
2290,13266,Express,CNB,Kanpur Central,PUNE,Pune Junction,2026-09-01,12:30,0,On Time,No Delay,304,59,5,Clear,19,5644,26,Low,0,0,0,3,Monitor
2291,14460,Vande Bharat,NDLS,New Delhi,BBS,Bhubaneswar,2026-07-11,17:30,120,At Risk,Late Incoming Train,589,67,4,Heatwave,38,1216,65,High,0,0,1,115,Reallocate platform and crew
2292,12792,Sampark Kranti,PNBE,Patna Junction,JP,Jaipur Junction,2026-09-20,22:45,0,On Time,No Delay,191,66,9,Clear,27,1315,22,Low,0,0,0,5,Monitor
2293,12873,Vande Bharat,BCT,Mumbai Central,NGP,Nagpur Junction,2026-08-01,04:45,5,Delayed,Maintenance Work,1430,97,11,Clear,37,9384,37,Low,0,1,0,7,Monitor
2294,12021,Express,PNBE,Patna Junction,KOTA,Kota Junction,2026-08-11,09:45,45,Delayed,Crew Delay,188,73,2,Clear,24,1118,46,Medium,1,0,0,43,Notify station control
2295,14301,Jan Shatabdi,SBC,KSR Bengaluru City,GKP,Gorakhpur,2026-04-06,00:30,0,On Time,No Delay,229,62,17,Cloudy,24,343,23,Low,0,0,0,0,Monitor
2296,13110,Superfast,SDAH,Sealdah,GKP,Gorakhpur,2026-06-01,23:30,8,At Risk,Congestion,501,88,9,Clear,28,1620,29,Low,1,0,1,17,Monitor
2297,14696,Shatabdi,HWH,Howrah Junction,PUNE,Pune Junction,2026-01-09,23:30,30,At Risk,Signal Failure,914,75,4,Clear,18,661,40,Medium,0,0,0,25,Notify station control
2298,14075,Sampark Kranti,CSTM,Mumbai CSMT,CNB,Kanpur Central,2026-08-08,16:45,0,Completed,No Delay,1760,48,5,Clear,29,6971,22,Low,0,1,0,0,Monitor
2299,12173,Duronto,KOTA,Kota Junction,SBC,KSR Bengaluru City,2026-02-07,15:15,18,Delayed,Weather,948,90,7,Fog,27,126,49,Medium,0,1,0,15,Notify station control
2300,14612,Duronto,KOTA,Kota Junction,JP,Jaipur Junction,2026-06-22,22:15,10,Delayed,Platform Change,977,74,10,Cloudy,41,3407,30,Low,0,0,1,14,Monitor
2301,13089,Sampark Kranti,CSTM,Mumbai CSMT,LKO,Lucknow Charbagh,2026-07-23,07:00,0,Completed,No Delay,1041,68,2,Clear,38,9197,26,Low,0,0,0,5,Monitor
2302,14671,Sampark Kranti,ALD,Prayagraj Junction,VSKP,Visakhapatnam,2026-04-08,07:15,75,Delayed,Weather,1559,73,2,Heavy Rain,18,3551,62,Medium,0,1,1,78,Notify station control
2303,13201,Duronto,HWH,Howrah Junction,KOTA,Kota Junction,2026-07-14,16:30,0,On Time,No Delay,1641,66,9,Cloudy,14,697,27,Low,0,1,1,4,Monitor
2304,14284,Duronto,VSKP,Visakhapatnam,BCT,Mumbai Central,2026-07-17,00:30,0,On Time,No Delay,1130,61,11,Rain,29,8594,24,Low,0,0,0,8,Monitor
2305,12668,Rajdhani,SBC,KSR Bengaluru City,PNBE,Patna Junction,2026-06-04,16:45,15,At Risk,Signal Failure,1335,69,18,Clear,19,5126,30,Low,0,0,1,25,Monitor
2306,12073,Jan Shatabdi,SDAH,Sealdah,HWH,Howrah Junction,2026-09-19,12:00,75,Delayed,Weather,1122,77,17,Fog,43,782,64,Medium,0,0,1,72,Notify station control
2307,13265,Jan Shatabdi,NDLS,New Delhi,NGP,Nagpur Junction,2026-09-01,13:00,0,On Time,No Delay,1176,64,6,Heatwave,25,3115,24,Low,0,0,0,3,Monitor
2308,12581,Garib Rath,VSKP,Visakhapatnam,SDAH,Sealdah,2026-09-02,16:15,0,On Time,No Delay,1790,69,15,Cloudy,33,7555,21,Low,0,1,0,1,Monitor
2309,12080,Jan Shatabdi,ADI,Ahmedabad Junction,GKP,Gorakhpur,2026-04-09,13:30,0,Completed,No Delay,1665,74,15,Clear,31,9696,22,Low,1,1,0,3,Monitor
2310,14195,Duronto,ALD,Prayagraj Junction,BPL,Bhopal Junction,2026-07-10,01:30,0,On Time,No Delay,623,100,3,Clear,35,8563,35,Low,0,1,1,0,Monitor
2311,14282,Garib Rath,KOTA,Kota Junction,GKP,Gorakhpur,2026-02-05,13:45,0,On Time,No Delay,1201,75,7,Clear,28,8885,24,Low,0,0,1,5,Monitor
2312,12243,Superfast,NDLS,New Delhi,LKO,Lucknow Charbagh,2026-03-09,15:30,12,Delayed,Maintenance Work,590,74,3,Clear,23,3037,27,Low,0,0,1,22,Monitor
2313,12615,Express,ADI,Ahmedabad Junction,PUNE,Pune Junction,2026-01-15,16:30,0,Completed,No Delay,642,75,16,Clear,27,7422,23,Low,1,0,0,0,Monitor
2314,12098,Shatabdi,BPL,Bhopal Junction,ADI,Ahmedabad Junction,2026-07-11,20:15,0,On Time,No Delay,1012,71,13,Clear,18,2214,27,Low,1,0,0,10,Monitor
2315,12920,Garib Rath,LKO,Lucknow Charbagh,CNB,Kanpur Central,2026-01-14,21:00,0,On Time,No Delay,1003,56,2,Heavy Rain,28,2954,30,Low,0,0,0,8,Monitor
2316,12814,Vande Bharat,HWH,Howrah Junction,CNB,Kanpur Central,2026-03-26,06:45,90,Delayed,Crew Delay,1320,81,14,Rain,35,9107,62,Medium,0,0,1,91,Notify station control
2317,13183,Garib Rath,SDAH,Sealdah,MAS,Chennai Central,2026-01-18,09:15,75,Delayed,Platform Change,1062,81,12,Clear,26,6410,56,Medium,1,0,1,78,Notify station control
2318,12999,Sampark Kranti,BBS,Bhubaneswar,CSTM,Mumbai CSMT,2026-07-14,09:45,0,On Time,No Delay,654,75,12,Clear,14,6833,22,Low,0,0,0,0,Monitor
2319,14010,Garib Rath,BCT,Mumbai Central,KOTA,Kota Junction,2026-01-02,03:45,8,Delayed,Track Obstruction,193,82,13,Cloudy,25,5593,30,Low,0,0,0,13,Monitor
2320,13217,Express,PNBE,Patna Junction,ADI,Ahmedabad Junction,2026-08-25,06:15,18,At Risk,Weather,1504,78,11,Heavy Rain,19,2438,45,Medium,0,1,0,27,Notify station control
2321,13248,Intercity,HWH,Howrah Junction,VSKP,Visakhapatnam,2026-04-22,08:00,12,Delayed,Maintenance Work,301,60,13,Clear,38,1376,31,Low,1,0,0,10,Monitor
2322,12103,Intercity,SDAH,Sealdah,BPL,Bhopal Junction,2026-07-11,04:45,0,On Time,No Delay,1118,59,14,Clear,43,4514,20,Low,1,0,0,4,Monitor
2323,13025,Garib Rath,CNB,Kanpur Central,BCT,Mumbai Central,2026-09-18,23:45,120,Delayed,Weather,342,89,6,Rain,30,6427,77,High,0,0,1,126,Reallocate platform and crew
2324,14682,Jan Shatabdi,LKO,Lucknow Charbagh,BPL,Bhopal Junction,2026-09-24,05:15,40,Delayed,Technical Fault,301,83,9,Cloudy,37,1442,45,Medium,0,0,0,46,Notify station control
2325,13236,Vande Bharat,BCT,Mumbai Central,SDAH,Sealdah,2026-03-19,22:30,0,On Time,No Delay,1464,83,16,Rain,28,4875,27,Low,0,0,0,4,Monitor
2326,14355,Express,CNB,Kanpur Central,BBS,Bhubaneswar,2026-08-05,23:15,35,Delayed,Weather,784,74,16,Fog,44,545,48,Medium,0,0,0,38,Notify station control
2327,14502,Intercity,JP,Jaipur Junction,HWH,Howrah Junction,2026-05-05,03:15,10,Delayed,Maintenance Work,1324,64,17,Clear,19,9785,28,Low,0,0,1,12,Monitor
2328,14046,Jan Shatabdi,PNBE,Patna Junction,SDAH,Sealdah,2026-06-16,18:00,0,On Time,No Delay,1766,100,2,Cloudy,44,3248,31,Low,0,1,0,0,Monitor
2329,12830,Garib Rath,CNB,Kanpur Central,ALD,Prayagraj Junction,2026-01-17,00:45,45,Delayed,Congestion,419,48,8,Heatwave,23,3651,35,Low,0,0,1,48,Monitor
2330,12776,Superfast,SBC,KSR Bengaluru City,CSTM,Mumbai CSMT,2026-02-05,16:15,35,Delayed,Maintenance Work,1285,37,9,Clear,41,5643,31,Low,1,0,0,30,Monitor
2331,12224,Intercity,CSTM,Mumbai CSMT,SDAH,Sealdah,2026-01-16,01:30,0,On Time,No Delay,1531,62,9,Clear,38,8422,24,Low,0,1,1,1,Monitor
2332,12080,Superfast,NDLS,New Delhi,BBS,Bhubaneswar,2026-07-06,08:15,0,Completed,No Delay,1487,75,13,Rain,43,2432,26,Low,0,0,1,1,Monitor
2333,13058,Duronto,SDAH,Sealdah,VSKP,Visakhapatnam,2026-08-22,10:15,0,On Time,No Delay,1421,64,16,Rain,15,8185,24,Low,0,0,1,2,Monitor
2334,14656,Vande Bharat,SBC,KSR Bengaluru City,KOTA,Kota Junction,2026-09-12,14:15,0,On Time,No Delay,1243,74,10,Heavy Rain,25,4840,36,Low,1,0,0,0,Monitor
2335,13219,Sampark Kranti,PNBE,Patna Junction,MAS,Chennai Central,2026-02-12,20:30,0,On Time,No Delay,900,92,11,Clear,19,8191,29,Low,1,1,1,9,Monitor
2336,12610,Express,PUNE,Pune Junction,SBC,KSR Bengaluru City,2026-02-28,14:45,25,Delayed,Crew Delay,1493,88,10,Clear,40,8411,38,Low,0,0,1,32,Monitor
2337,12415,Rajdhani,CNB,Kanpur Central,BCT,Mumbai Central,2026-06-04,20:15,8,At Risk,Late Incoming Train,1048,68,12,Clear,42,8849,30,Low,0,0,0,17,Monitor
2338,14384,Rajdhani,LKO,Lucknow Charbagh,PUNE,Pune Junction,2026-04-06,23:45,75,At Risk,Signal Failure,857,95,7,Clear,42,8425,63,Medium,1,1,1,82,Notify station control
2339,14237,Intercity,GKP,Gorakhpur,MAS,Chennai Central,2026-03-28,21:00,18,At Risk,Late Incoming Train,1565,65,3,Clear,16,6000,28,Low,0,1,1,21,Monitor
2340,14178,Vande Bharat,VSKP,Visakhapatnam,LKO,Lucknow Charbagh,2026-05-11,21:45,35,At Risk,Weather,694,67,9,Fog,39,881,53,Medium,1,0,1,33,Notify station control
2341,12671,Garib Rath,MAS,Chennai Central,JP,Jaipur Junction,2026-07-17,10:00,0,On Time,No Delay,1647,88,15,Cloudy,44,1519,33,Low,0,1,0,6,Monitor
2342,13087,Shatabdi,VSKP,Visakhapatnam,BCT,Mumbai Central,2026-08-05,00:45,999,Cancelled,Track Obstruction,1798,53,1,Clear,44,3437,100,Critical,1,1,1,999,Escalate to operations command
2343,12336,Garib Rath,CNB,Kanpur Central,KOTA,Kota Junction,2026-01-23,08:15,45,At Risk,Track Obstruction,1448,63,15,Clear,35,6467,43,Medium,0,0,0,40,Notify station control
2344,12201,Duronto,ADI,Ahmedabad Junction,NDLS,New Delhi,2026-06-24,14:15,0,On Time,No Delay,1108,84,13,Clear,36,5282,29,Low,0,0,1,6,Monitor
2345,14262,Garib Rath,SDAH,Sealdah,KOTA,Kota Junction,2026-07-25,22:15,0,On Time,No Delay,185,63,1,Clear,39,2788,21,Low,0,0,0,2,Monitor
2346,14282,Rajdhani,HWH,Howrah Junction,LKO,Lucknow Charbagh,2026-03-18,19:00,12,At Risk,Weather,631,81,15,Fog,21,889,40,Medium,0,0,0,17,Notify station control
2347,12282,Intercity,BBS,Bhubaneswar,ALD,Prayagraj Junction,2026-07-04,12:00,0,On Time,No Delay,1358,80,12,Clear,41,1220,28,Low,0,0,1,0,Monitor
2348,14108,Superfast,PUNE,Pune Junction,VSKP,Visakhapatnam,2026-07-15,01:45,30,Delayed,Maintenance Work,1525,62,16,Clear,28,7357,36,Low,0,1,0,31,Monitor
2349,14135,Sampark Kranti,BCT,Mumbai Central,GKP,Gorakhpur,2026-08-15,18:15,10,Delayed,Weather,1419,87,1,Fog,30,765,48,Medium,1,0,0,20,Notify station control
2350,14145,Sampark Kranti,ADI,Ahmedabad Junction,SBC,KSR Bengaluru City,2026-04-01,01:45,0,On Time,No Delay,982,62,18,Cloudy,35,7358,20,Low,0,0,0,9,Monitor
2351,12863,Superfast,CSTM,Mumbai CSMT,CNB,Kanpur Central,2026-07-15,23:00,45,Delayed,Crew Delay,1738,79,15,Clear,41,2780,47,Medium,0,1,0,42,Notify station control
2352,14421,Jan Shatabdi,ADI,Ahmedabad Junction,NDLS,New Delhi,2026-07-26,10:00,0,On Time,No Delay,1010,66,10,Clear,44,2250,26,Low,0,0,0,2,Monitor
2353,12585,Vande Bharat,GKP,Gorakhpur,ADI,Ahmedabad Junction,2026-09-24,02:15,45,Delayed,Platform Change,1488,79,3,Heatwave,39,3948,41,Medium,0,0,0,42,Notify station control
2354,12004,Garib Rath,BPL,Bhopal Junction,KOTA,Kota Junction,2026-02-11,03:15,999,Cancelled,Weather,756,100,9,Clear,15,5987,100,Critical,1,1,1,999,Escalate to operations command
2355,12464,Jan Shatabdi,KOTA,Kota Junction,ADI,Ahmedabad Junction,2026-09-03,09:30,10,Delayed,Weather,1454,84,18,Storm,33,1190,40,Medium,0,0,1,18,Notify station control
2356,14093,Intercity,CSTM,Mumbai CSMT,VSKP,Visakhapatnam,2026-01-18,00:30,0,On Time,No Delay,1135,74,5,Cloudy,40,4859,23,Low,0,0,1,0,Monitor
2357,14420,Garib Rath,PNBE,Patna Junction,CNB,Kanpur Central,2026-04-02,06:00,0,Completed,No Delay,1456,65,11,Clear,36,8232,21,Low,0,0,0,4,Monitor
2358,14353,Shatabdi,CNB,Kanpur Central,CSTM,Mumbai CSMT,2026-05-21,03:30,75,Delayed,Technical Fault,1585,62,10,Clear,33,5276,53,Medium,1,1,1,84,Notify station control
2359,14328,Duronto,GKP,Gorakhpur,CNB,Kanpur Central,2026-08-23,15:00,0,Completed,No Delay,1352,78,13,Clear,21,3777,25,Low,0,0,1,0,Monitor
2360,14540,Duronto,ALD,Prayagraj Junction,LKO,Lucknow Charbagh,2026-02-08,16:00,18,Delayed,Congestion,1698,76,12,Clear,22,3552,36,Low,0,1,0,21,Monitor
2361,13083,Superfast,HWH,Howrah Junction,SDAH,Sealdah,2026-01-17,06:45,30,Delayed,Weather,390,80,12,Heavy Rain,25,4370,48,Medium,0,0,0,31,Notify station control
2362,14141,Duronto,PUNE,Pune Junction,HWH,Howrah Junction,2026-06-26,23:45,15,At Risk,Crew Delay,481,94,9,Rain,21,4414,39,Low,0,1,0,14,Monitor
2363,13056,Duronto,GKP,Gorakhpur,NGP,Nagpur Junction,2026-01-10,16:15,120,Delayed,Crew Delay,945,91,9,Clear,41,5636,78,High,1,1,1,125,Reallocate platform and crew
2364,12161,Jan Shatabdi,KOTA,Kota Junction,JP,Jaipur Junction,2026-08-01,13:15,0,On Time,No Delay,928,77,12,Clear,30,7520,30,Low,1,0,0,0,Monitor
2365,14193,Vande Bharat,CNB,Kanpur Central,ALD,Prayagraj Junction,2026-08-12,00:00,0,On Time,No Delay,932,71,5,Cloudy,27,2652,28,Low,0,0,1,1,Monitor
2366,12618,Express,CSTM,Mumbai CSMT,BPL,Bhopal Junction,2026-04-24,15:00,20,At Risk,Weather,764,82,15,Fog,29,425,50,Medium,1,0,1,27,Notify station control
2367,14576,Jan Shatabdi,PUNE,Pune Junction,BBS,Bhubaneswar,2026-07-26,10:45,5,Delayed,Weather,688,57,18,Fog,37,157,39,Low,0,0,0,5,Monitor
2368,14298,Intercity,CNB,Kanpur Central,SBC,KSR Bengaluru City,2026-01-18,21:15,0,On Time,No Delay,413,75,6,Clear,34,5668,26,Low,0,0,0,0,Monitor
2369,12887,Garib Rath,ADI,Ahmedabad Junction,VSKP,Visakhapatnam,2026-05-11,02:00,15,At Risk,Platform Change,429,77,3,Cloudy,31,6461,28,Low,1,0,0,23,Monitor
2370,12667,Duronto,BPL,Bhopal Junction,ALD,Prayagraj Junction,2026-08-26,03:00,10,Delayed,Late Incoming Train,1676,80,13,Clear,14,5315,34,Low,0,1,0,10,Monitor
2371,12682,Rajdhani,PUNE,Pune Junction,VSKP,Visakhapatnam,2026-02-05,06:30,0,On Time,No Delay,1513,100,6,Cloudy,24,866,35,Low,1,1,0,7,Monitor
2372,14370,Sampark Kranti,MAS,Chennai Central,GKP,Gorakhpur,2026-02-01,14:00,5,Delayed,Late Incoming Train,1233,68,17,Rain,43,6584,29,Low,1,0,0,0,Monitor
2373,12691,Intercity,JP,Jaipur Junction,MAS,Chennai Central,2026-08-05,03:15,0,On Time,No Delay,1027,58,11,Heavy Rain,31,8583,32,Low,0,0,0,3,Monitor
2374,14264,Intercity,MAS,Chennai Central,VSKP,Visakhapatnam,2026-09-10,22:15,0,On Time,No Delay,638,74,3,Cloudy,36,9922,22,Low,0,0,0,0,Monitor
2375,14273,Express,BCT,Mumbai Central,KOTA,Kota Junction,2026-05-15,05:00,0,On Time,No Delay,1229,73,4,Heavy Rain,31,2291,39,Low,0,0,1,0,Monitor
2376,12321,Intercity,PUNE,Pune Junction,HWH,Howrah Junction,2026-03-03,15:00,0,On Time,No Delay,813,64,13,Rain,14,3858,20,Low,0,0,0,0,Monitor
2377,12923,Vande Bharat,VSKP,Visakhapatnam,NDLS,New Delhi,2026-07-07,00:30,120,At Risk,Weather,1295,47,18,Fog,24,705,80,High,0,0,1,120,Reallocate platform and crew
2378,13117,Express,HWH,Howrah Junction,NGP,Nagpur Junction,2026-01-27,02:45,0,On Time,No Delay,1313,66,4,Clear,14,9717,23,Low,0,0,0,2,Monitor
2379,13009,Vande Bharat,KOTA,Kota Junction,MAS,Chennai Central,2026-05-01,02:30,0,On Time,No Delay,499,83,3,Cloudy,20,7652,24,Low,0,0,0,0,Monitor
2380,12291,Vande Bharat,BPL,Bhopal Junction,NGP,Nagpur Junction,2026-09-01,13:15,8,At Risk,Maintenance Work,472,96,16,Heatwave,19,895,36,Low,0,1,0,12,Monitor
2381,12727,Superfast,CNB,Kanpur Central,PUNE,Pune Junction,2026-08-08,01:30,0,On Time,No Delay,1634,79,3,Storm,15,5416,43,Medium,0,1,0,3,Notify station control
2382,12327,Vande Bharat,CSTM,Mumbai CSMT,CNB,Kanpur Central,2026-08-10,02:15,5,Delayed,Maintenance Work,595,83,2,Cloudy,41,9909,34,Low,0,0,0,4,Monitor
2383,14054,Superfast,LKO,Lucknow Charbagh,KOTA,Kota Junction,2026-02-19,10:00,0,On Time,No Delay,635,79,17,Cloudy,44,6229,28,Low,0,0,0,3,Monitor
2384,14439,Shatabdi,NDLS,New Delhi,BCT,Mumbai Central,2026-02-09,12:30,0,On Time,No Delay,1179,65,12,Rain,15,1815,26,Low,0,0,0,4,Monitor
2385,12774,Garib Rath,NDLS,New Delhi,BCT,Mumbai Central,2026-09-04,20:00,45,At Risk,Weather,1226,70,10,Fog,26,840,52,Medium,0,0,0,45,Notify station control
2386,12501,Shatabdi,SDAH,Sealdah,PUNE,Pune Junction,2026-08-25,11:00,0,On Time,No Delay,1408,52,17,Clear,31,414,20,Low,1,0,0,0,Monitor
2387,12396,Sampark Kranti,VSKP,Visakhapatnam,LKO,Lucknow Charbagh,2026-09-21,09:15,0,Completed,No Delay,1125,62,1,Clear,22,6873,20,Low,0,0,0,7,Monitor
2388,13155,Jan Shatabdi,KOTA,Kota Junction,NGP,Nagpur Junction,2026-01-27,07:45,120,At Risk,Weather,200,78,5,Heavy Rain,42,357,82,High,0,0,1,130,Reallocate platform and crew
2389,12963,Intercity,LKO,Lucknow Charbagh,PUNE,Pune Junction,2026-02-28,09:30,10,At Risk,Technical Fault,1659,100,16,Clear,17,9836,36,Low,0,1,0,14,Monitor
2390,13102,Jan Shatabdi,GKP,Gorakhpur,CNB,Kanpur Central,2026-06-14,08:15,0,Completed,No Delay,1466,69,1,Clear,27,9847,24,Low,0,0,0,4,Monitor
2391,14533,Vande Bharat,VSKP,Visakhapatnam,SDAH,Sealdah,2026-05-15,01:15,0,On Time,No Delay,1784,61,6,Clear,22,5598,19,Low,0,1,1,0,Monitor
2392,12057,Garib Rath,SBC,KSR Bengaluru City,VSKP,Visakhapatnam,2026-04-22,21:00,0,On Time,No Delay,1056,63,1,Clear,19,3141,22,Low,0,0,0,0,Monitor
2393,12258,Intercity,SBC,KSR Bengaluru City,JP,Jaipur Junction,2026-04-15,19:00,0,On Time,No Delay,237,87,3,Clear,29,6361,28,Low,0,0,1,0,Monitor
2394,12871,Duronto,CNB,Kanpur Central,GKP,Gorakhpur,2026-07-21,21:30,90,Delayed,Crew Delay,612,68,13,Clear,33,1992,54,Medium,1,0,1,90,Notify station control
2395,12408,Intercity,NGP,Nagpur Junction,HWH,Howrah Junction,2026-06-02,17:30,0,On Time,No Delay,1017,100,13,Clear,22,7894,34,Low,0,1,0,6,Monitor
2396,12284,Garib Rath,CNB,Kanpur Central,BCT,Mumbai Central,2026-02-01,04:30,0,On Time,No Delay,1354,35,5,Storm,25,7976,24,Low,1,0,1,0,Monitor
2397,12831,Jan Shatabdi,LKO,Lucknow Charbagh,HWH,Howrah Junction,2026-09-02,11:15,15,Delayed,Congestion,468,85,18,Clear,38,7007,33,Low,1,0,0,13,Monitor
2398,14699,Rajdhani,PNBE,Patna Junction,SBC,KSR Bengaluru City,2026-09-17,09:00,40,At Risk,Platform Change,1181,76,8,Clear,42,545,44,Medium,0,0,0,42,Notify station control
2399,14260,Intercity,HWH,Howrah Junction,VSKP,Visakhapatnam,2026-08-10,09:30,10,Delayed,Track Obstruction,1684,78,16,Cloudy,42,1963,32,Low,0,1,0,19,Monitor
2400,14076,Shatabdi,ADI,Ahmedabad Junction,NDLS,New Delhi,2026-06-24,11:45,999,Cancelled,Platform Change,1144,76,7,Cloudy,31,5300,100,Critical,0,0,1,999,Escalate to operations command
2401,14641,Sampark Kranti,BBS,Bhubaneswar,NGP,Nagpur Junction,2026-08-25,01:15,0,Completed,No Delay,1333,58,8,Cloudy,19,8096,20,Low,0,0,0,0,Monitor
2402,14586,Rajdhani,KOTA,Kota Junction,CSTM,Mumbai CSMT,2026-01-15,12:15,0,On Time,No Delay,837,93,4,Clear,43,4650,27,Low,0,1,0,2,Monitor
2403,14357,Intercity,SDAH,Sealdah,KOTA,Kota Junction,2026-03-28,07:45,10,At Risk,Platform Change,248,100,3,Cloudy,32,1992,37,Low,0,1,0,5,Monitor
2404,12894,Vande Bharat,PUNE,Pune Junction,BBS,Bhubaneswar,2026-02-26,13:15,8,Delayed,Track Obstruction,1256,64,9,Clear,20,5006,23,Low,0,0,1,9,Monitor
2405,12214,Garib Rath,NGP,Nagpur Junction,HWH,Howrah Junction,2026-06-26,13:30,18,Delayed,Crew Delay,702,59,8,Clear,37,5932,28,Low,0,0,0,16,Monitor
2406,12284,Shatabdi,VSKP,Visakhapatnam,SBC,KSR Bengaluru City,2026-01-04,09:30,40,At Risk,Platform Change,1004,80,8,Cloudy,29,608,38,Low,0,0,0,43,Monitor
2407,12352,Superfast,BBS,Bhubaneswar,ALD,Prayagraj Junction,2026-05-10,12:15,999,Cancelled,Signal Failure,1568,79,3,Cloudy,30,918,100,Critical,0,1,1,999,Escalate to operations command
2408,12556,Shatabdi,ALD,Prayagraj Junction,PNBE,Patna Junction,2026-04-23,02:00,30,Delayed,Signal Failure,1296,64,15,Rain,20,7409,38,Low,0,0,0,31,Monitor
2409,12498,Duronto,SBC,KSR Bengaluru City,BBS,Bhubaneswar,2026-02-13,09:45,20,Delayed,Signal Failure,805,64,1,Cloudy,38,8895,34,Low,0,0,0,22,Monitor
2410,14524,Express,NGP,Nagpur Junction,ADI,Ahmedabad Junction,2026-03-21,15:00,0,On Time,No Delay,1013,94,18,Rain,39,1868,29,Low,0,1,0,2,Monitor
2411,13145,Vande Bharat,ALD,Prayagraj Junction,CSTM,Mumbai CSMT,2026-04-08,16:30,18,Delayed,Late Incoming Train,1275,76,3,Clear,20,6813,34,Low,0,0,0,15,Monitor
2412,14359,Intercity,CSTM,Mumbai CSMT,PNBE,Patna Junction,2026-01-11,22:00,0,On Time,No Delay,814,100,1,Cloudy,29,2919,32,Low,1,1,0,3,Monitor
2413,12254,Express,PUNE,Pune Junction,KOTA,Kota Junction,2026-03-26,14:00,18,Delayed,Crew Delay,1089,67,18,Cloudy,24,9595,29,Low,1,0,0,14,Monitor
2414,14545,Vande Bharat,ADI,Ahmedabad Junction,VSKP,Visakhapatnam,2026-03-21,09:45,25,Delayed,Weather,1388,69,17,Fog,37,232,44,Medium,0,0,1,25,Notify station control
2415,13056,Duronto,HWH,Howrah Junction,CSTM,Mumbai CSMT,2026-02-09,22:00,0,On Time,No Delay,1603,61,3,Clear,35,9737,21,Low,0,1,0,7,Monitor
2416,12033,Garib Rath,SDAH,Sealdah,GKP,Gorakhpur,2026-07-06,06:45,18,Delayed,Late Incoming Train,592,88,14,Clear,18,4968,37,Low,0,0,0,27,Monitor
2417,14090,Shatabdi,ALD,Prayagraj Junction,GKP,Gorakhpur,2026-07-18,18:00,25,Delayed,Weather,1105,61,14,Heavy Rain,38,3384,46,Medium,0,0,0,30,Notify station control
2418,14238,Shatabdi,NGP,Nagpur Junction,CNB,Kanpur Central,2026-09-09,11:15,30,Delayed,Platform Change,1008,79,8,Cloudy,35,4340,39,Low,0,0,0,36,Monitor
2419,14162,Express,LKO,Lucknow Charbagh,PNBE,Patna Junction,2026-08-10,09:15,999,Cancelled,Weather,874,60,18,Cloudy,35,8705,100,Critical,0,0,1,999,Escalate to operations command
2420,12137,Duronto,SBC,KSR Bengaluru City,NGP,Nagpur Junction,2026-08-26,16:15,0,On Time,No Delay,553,75,12,Clear,40,6688,27,Low,0,0,0,0,Monitor
2421,14572,Jan Shatabdi,KOTA,Kota Junction,LKO,Lucknow Charbagh,2026-01-08,16:00,0,Completed,No Delay,1734,76,8,Heatwave,28,7034,24,Low,1,1,0,0,Monitor
2422,14233,Shatabdi,JP,Jaipur Junction,SBC,KSR Bengaluru City,2026-01-17,13:00,75,Delayed,Late Incoming Train,199,76,17,Cloudy,37,6449,53,Medium,0,0,1,80,Notify station control
2423,14101,Express,KOTA,Kota Junction,GKP,Gorakhpur,2026-03-12,01:00,20,At Risk,Crew Delay,1569,82,10,Cloudy,15,3027,38,Low,0,1,0,30,Monitor
2424,14147,Superfast,BPL,Bhopal Junction,CNB,Kanpur Central,2026-01-26,10:45,0,On Time,No Delay,954,79,7,Clear,34,2732,28,Low,0,0,1,0,Monitor
2425,13062,Vande Bharat,BCT,Mumbai Central,CNB,Kanpur Central,2026-02-15,12:45,35,Delayed,Platform Change,193,80,13,Clear,40,2207,40,Medium,0,0,0,32,Notify station control
2426,12938,Superfast,NDLS,New Delhi,SBC,KSR Bengaluru City,2026-08-11,14:30,0,On Time,No Delay,1388,51,3,Cloudy,30,1686,19,Low,0,0,1,1,Monitor
2427,13203,Intercity,CNB,Kanpur Central,ADI,Ahmedabad Junction,2026-07-13,23:00,30,Delayed,Weather,1035,85,17,Heavy Rain,31,2878,56,Medium,1,0,1,34,Notify station control
2428,14360,Superfast,ALD,Prayagraj Junction,HWH,Howrah Junction,2026-05-11,03:15,8,Delayed,Weather,1489,77,1,Clear,20,7165,28,Low,1,0,1,12,Monitor
2429,14531,Express,BPL,Bhopal Junction,HWH,Howrah Junction,2026-05-28,22:30,18,Delayed,Crew Delay,225,57,10,Clear,20,1449,31,Low,0,0,0,18,Monitor
2430,14679,Sampark Kranti,LKO,Lucknow Charbagh,BBS,Bhubaneswar,2026-01-13,20:15,0,On Time,No Delay,559,62,11,Clear,26,6646,26,Low,0,0,0,10,Monitor
2431,14168,Vande Bharat,NGP,Nagpur Junction,CNB,Kanpur Central,2026-08-20,11:15,10,Delayed,Congestion,403,80,4,Cloudy,21,6836,32,Low,0,0,1,19,Monitor
2432,12877,Intercity,SDAH,Sealdah,MAS,Chennai Central,2026-01-27,19:30,90,Delayed,Platform Change,1145,74,11,Clear,24,7698,61,Medium,0,0,1,88,Notify station control
2433,12021,Jan Shatabdi,LKO,Lucknow Charbagh,ADI,Ahmedabad Junction,2026-02-08,21:45,30,At Risk,Crew Delay,1326,92,13,Heatwave,40,9933,42,Medium,1,1,0,37,Notify station control
2434,12899,Jan Shatabdi,BPL,Bhopal Junction,PNBE,Patna Junction,2026-02-18,22:15,60,Delayed,Signal Failure,1243,67,16,Cloudy,30,7244,45,Medium,0,0,1,57,Notify station control
2435,12196,Sampark Kranti,LKO,Lucknow Charbagh,KOTA,Kota Junction,2026-05-09,10:15,0,On Time,No Delay,756,78,9,Clear,19,7804,23,Low,0,0,0,9,Monitor
2436,14009,Rajdhani,BBS,Bhubaneswar,GKP,Gorakhpur,2026-02-09,12:00,30,Delayed,Technical Fault,1305,64,16,Cloudy,22,1198,35,Low,0,0,0,35,Monitor
2437,14422,Jan Shatabdi,PUNE,Pune Junction,BBS,Bhubaneswar,2026-08-15,00:45,0,Completed,No Delay,823,44,4,Clear,35,604,20,Low,1,0,1,6,Monitor
2438,12325,Sampark Kranti,CNB,Kanpur Central,NDLS,New Delhi,2026-04-03,15:45,20,Delayed,Weather,840,94,13,Fog,44,542,54,Medium,0,1,1,30,Notify station control
2439,13224,Intercity,CSTM,Mumbai CSMT,ALD,Prayagraj Junction,2026-04-26,17:00,0,On Time,No Delay,1747,85,13,Clear,42,4108,32,Low,1,1,1,2,Monitor
2440,12619,Intercity,PUNE,Pune Junction,NDLS,New Delhi,2026-06-26,08:45,0,On Time,No Delay,1439,63,17,Rain,27,5266,19,Low,0,0,1,3,Monitor
2441,13029,Intercity,VSKP,Visakhapatnam,NDLS,New Delhi,2026-03-02,17:00,0,On Time,No Delay,688,91,11,Storm,23,1990,39,Low,0,1,1,0,Monitor
2442,14379,Vande Bharat,CSTM,Mumbai CSMT,SBC,KSR Bengaluru City,2026-07-11,00:30,999,Cancelled,Signal Failure,1797,40,6,Cloudy,40,607,100,Critical,0,1,1,999,Escalate to operations command
2443,14355,Sampark Kranti,CNB,Kanpur Central,NGP,Nagpur Junction,2026-02-11,20:45,0,On Time,No Delay,343,51,7,Clear,16,5479,17,Low,0,0,0,4,Monitor
2444,12889,Duronto,LKO,Lucknow Charbagh,ALD,Prayagraj Junction,2026-04-08,10:45,75,Delayed,Weather,1514,57,6,Storm,29,7657,65,High,0,1,1,76,Reallocate platform and crew
2445,12403,Shatabdi,KOTA,Kota Junction,JP,Jaipur Junction,2026-05-03,00:15,30,Delayed,Weather,986,82,6,Heavy Rain,42,9725,55,Medium,0,0,1,36,Notify station control
2446,12909,Express,CSTM,Mumbai CSMT,GKP,Gorakhpur,2026-05-14,23:00,999,Cancelled,Congestion,467,74,7,Cloudy,22,7312,100,Critical,0,0,1,999,Escalate to operations command
2447,12798,Jan Shatabdi,SDAH,Sealdah,BCT,Mumbai Central,2026-05-22,06:30,0,On Time,No Delay,1111,68,10,Storm,35,1148,33,Low,1,0,0,0,Monitor
2448,12824,Superfast,SBC,KSR Bengaluru City,CNB,Kanpur Central,2026-09-10,22:45,75,Delayed,Late Incoming Train,1548,61,14,Clear,39,338,51,Medium,0,1,1,72,Notify station control
2449,12795,Garib Rath,LKO,Lucknow Charbagh,CSTM,Mumbai CSMT,2026-06-22,10:30,90,At Risk,Track Obstruction,1210,84,12,Rain,36,9076,59,Medium,0,0,1,93,Notify station control
2450,12217,Rajdhani,NGP,Nagpur Junction,CNB,Kanpur Central,2026-04-21,14:15,0,On Time,No Delay,1464,66,14,Clear,17,1868,26,Low,1,0,1,6,Monitor
2451,12030,Shatabdi,LKO,Lucknow Charbagh,PUNE,Pune Junction,2026-01-02,18:15,0,On Time,No Delay,813,79,9,Clear,22,2392,28,Low,0,0,0,0,Monitor
2452,14546,Rajdhani,SBC,KSR Bengaluru City,HWH,Howrah Junction,2026-01-08,08:15,0,Completed,No Delay,677,100,1,Cloudy,42,5907,35,Low,1,1,0,1,Monitor
2453,13219,Rajdhani,MAS,Chennai Central,SBC,KSR Bengaluru City,2026-08-12,12:30,999,Cancelled,Congestion,1627,56,13,Rain,40,2719,100,Critical,0,1,1,999,Escalate to operations command
2454,12730,Sampark Kranti,VSKP,Visakhapatnam,GKP,Gorakhpur,2026-08-18,14:15,0,On Time,No Delay,772,100,7,Cloudy,16,783,34,Low,0,1,0,6,Monitor
2455,14544,Express,PNBE,Patna Junction,NDLS,New Delhi,2026-06-21,20:30,0,On Time,No Delay,1223,76,7,Fog,14,778,42,Medium,1,0,1,0,Notify station control
2456,14197,Garib Rath,BPL,Bhopal Junction,NDLS,New Delhi,2026-03-15,03:45,0,On Time,No Delay,1550,92,11,Clear,35,6479,32,Low,0,1,0,9,Monitor
2457,14143,Rajdhani,CNB,Kanpur Central,ALD,Prayagraj Junction,2026-04-19,00:45,8,At Risk,Signal Failure,1174,52,5,Rain,15,4430,23,Low,0,0,0,4,Monitor
2458,12862,Express,ADI,Ahmedabad Junction,GKP,Gorakhpur,2026-04-21,03:45,0,On Time,No Delay,485,100,10,Clear,34,4484,36,Low,0,1,1,3,Monitor
2459,14696,Rajdhani,CSTM,Mumbai CSMT,GKP,Gorakhpur,2026-03-14,02:45,0,On Time,No Delay,1730,81,6,Clear,33,1479,31,Low,1,1,0,7,Monitor
2460,12862,Shatabdi,NGP,Nagpur Junction,VSKP,Visakhapatnam,2026-03-23,22:00,0,Completed,No Delay,1353,90,8,Cloudy,25,3297,30,Low,0,1,0,5,Monitor
2461,12388,Vande Bharat,ALD,Prayagraj Junction,PUNE,Pune Junction,2026-01-27,15:30,0,On Time,No Delay,1688,59,17,Clear,21,3224,19,Low,0,1,0,5,Monitor
2462,13292,Garib Rath,CSTM,Mumbai CSMT,NGP,Nagpur Junction,2026-08-05,06:15,0,On Time,No Delay,953,89,1,Clear,39,5162,27,Low,0,0,1,2,Monitor
2463,12836,Express,JP,Jaipur Junction,NGP,Nagpur Junction,2026-02-18,03:00,0,On Time,No Delay,1799,63,8,Clear,29,7724,24,Low,0,1,0,0,Monitor
2464,12578,Rajdhani,BCT,Mumbai Central,BBS,Bhubaneswar,2026-06-25,12:30,30,Delayed,Late Incoming Train,1654,85,2,Cloudy,37,2015,42,Medium,0,1,0,28,Notify station control
2465,13070,Superfast,VSKP,Visakhapatnam,NGP,Nagpur Junction,2026-01-27,18:15,45,Delayed,Signal Failure,641,79,15,Clear,41,5546,46,Medium,0,0,0,48,Notify station control
2466,12970,Intercity,BBS,Bhubaneswar,ALD,Prayagraj Junction,2026-04-01,08:15,0,On Time,No Delay,268,65,18,Clear,14,5035,23,Low,0,0,0,1,Monitor
2467,12101,Rajdhani,NDLS,New Delhi,BBS,Bhubaneswar,2026-04-17,04:30,0,On Time,No Delay,1139,69,12,Storm,20,7413,40,Medium,0,0,1,4,Notify station control
2468,14219,Vande Bharat,CSTM,Mumbai CSMT,SDAH,Sealdah,2026-04-28,00:00,0,On Time,No Delay,894,85,17,Fog,19,171,41,Medium,0,0,0,0,Notify station control
2469,12069,Jan Shatabdi,ADI,Ahmedabad Junction,GKP,Gorakhpur,2026-02-04,04:45,10,At Risk,Congestion,1208,88,8,Clear,15,6817,32,Low,0,0,0,19,Monitor
2470,14314,Rajdhani,HWH,Howrah Junction,NGP,Nagpur Junction,2026-07-16,06:45,12,Delayed,Weather,1031,77,14,Storm,21,6320,40,Medium,0,0,0,9,Notify station control
2471,12058,Rajdhani,HWH,Howrah Junction,CSTM,Mumbai CSMT,2026-07-18,18:30,0,Completed,No Delay,1257,68,10,Cloudy,17,5064,25,Low,0,0,0,2,Monitor
2472,12924,Superfast,SBC,KSR Bengaluru City,BBS,Bhubaneswar,2026-06-03,12:45,0,On Time,No Delay,957,66,18,Cloudy,32,9633,26,Low,0,0,0,10,Monitor
2473,12586,Vande Bharat,BCT,Mumbai Central,ADI,Ahmedabad Junction,2026-07-24,21:15,5,Delayed,Signal Failure,1439,62,2,Clear,35,7507,28,Low,0,0,0,2,Monitor
2474,12184,Garib Rath,SDAH,Sealdah,ADI,Ahmedabad Junction,2026-09-25,09:00,120,Delayed,Platform Change,334,93,3,Clear,25,5945,78,High,0,1,1,122,Reallocate platform and crew
2475,14588,Rajdhani,BPL,Bhopal Junction,SDAH,Sealdah,2026-09-07,08:15,10,Delayed,Platform Change,994,100,7,Clear,14,9732,37,Low,0,1,0,6,Monitor
2476,12653,Vande Bharat,ADI,Ahmedabad Junction,KOTA,Kota Junction,2026-03-10,22:30,0,On Time,No Delay,1598,85,17,Cloudy,29,7556,30,Low,0,1,1,2,Monitor
2477,14150,Duronto,HWH,Howrah Junction,VSKP,Visakhapatnam,2026-03-13,16:15,0,On Time,No Delay,1706,75,14,Cloudy,23,8488,25,Low,1,1,0,0,Monitor
2478,14204,Sampark Kranti,JP,Jaipur Junction,ALD,Prayagraj Junction,2026-06-09,16:15,18,At Risk,Congestion,393,78,14,Cloudy,35,3065,35,Low,1,0,0,14,Monitor
2479,14162,Vande Bharat,BPL,Bhopal Junction,SDAH,Sealdah,2026-01-09,03:45,0,On Time,No Delay,563,72,18,Fog,43,556,37,Low,0,0,0,7,Monitor
2480,14155,Superfast,ADI,Ahmedabad Junction,JP,Jaipur Junction,2026-06-03,14:00,15,At Risk,Platform Change,1236,81,11,Clear,44,2181,33,Low,0,0,1,15,Monitor
2481,12481,Jan Shatabdi,PUNE,Pune Junction,BPL,Bhopal Junction,2026-09-02,15:45,0,On Time,No Delay,1110,96,11,Clear,14,676,31,Low,0,1,0,9,Monitor
2482,14459,Jan Shatabdi,NGP,Nagpur Junction,JP,Jaipur Junction,2026-09-25,07:15,0,On Time,No Delay,1544,79,8,Clear,17,3229,27,Low,0,1,1,8,Monitor
2483,14423,Duronto,CNB,Kanpur Central,JP,Jaipur Junction,2026-04-10,03:45,0,Completed,No Delay,767,88,18,Clear,31,2244,29,Low,0,0,0,0,Monitor
2484,12953,Shatabdi,NGP,Nagpur Junction,CNB,Kanpur Central,2026-09-27,20:15,12,At Risk,Track Obstruction,246,51,4,Clear,23,7877,29,Low,0,0,0,14,Monitor
2485,12837,Jan Shatabdi,LKO,Lucknow Charbagh,ALD,Prayagraj Junction,2026-09-11,06:00,0,Completed,No Delay,1560,89,3,Rain,18,7548,30,Low,0,1,1,0,Monitor
2486,14137,Garib Rath,GKP,Gorakhpur,HWH,Howrah Junction,2026-07-09,03:45,30,Delayed,Late Incoming Train,184,85,7,Clear,14,9112,41,Medium,0,0,0,30,Notify station control
2487,12905,Duronto,LKO,Lucknow Charbagh,GKP,Gorakhpur,2026-09-13,10:45,25,Delayed,Weather,839,86,11,Cloudy,31,7716,35,Low,0,0,0,20,Monitor
2488,12102,Jan Shatabdi,MAS,Chennai Central,VSKP,Visakhapatnam,2026-01-01,10:15,0,On Time,No Delay,232,87,4,Cloudy,41,8912,32,Low,0,0,0,0,Monitor
2489,12470,Intercity,VSKP,Visakhapatnam,GKP,Gorakhpur,2026-03-06,06:45,120,At Risk,Technical Fault,284,100,1,Cloudy,28,1455,74,High,1,1,1,117,Reallocate platform and crew
2490,12515,Superfast,BPL,Bhopal Junction,NGP,Nagpur Junction,2026-08-24,04:15,0,On Time,No Delay,1607,46,3,Clear,32,9496,15,Low,0,1,0,9,Monitor
2491,12485,Jan Shatabdi,KOTA,Kota Junction,JP,Jaipur Junction,2026-06-20,02:00,0,On Time,No Delay,1754,83,6,Clear,36,6697,26,Low,0,1,0,10,Monitor
2492,12731,Superfast,KOTA,Kota Junction,SDAH,Sealdah,2026-04-21,16:00,0,On Time,No Delay,893,65,15,Cloudy,41,2733,24,Low,0,0,1,2,Monitor
2493,14604,Superfast,NGP,Nagpur Junction,CSTM,Mumbai CSMT,2026-05-03,13:45,0,On Time,No Delay,1179,74,5,Heatwave,32,7007,23,Low,1,0,0,3,Monitor
2494,12584,Rajdhani,GKP,Gorakhpur,LKO,Lucknow Charbagh,2026-02-18,19:00,0,On Time,No Delay,1220,78,4,Cloudy,22,5678,31,Low,1,0,0,3,Monitor
2495,14336,Superfast,BBS,Bhubaneswar,MAS,Chennai Central,2026-09-27,00:45,35,At Risk,Maintenance Work,733,72,2,Cloudy,32,3155,38,Low,1,0,0,35,Monitor
2496,12172,Rajdhani,MAS,Chennai Central,NDLS,New Delhi,2026-03-22,19:15,0,On Time,No Delay,344,73,16,Heavy Rain,23,3745,41,Medium,0,0,0,5,Notify station control
2497,13182,Intercity,LKO,Lucknow Charbagh,BPL,Bhopal Junction,2026-05-23,05:30,30,Delayed,Signal Failure,182,94,18,Clear,17,2392,45,Medium,0,1,0,31,Notify station control
2498,14287,Rajdhani,KOTA,Kota Junction,JP,Jaipur Junction,2026-05-25,13:00,0,On Time,No Delay,886,90,4,Storm,32,951,42,Medium,0,1,0,9,Notify station control
2499,14289,Express,KOTA,Kota Junction,CNB,Kanpur Central,2026-08-05,21:00,999,Cancelled,Maintenance Work,771,65,2,Cloudy,44,9006,100,Critical,0,0,1,999,Escalate to operations command
2500,12105,Intercity,KOTA,Kota Junction,HWH,Howrah Junction,2026-03-06,06:00,0,On Time,No Delay,809,78,3,Cloudy,30,535,31,Low,0,0,0,3,Monitor
2501,14245,Express,LKO,Lucknow Charbagh,KOTA,Kota Junction,2026-08-12,23:30,0,On Time,No Delay,1066,100,6,Storm,43,8512,48,Medium,0,1,0,10,Notify station control
2502,13066,Intercity,CNB,Kanpur Central,SDAH,Sealdah,2026-03-22,12:30,60,Delayed,Weather,230,74,14,Fog,38,473,59,Medium,1,0,1,70,Notify station control
2503,12329,Rajdhani,PNBE,Patna Junction,BBS,Bhubaneswar,2026-03-19,08:30,0,On Time,No Delay,901,74,11,Clear,41,4384,24,Low,0,0,0,4,Monitor
2504,12037,Shatabdi,JP,Jaipur Junction,BBS,Bhubaneswar,2026-02-28,02:00,35,Delayed,Congestion,1544,97,13,Clear,20,3508,45,Medium,0,1,0,31,Notify station control
2505,12326,Jan Shatabdi,GKP,Gorakhpur,BPL,Bhopal Junction,2026-05-03,19:45,45,Delayed,Congestion,847,67,17,Rain,44,1990,43,Medium,0,0,0,46,Notify station control
2506,12267,Rajdhani,VSKP,Visakhapatnam,CSTM,Mumbai CSMT,2026-09-11,19:15,60,At Risk,Maintenance Work,783,72,7,Clear,26,1145,52,Medium,0,0,1,63,Notify station control
2507,12829,Intercity,VSKP,Visakhapatnam,HWH,Howrah Junction,2026-02-23,16:45,30,Delayed,Crew Delay,1482,70,17,Cloudy,31,9840,34,Low,0,0,1,38,Monitor
2508,12994,Superfast,VSKP,Visakhapatnam,BPL,Bhopal Junction,2026-01-28,10:15,8,Delayed,Crew Delay,346,92,14,Cloudy,34,5511,31,Low,0,1,0,5,Monitor
2509,14003,Superfast,CSTM,Mumbai CSMT,MAS,Chennai Central,2026-07-19,10:30,0,On Time,No Delay,792,100,18,Fog,38,389,43,Medium,1,1,1,6,Notify station control
2510,12554,Jan Shatabdi,GKP,Gorakhpur,HWH,Howrah Junction,2026-02-06,23:15,0,On Time,No Delay,1241,88,8,Clear,28,3735,26,Low,0,0,0,2,Monitor
2511,14592,Duronto,ADI,Ahmedabad Junction,CNB,Kanpur Central,2026-07-06,22:45,0,On Time,No Delay,1599,37,6,Fog,23,435,28,Low,0,1,0,10,Monitor
2512,13014,Garib Rath,ADI,Ahmedabad Junction,SBC,KSR Bengaluru City,2026-01-05,16:00,75,Delayed,Maintenance Work,1615,72,2,Clear,18,3667,50,Medium,0,1,1,84,Notify station control
2513,12081,Express,BCT,Mumbai Central,NGP,Nagpur Junction,2026-06-13,08:00,0,On Time,No Delay,740,79,14,Fog,14,265,41,Medium,0,0,0,7,Notify station control
2514,14571,Express,BPL,Bhopal Junction,MAS,Chennai Central,2026-08-05,20:15,0,On Time,No Delay,488,87,4,Clear,25,1744,28,Low,0,0,0,2,Monitor
2515,13106,Garib Rath,BPL,Bhopal Junction,ALD,Prayagraj Junction,2026-03-09,01:30,35,At Risk,Technical Fault,975,100,5,Cloudy,40,4327,45,Medium,1,1,0,39,Notify station control
2516,12198,Intercity,CNB,Kanpur Central,PUNE,Pune Junction,2026-08-12,20:15,999,Cancelled,Weather,188,85,9,Storm,25,8997,100,Critical,0,0,1,999,Escalate to operations command
2517,12165,Express,SBC,KSR Bengaluru City,JP,Jaipur Junction,2026-09-12,18:00,0,On Time,No Delay,1331,87,8,Clear,21,5779,28,Low,0,0,0,6,Monitor
2518,14434,Vande Bharat,PNBE,Patna Junction,SDAH,Sealdah,2026-08-23,06:15,90,Delayed,Platform Change,1367,35,18,Clear,15,1017,54,Medium,0,0,1,96,Notify station control
2519,14180,Duronto,PNBE,Patna Junction,NDLS,New Delhi,2026-01-11,13:45,0,On Time,No Delay,1363,75,9,Clear,28,6366,22,Low,0,0,0,0,Monitor
2520,14377,Sampark Kranti,CNB,Kanpur Central,LKO,Lucknow Charbagh,2026-03-10,05:00,8,Delayed,Congestion,1275,74,13,Cloudy,41,9978,29,Low,0,0,0,7,Monitor
2521,12008,Intercity,ADI,Ahmedabad Junction,PUNE,Pune Junction,2026-06-19,02:00,0,On Time,No Delay,395,94,16,Clear,40,1950,34,Low,0,1,0,2,Monitor
2522,12120,Jan Shatabdi,JP,Jaipur Junction,SDAH,Sealdah,2026-03-21,09:30,0,On Time,No Delay,475,55,7,Clear,19,9373,21,Low,0,0,0,0,Monitor
2523,12434,Sampark Kranti,JP,Jaipur Junction,SDAH,Sealdah,2026-09-20,05:15,0,On Time,No Delay,225,89,2,Clear,14,746,26,Low,0,0,1,1,Monitor
2524,13008,Sampark Kranti,ADI,Ahmedabad Junction,PUNE,Pune Junction,2026-08-14,05:30,12,At Risk,Crew Delay,867,94,8,Rain,38,2950,37,Low,0,1,0,17,Monitor
2525,14095,Express,PNBE,Patna Junction,ADI,Ahmedabad Junction,2026-05-01,17:15,35,At Risk,Late Incoming Train,1723,100,15,Clear,28,9803,45,Medium,0,1,0,36,Notify station control
2526,12177,Rajdhani,NDLS,New Delhi,BBS,Bhubaneswar,2026-07-16,23:15,0,On Time,No Delay,666,69,13,Heatwave,15,2411,25,Low,0,0,0,1,Monitor
2527,14296,Vande Bharat,NGP,Nagpur Junction,CSTM,Mumbai CSMT,2026-09-05,02:30,15,Delayed,Late Incoming Train,1351,59,15,Clear,20,9211,31,Low,0,0,0,15,Monitor
2528,14621,Duronto,NGP,Nagpur Junction,MAS,Chennai Central,2026-03-24,05:15,0,On Time,No Delay,1265,79,8,Clear,20,8853,30,Low,0,0,0,0,Monitor
2529,13219,Express,LKO,Lucknow Charbagh,NDLS,New Delhi,2026-03-09,11:45,35,Delayed,Signal Failure,1652,55,10,Heatwave,16,3114,33,Low,0,1,0,40,Monitor
2530,14386,Sampark Kranti,VSKP,Visakhapatnam,NDLS,New Delhi,2026-04-21,14:30,0,On Time,No Delay,1608,35,12,Rain,15,4880,16,Low,1,1,0,0,Monitor
2531,12644,Jan Shatabdi,HWH,Howrah Junction,BPL,Bhopal Junction,2026-01-19,20:30,25,At Risk,Late Incoming Train,1095,40,12,Clear,39,1605,30,Low,0,0,0,20,Monitor
2532,14247,Sampark Kranti,LKO,Lucknow Charbagh,GKP,Gorakhpur,2026-01-01,15:00,0,On Time,No Delay,559,74,12,Cloudy,39,8115,23,Low,0,0,0,2,Monitor
2533,12272,Intercity,ALD,Prayagraj Junction,NGP,Nagpur Junction,2026-06-02,17:45,35,Delayed,Weather,986,70,12,Cloudy,19,1905,36,Low,0,0,1,37,Monitor
2534,12459,Rajdhani,GKP,Gorakhpur,SDAH,Sealdah,2026-06-24,13:15,40,At Risk,Weather,1480,64,9,Fog,42,720,47,Medium,0,0,0,38,Notify station control
2535,12455,Intercity,JP,Jaipur Junction,CSTM,Mumbai CSMT,2026-03-27,09:30,5,Delayed,Weather,281,74,10,Heavy Rain,29,880,38,Low,0,0,0,6,Monitor
2536,12056,Superfast,SBC,KSR Bengaluru City,SDAH,Sealdah,2026-04-16,02:30,0,On Time,No Delay,640,56,5,Rain,27,1400,20,Low,0,0,0,2,Monitor
2537,12616,Rajdhani,SDAH,Sealdah,JP,Jaipur Junction,2026-03-24,12:30,40,Delayed,Platform Change,1272,76,12,Rain,21,1578,44,Medium,0,0,0,40,Notify station control
2538,12957,Jan Shatabdi,GKP,Gorakhpur,VSKP,Visakhapatnam,2026-08-22,23:00,75,Delayed,Platform Change,774,100,10,Clear,19,8594,60,Medium,0,1,1,77,Notify station control
2539,12295,Rajdhani,VSKP,Visakhapatnam,ALD,Prayagraj Junction,2026-05-23,18:00,8,At Risk,Weather,773,73,13,Clear,33,5171,26,Low,0,0,1,6,Monitor
2540,12875,Shatabdi,NDLS,New Delhi,JP,Jaipur Junction,2026-04-01,22:45,8,At Risk,Crew Delay,1588,75,3,Clear,37,5107,30,Low,0,1,0,8,Monitor
2541,12811,Duronto,JP,Jaipur Junction,BCT,Mumbai Central,2026-04-03,11:45,0,On Time,No Delay,1554,89,7,Cloudy,16,778,33,Low,0,1,0,6,Monitor
2542,12150,Intercity,ALD,Prayagraj Junction,LKO,Lucknow Charbagh,2026-06-13,00:30,0,On Time,No Delay,912,57,4,Clear,22,2200,20,Low,0,0,0,2,Monitor
2543,12459,Express,HWH,Howrah Junction,JP,Jaipur Junction,2026-03-28,23:45,0,On Time,No Delay,881,79,4,Clear,17,5787,24,Low,0,0,1,0,Monitor
2544,12697,Superfast,HWH,Howrah Junction,JP,Jaipur Junction,2026-06-12,06:00,30,Delayed,Platform Change,395,57,14,Clear,44,5634,29,Low,0,0,0,33,Monitor
2545,12664,Shatabdi,BCT,Mumbai Central,PNBE,Patna Junction,2026-01-24,19:45,0,On Time,No Delay,477,74,10,Clear,24,3196,25,Low,1,0,1,0,Monitor
2546,13099,Vande Bharat,GKP,Gorakhpur,SDAH,Sealdah,2026-01-01,19:00,75,At Risk,Signal Failure,1372,79,8,Clear,39,1518,59,Medium,0,0,1,73,Notify station control
2547,12376,Duronto,MAS,Chennai Central,BBS,Bhubaneswar,2026-05-23,10:00,18,Delayed,Maintenance Work,806,74,9,Cloudy,33,2757,36,Low,0,0,0,24,Monitor
2548,14034,Duronto,SDAH,Sealdah,NGP,Nagpur Junction,2026-02-25,05:15,75,Delayed,Platform Change,1075,62,9,Cloudy,31,1324,48,Medium,0,0,1,71,Notify station control
2549,12825,Rajdhani,VSKP,Visakhapatnam,SDAH,Sealdah,2026-03-09,01:15,120,At Risk,Late Incoming Train,658,67,17,Cloudy,16,489,70,High,1,0,1,115,Reallocate platform and crew
2550,12725,Shatabdi,CNB,Kanpur Central,CSTM,Mumbai CSMT,2026-02-27,22:45,0,Completed,No Delay,545,61,2,Cloudy,31,3253,25,Low,0,0,1,2,Monitor
2551,12258,Duronto,MAS,Chennai Central,NDLS,New Delhi,2026-02-28,00:30,40,Delayed,Technical Fault,961,57,2,Rain,42,9511,41,Medium,1,0,0,48,Notify station control
2552,14604,Sampark Kranti,NDLS,New Delhi,ADI,Ahmedabad Junction,2026-04-26,06:15,0,On Time,No Delay,1157,51,13,Rain,42,8220,18,Low,0,0,1,8,Monitor
2553,12151,Intercity,GKP,Gorakhpur,CNB,Kanpur Central,2026-04-02,13:15,120,At Risk,Congestion,905,97,2,Clear,24,1097,79,High,1,1,1,116,Reallocate platform and crew
2554,14598,Jan Shatabdi,CNB,Kanpur Central,BCT,Mumbai Central,2026-05-07,13:00,45,At Risk,Weather,1062,78,10,Storm,23,1575,57,Medium,0,0,0,49,Notify station control
2555,13102,Duronto,BPL,Bhopal Junction,BCT,Mumbai Central,2026-09-09,19:00,8,Delayed,Track Obstruction,1370,91,4,Clear,37,5387,35,Low,1,1,1,9,Monitor
2556,12258,Express,PUNE,Pune Junction,SDAH,Sealdah,2026-06-01,22:00,0,On Time,No Delay,1604,90,3,Fog,17,865,42,Medium,0,1,0,8,Notify station control
2557,14244,Vande Bharat,ADI,Ahmedabad Junction,SBC,KSR Bengaluru City,2026-09-13,01:15,12,At Risk,Maintenance Work,905,62,5,Clear,42,3205,29,Low,0,0,0,17,Monitor
2558,12655,Express,GKP,Gorakhpur,BCT,Mumbai Central,2026-06-08,08:45,0,On Time,No Delay,917,58,13,Clear,29,6316,26,Low,0,0,0,1,Monitor
2559,14618,Express,JP,Jaipur Junction,SBC,KSR Bengaluru City,2026-01-08,20:15,0,On Time,No Delay,296,71,1,Clear,20,8370,26,Low,0,0,0,0,Monitor
2560,12431,Garib Rath,NDLS,New Delhi,ALD,Prayagraj Junction,2026-09-26,11:00,999,Cancelled,Signal Failure,1361,77,15,Clear,25,8312,100,Critical,1,0,1,999,Escalate to operations command
2561,12273,Rajdhani,BPL,Bhopal Junction,NGP,Nagpur Junction,2026-03-05,22:15,60,Delayed,Weather,1407,86,10,Clear,37,6831,54,Medium,0,0,1,57,Notify station control
2562,12456,Shatabdi,VSKP,Visakhapatnam,BBS,Bhubaneswar,2026-07-12,23:30,0,On Time,No Delay,1507,79,2,Clear,19,6551,23,Low,1,1,0,0,Monitor
2563,12291,Jan Shatabdi,GKP,Gorakhpur,SDAH,Sealdah,2026-06-07,19:00,60,Delayed,Platform Change,692,90,7,Cloudy,41,3445,55,Medium,0,1,1,69,Notify station control
2564,12530,Jan Shatabdi,ALD,Prayagraj Junction,BCT,Mumbai Central,2026-07-25,20:00,0,On Time,No Delay,352,61,10,Clear,23,4478,21,Low,0,0,0,2,Monitor
2565,14343,Express,KOTA,Kota Junction,BCT,Mumbai Central,2026-01-01,05:30,0,On Time,No Delay,1138,63,7,Heavy Rain,17,8961,38,Low,0,0,0,1,Monitor
2566,14269,Superfast,GKP,Gorakhpur,MAS,Chennai Central,2026-08-13,23:00,0,On Time,No Delay,998,66,3,Clear,24,1436,27,Low,0,0,1,0,Monitor
2567,12112,Rajdhani,PNBE,Patna Junction,NGP,Nagpur Junction,2026-07-12,17:15,0,On Time,No Delay,829,55,17,Heatwave,35,2922,24,Low,0,0,0,4,Monitor
2568,14443,Garib Rath,GKP,Gorakhpur,SBC,KSR Bengaluru City,2026-04-17,06:30,8,At Risk,Weather,1658,75,10,Cloudy,34,5817,25,Low,1,1,1,10,Monitor
2569,14697,Rajdhani,BPL,Bhopal Junction,NGP,Nagpur Junction,2026-02-12,21:15,30,Delayed,Late Incoming Train,981,84,13,Clear,39,5718,38,Low,1,0,0,30,Monitor
2570,12060,Sampark Kranti,NDLS,New Delhi,PNBE,Patna Junction,2026-06-02,16:15,12,At Risk,Weather,1624,75,17,Cloudy,36,8429,31,Low,0,1,0,20,Monitor
2571,13010,Duronto,PUNE,Pune Junction,JP,Jaipur Junction,2026-05-05,11:00,15,Delayed,Weather,890,75,7,Cloudy,20,8429,33,Low,0,0,1,13,Monitor
2572,12768,Duronto,VSKP,Visakhapatnam,JP,Jaipur Junction,2026-06-11,00:00,0,On Time,No Delay,908,82,2,Clear,34,1209,28,Low,0,0,1,8,Monitor
2573,13062,Intercity,LKO,Lucknow Charbagh,SBC,KSR Bengaluru City,2026-02-27,13:15,25,At Risk,Maintenance Work,607,79,9,Clear,19,4448,37,Low,0,0,0,28,Monitor
2574,14054,Shatabdi,SDAH,Sealdah,CNB,Kanpur Central,2026-09-06,22:45,18,Delayed,Weather,1516,90,8,Storm,27,5243,50,Medium,0,1,1,23,Notify station control
2575,14226,Rajdhani,CNB,Kanpur Central,PNBE,Patna Junction,2026-03-11,13:15,10,At Risk,Platform Change,240,95,3,Clear,33,6490,34,Low,0,1,0,5,Monitor
2576,12458,Jan Shatabdi,LKO,Lucknow Charbagh,VSKP,Visakhapatnam,2026-03-08,09:45,0,On Time,No Delay,1320,86,16,Heavy Rain,29,8140,40,Medium,0,0,0,5,Notify station control
2577,13115,Vande Bharat,HWH,Howrah Junction,LKO,Lucknow Charbagh,2026-07-16,11:45,5,Delayed,Weather,1506,79,12,Heavy Rain,39,7370,40,Medium,1,1,0,5,Notify station control
2578,13198,Garib Rath,MAS,Chennai Central,BBS,Bhubaneswar,2026-06-20,11:30,0,On Time,No Delay,208,60,8,Fog,38,392,36,Low,1,0,1,2,Monitor
2579,12981,Duronto,PUNE,Pune Junction,NGP,Nagpur Junction,2026-01-03,17:45,0,On Time,No Delay,1364,75,9,Clear,42,4559,27,Low,0,0,0,7,Monitor
2580,14108,Garib Rath,BPL,Bhopal Junction,MAS,Chennai Central,2026-04-01,04:45,40,At Risk,Technical Fault,1243,79,15,Heatwave,16,6086,45,Medium,0,0,0,42,Notify station control
2581,13040,Garib Rath,PUNE,Pune Junction,GKP,Gorakhpur,2026-09-17,12:00,18,At Risk,Weather,499,39,9,Heavy Rain,40,9075,39,Low,0,0,1,13,Monitor
2582,13226,Garib Rath,ALD,Prayagraj Junction,VSKP,Visakhapatnam,2026-09-15,06:45,0,Completed,No Delay,519,43,10,Clear,28,7924,15,Low,0,0,1,0,Monitor
2583,13053,Shatabdi,ALD,Prayagraj Junction,CSTM,Mumbai CSMT,2026-02-10,00:15,60,At Risk,Maintenance Work,613,63,3,Clear,21,8943,48,Medium,0,0,1,70,Notify station control
2584,12351,Intercity,CSTM,Mumbai CSMT,KOTA,Kota Junction,2026-08-13,05:00,0,On Time,No Delay,426,87,14,Heavy Rain,19,5390,44,Medium,1,0,1,7,Notify station control
2585,12540,Express,PNBE,Patna Junction,SDAH,Sealdah,2026-08-03,20:30,18,Delayed,Maintenance Work,1009,57,18,Clear,27,7508,25,Low,0,0,1,27,Monitor
2586,13159,Sampark Kranti,PNBE,Patna Junction,KOTA,Kota Junction,2026-05-25,02:15,0,On Time,No Delay,938,50,6,Cloudy,20,5468,17,Low,0,0,0,0,Monitor
2587,12844,Garib Rath,VSKP,Visakhapatnam,PUNE,Pune Junction,2026-06-03,14:00,0,On Time,No Delay,1728,80,11,Clear,30,3342,31,Low,0,1,0,0,Monitor
2588,14104,Intercity,KOTA,Kota Junction,NDLS,New Delhi,2026-04-18,06:15,75,Delayed,Weather,419,79,7,Storm,17,6709,71,High,0,0,1,79,Reallocate platform and crew
2589,12545,Superfast,BPL,Bhopal Junction,JP,Jaipur Junction,2026-06-10,22:45,0,Completed,No Delay,918,76,6,Fog,40,830,35,Low,0,0,0,0,Monitor
2590,14609,Garib Rath,VSKP,Visakhapatnam,LKO,Lucknow Charbagh,2026-07-18,21:15,45,Delayed,Weather,1145,99,2,Fog,21,177,63,Medium,0,1,0,55,Notify station control
2591,12624,Rajdhani,CNB,Kanpur Central,GKP,Gorakhpur,2026-07-17,13:15,0,On Time,No Delay,623,69,7,Clear,39,6788,29,Low,1,0,0,10,Monitor
2592,12993,Garib Rath,NGP,Nagpur Junction,JP,Jaipur Junction,2026-04-19,04:00,999,Cancelled,Platform Change,577,88,5,Clear,39,7058,100,Critical,0,0,1,999,Escalate to operations command
2593,12818,Sampark Kranti,BPL,Bhopal Junction,NDLS,New Delhi,2026-07-20,21:45,0,On Time,No Delay,467,76,6,Cloudy,22,7621,25,Low,0,0,0,1,Monitor
2594,12174,Sampark Kranti,ALD,Prayagraj Junction,MAS,Chennai Central,2026-01-04,11:00,120,At Risk,Track Obstruction,373,69,5,Clear,43,603,67,High,0,0,1,119,Reallocate platform and crew
2595,12963,Intercity,CNB,Kanpur Central,BPL,Bhopal Junction,2026-01-28,10:30,0,On Time,No Delay,1720,95,13,Cloudy,30,864,29,Low,0,1,0,0,Monitor
2596,12011,Vande Bharat,NGP,Nagpur Junction,ALD,Prayagraj Junction,2026-05-07,05:00,0,On Time,No Delay,741,83,7,Fog,43,326,40,Medium,0,0,1,0,Notify station control
2597,13135,Sampark Kranti,HWH,Howrah Junction,SDAH,Sealdah,2026-01-20,02:15,0,On Time,No Delay,1522,71,3,Cloudy,38,8065,27,Low,1,1,1,0,Monitor
2598,12263,Intercity,BPL,Bhopal Junction,JP,Jaipur Junction,2026-07-01,18:00,0,On Time,No Delay,443,69,1,Rain,43,6339,26,Low,1,0,0,4,Monitor
2599,14302,Shatabdi,CSTM,Mumbai CSMT,VSKP,Visakhapatnam,2026-04-05,01:00,40,At Risk,Crew Delay,1699,57,10,Heatwave,20,5205,36,Low,0,1,1,41,Monitor
2600,12115,Superfast,GKP,Gorakhpur,NGP,Nagpur Junction,2026-05-22,17:00,0,On Time,No Delay,1471,86,1,Clear,25,3911,26,Low,0,0,0,6,Monitor
2601,12134,Intercity,JP,Jaipur Junction,PNBE,Patna Junction,2026-01-27,10:45,0,On Time,No Delay,856,57,4,Fog,35,494,35,Low,0,0,0,1,Monitor
2602,12282,Sampark Kranti,JP,Jaipur Junction,HWH,Howrah Junction,2026-08-15,21:00,0,On Time,No Delay,381,100,1,Clear,21,8706,34,Low,0,1,1,0,Monitor
2603,12410,Jan Shatabdi,KOTA,Kota Junction,CNB,Kanpur Central,2026-01-26,16:15,0,Completed,No Delay,1212,84,2,Clear,22,3398,30,Low,0,0,0,3,Monitor
2604,13062,Jan Shatabdi,LKO,Lucknow Charbagh,GKP,Gorakhpur,2026-06-18,17:45,8,At Risk,Signal Failure,618,64,15,Clear,29,3677,29,Low,0,0,0,5,Monitor
2605,14346,Vande Bharat,GKP,Gorakhpur,JP,Jaipur Junction,2026-01-11,01:00,90,Delayed,Maintenance Work,1308,84,1,Clear,37,6019,65,High,0,0,1,88,Reallocate platform and crew
2606,12791,Intercity,ALD,Prayagraj Junction,HWH,Howrah Junction,2026-03-22,06:30,0,On Time,No Delay,184,80,2,Fog,44,362,40,Medium,0,0,0,6,Notify station control
2607,12093,Sampark Kranti,PNBE,Patna Junction,HWH,Howrah Junction,2026-05-09,03:15,0,On Time,No Delay,831,70,13,Clear,18,5595,29,Low,0,0,0,6,Monitor
2608,14108,Shatabdi,GKP,Gorakhpur,ALD,Prayagraj Junction,2026-07-04,03:00,0,Completed,No Delay,570,86,5,Clear,17,5761,26,Low,0,0,1,3,Monitor
2609,12721,Garib Rath,JP,Jaipur Junction,ALD,Prayagraj Junction,2026-09-03,22:00,8,At Risk,Congestion,1730,90,3,Cloudy,18,2322,32,Low,1,1,0,16,Monitor
2610,12222,Vande Bharat,NDLS,New Delhi,HWH,Howrah Junction,2026-07-21,14:15,0,On Time,No Delay,431,92,14,Rain,28,9797,34,Low,0,1,0,7,Monitor
2611,14494,Vande Bharat,MAS,Chennai Central,ADI,Ahmedabad Junction,2026-06-07,16:00,0,On Time,No Delay,780,76,6,Clear,19,8578,22,Low,0,0,0,10,Monitor
2612,12079,Garib Rath,LKO,Lucknow Charbagh,BPL,Bhopal Junction,2026-03-03,00:45,0,On Time,No Delay,1072,88,18,Cloudy,21,6808,27,Low,0,0,1,5,Monitor
2613,12916,Rajdhani,MAS,Chennai Central,BBS,Bhubaneswar,2026-09-10,18:30,45,At Risk,Congestion,1697,46,17,Cloudy,37,1677,35,Low,0,1,0,50,Monitor
2614,14655,Garib Rath,CNB,Kanpur Central,MAS,Chennai Central,2026-09-16,20:15,0,On Time,No Delay,462,83,4,Clear,29,3548,25,Low,0,0,0,4,Monitor
2615,12185,Duronto,GKP,Gorakhpur,ALD,Prayagraj Junction,2026-03-02,09:30,0,On Time,No Delay,335,65,6,Clear,26,5450,27,Low,0,0,0,0,Monitor
2616,12332,Shatabdi,BBS,Bhubaneswar,ALD,Prayagraj Junction,2026-03-09,02:15,0,On Time,No Delay,957,62,5,Storm,37,6409,33,Low,0,0,0,0,Monitor
2617,12315,Vande Bharat,NDLS,New Delhi,BCT,Mumbai Central,2026-03-24,04:45,0,On Time,No Delay,809,80,15,Clear,34,8133,28,Low,0,0,0,0,Monitor
2618,12455,Rajdhani,BBS,Bhubaneswar,NDLS,New Delhi,2026-07-22,18:45,90,At Risk,Maintenance Work,1434,87,17,Clear,43,7670,65,High,0,0,1,90,Reallocate platform and crew
2619,12228,Superfast,JP,Jaipur Junction,CSTM,Mumbai CSMT,2026-04-19,13:00,0,On Time,No Delay,1069,80,13,Clear,28,3050,30,Low,0,0,0,9,Monitor
2620,12314,Sampark Kranti,BCT,Mumbai Central,BBS,Bhubaneswar,2026-08-27,00:30,120,At Risk,Congestion,1480,55,6,Clear,18,1045,63,Medium,0,0,1,117,Notify station control
2621,13173,Vande Bharat,SDAH,Sealdah,MAS,Chennai Central,2026-07-24,19:45,0,On Time,No Delay,463,80,10,Rain,21,3776,24,Low,0,0,1,8,Monitor
2622,14075,Express,JP,Jaipur Junction,LKO,Lucknow Charbagh,2026-06-16,17:45,0,On Time,No Delay,1416,94,17,Clear,39,9803,30,Low,0,1,0,0,Monitor
2623,14508,Vande Bharat,SDAH,Sealdah,ADI,Ahmedabad Junction,2026-09-18,23:30,40,Delayed,Late Incoming Train,1000,91,5,Cloudy,20,6906,49,Medium,0,1,0,40,Notify station control
2624,12658,Shatabdi,BPL,Bhopal Junction,KOTA,Kota Junction,2026-02-27,15:30,90,At Risk,Maintenance Work,889,76,1,Cloudy,30,677,59,Medium,0,0,1,99,Notify station control
2625,12108,Duronto,JP,Jaipur Junction,ADI,Ahmedabad Junction,2026-05-10,17:45,30,At Risk,Weather,528,70,15,Heavy Rain,33,3656,48,Medium,0,0,0,37,Notify station control
2626,12369,Jan Shatabdi,VSKP,Visakhapatnam,HWH,Howrah Junction,2026-08-10,18:45,0,On Time,No Delay,525,100,16,Clear,36,7517,34,Low,0,1,1,2,Monitor
2627,12948,Duronto,VSKP,Visakhapatnam,ALD,Prayagraj Junction,2026-06-28,09:00,25,Delayed,Crew Delay,1495,71,17,Rain,40,8819,31,Low,0,0,1,30,Monitor
2628,12881,Superfast,SBC,KSR Bengaluru City,CNB,Kanpur Central,2026-01-27,09:30,0,On Time,No Delay,1115,70,1,Clear,37,7841,26,Low,0,0,1,0,Monitor
2629,12003,Shatabdi,LKO,Lucknow Charbagh,SBC,KSR Bengaluru City,2026-07-15,22:15,12,Delayed,Weather,393,81,12,Heavy Rain,32,3173,41,Medium,1,0,0,12,Notify station control
2630,13147,Superfast,ADI,Ahmedabad Junction,BCT,Mumbai Central,2026-07-10,04:30,18,At Risk,Track Obstruction,1200,83,16,Clear,23,9012,34,Low,0,0,0,26,Monitor
2631,12920,Jan Shatabdi,SBC,KSR Bengaluru City,BBS,Bhubaneswar,2026-07-11,05:00,15,At Risk,Technical Fault,285,75,10,Clear,42,9652,31,Low,1,0,0,11,Monitor
2632,14360,Intercity,HWH,Howrah Junction,JP,Jaipur Junction,2026-03-04,23:30,0,On Time,No Delay,654,77,15,Clear,19,6426,23,Low,1,0,0,0,Monitor
2633,12508,Superfast,BPL,Bhopal Junction,SBC,KSR Bengaluru City,2026-06-05,06:45,75,At Risk,Signal Failure,992,87,4,Rain,35,5801,58,Medium,0,0,1,78,Notify station control
2634,12810,Shatabdi,ADI,Ahmedabad Junction,KOTA,Kota Junction,2026-01-10,01:45,999,Cancelled,Weather,247,66,18,Heavy Rain,32,6448,100,Critical,0,0,1,999,Escalate to operations command
2635,12513,Superfast,SDAH,Sealdah,ADI,Ahmedabad Junction,2026-09-14,11:15,0,On Time,No Delay,1134,67,16,Storm,32,3229,37,Low,0,0,0,8,Monitor
2636,12635,Duronto,CSTM,Mumbai CSMT,JP,Jaipur Junction,2026-03-06,04:45,0,On Time,No Delay,275,94,10,Cloudy,20,1588,34,Low,0,1,1,0,Monitor
2637,14373,Vande Bharat,ADI,Ahmedabad Junction,CNB,Kanpur Central,2026-04-17,16:00,120,At Risk,Technical Fault,1287,75,16,Heatwave,38,6720,74,High,1,0,1,130,Reallocate platform and crew
2638,12227,Rajdhani,HWH,Howrah Junction,SDAH,Sealdah,2026-08-11,01:30,18,Delayed,Technical Fault,605,72,17,Rain,21,6265,30,Low,0,0,1,17,Monitor
2639,12051,Vande Bharat,JP,Jaipur Junction,ALD,Prayagraj Junction,2026-06-21,09:15,30,Delayed,Platform Change,1304,75,4,Clear,43,3074,37,Low,0,0,0,28,Monitor
2640,12726,Sampark Kranti,VSKP,Visakhapatnam,KOTA,Kota Junction,2026-07-03,01:15,8,Delayed,Weather,1552,79,13,Clear,16,6616,32,Low,0,1,1,4,Monitor
2641,13134,Garib Rath,KOTA,Kota Junction,NGP,Nagpur Junction,2026-06-01,06:30,0,On Time,No Delay,1731,78,15,Rain,41,842,24,Low,0,1,0,8,Monitor
2642,12758,Duronto,NGP,Nagpur Junction,MAS,Chennai Central,2026-09-25,11:00,0,Completed,No Delay,1547,66,9,Clear,38,5632,27,Low,0,1,0,7,Monitor
2643,14505,Intercity,CSTM,Mumbai CSMT,KOTA,Kota Junction,2026-09-11,03:15,0,On Time,No Delay,661,80,13,Clear,29,1467,30,Low,0,0,1,0,Monitor
2644,14123,Sampark Kranti,CNB,Kanpur Central,MAS,Chennai Central,2026-02-18,14:30,0,On Time,No Delay,465,84,5,Cloudy,18,2627,28,Low,1,0,0,2,Monitor
2645,12263,Intercity,BBS,Bhubaneswar,BPL,Bhopal Junction,2026-01-16,18:15,0,On Time,No Delay,507,61,12,Cloudy,40,8832,26,Low,0,0,1,2,Monitor
2646,12166,Vande Bharat,PUNE,Pune Junction,LKO,Lucknow Charbagh,2026-07-21,16:00,20,At Risk,Crew Delay,983,49,4,Cloudy,25,9742,25,Low,0,0,1,27,Monitor
2647,14276,Superfast,ALD,Prayagraj Junction,NDLS,New Delhi,2026-05-16,00:15,0,On Time,No Delay,231,100,16,Clear,25,521,34,Low,0,1,0,1,Monitor
2648,12729,Express,ALD,Prayagraj Junction,BCT,Mumbai Central,2026-03-21,04:45,30,At Risk,Track Obstruction,622,84,16,Clear,23,7665,43,Medium,1,0,0,30,Notify station control
2649,14542,Garib Rath,PNBE,Patna Junction,ADI,Ahmedabad Junction,2026-01-22,15:15,0,On Time,No Delay,1698,90,8,Fog,44,484,45,Medium,0,1,0,1,Notify station control
2650,14645,Sampark Kranti,PNBE,Patna Junction,CSTM,Mumbai CSMT,2026-01-20,06:15,75,Delayed,Late Incoming Train,232,61,17,Heatwave,40,804,52,Medium,0,0,1,71,Notify station control
2651,14119,Garib Rath,BPL,Bhopal Junction,MAS,Chennai Central,2026-03-05,03:30,40,At Risk,Weather,1171,68,13,Fog,29,318,55,Medium,0,0,0,39,Notify station control
2652,12441,Rajdhani,CNB,Kanpur Central,PUNE,Pune Junction,2026-02-23,21:45,60,At Risk,Crew Delay,1771,84,6,Cloudy,32,7551,49,Medium,0,1,1,66,Notify station control
2653,14001,Jan Shatabdi,LKO,Lucknow Charbagh,CSTM,Mumbai CSMT,2026-06-27,14:30,0,On Time,No Delay,786,89,4,Heavy Rain,21,3565,43,Medium,0,0,0,8,Notify station control
2654,13251,Garib Rath,SDAH,Sealdah,KOTA,Kota Junction,2026-08-05,06:00,999,Cancelled,Track Obstruction,1228,53,3,Clear,20,2505,100,Critical,0,0,1,999,Escalate to operations command
2655,14434,Intercity,GKP,Gorakhpur,CSTM,Mumbai CSMT,2026-07-21,11:30,0,On Time,No Delay,291,81,14,Clear,32,8632,27,Low,0,0,1,0,Monitor
2656,12277,Intercity,KOTA,Kota Junction,GKP,Gorakhpur,2026-05-19,22:30,0,Completed,No Delay,1086,41,13,Clear,15,3311,15,Low,0,0,0,1,Monitor
2657,12758,Rajdhani,HWH,Howrah Junction,LKO,Lucknow Charbagh,2026-08-25,08:30,20,At Risk,Weather,497,73,14,Fog,18,520,43,Medium,0,0,1,18,Notify station control
2658,12413,Duronto,SDAH,Sealdah,SBC,KSR Bengaluru City,2026-08-07,03:45,15,Delayed,Weather,1647,82,16,Storm,20,8708,42,Medium,0,1,0,10,Notify station control
2659,12185,Duronto,LKO,Lucknow Charbagh,HWH,Howrah Junction,2026-04-24,10:00,45,Delayed,Late Incoming Train,849,100,8,Cloudy,19,8065,46,Medium,0,1,0,40,Notify station control
2660,14094,Vande Bharat,SBC,KSR Bengaluru City,CNB,Kanpur Central,2026-04-25,11:30,0,Completed,No Delay,641,78,3,Rain,36,7500,23,Low,0,0,0,0,Monitor
2661,13134,Vande Bharat,VSKP,Visakhapatnam,CSTM,Mumbai CSMT,2026-03-02,12:15,0,On Time,No Delay,1216,84,10,Cloudy,17,8242,32,Low,1,0,0,8,Monitor
2662,12844,Jan Shatabdi,GKP,Gorakhpur,KOTA,Kota Junction,2026-07-24,05:30,18,Delayed,Weather,889,72,15,Heatwave,17,9420,32,Low,1,0,0,16,Monitor
2663,12339,Superfast,JP,Jaipur Junction,SBC,KSR Bengaluru City,2026-02-14,03:45,0,On Time,No Delay,384,86,14,Clear,17,3954,29,Low,0,0,1,9,Monitor
2664,12831,Vande Bharat,NDLS,New Delhi,CNB,Kanpur Central,2026-07-20,11:15,5,Delayed,Crew Delay,963,100,16,Cloudy,16,2381,35,Low,0,1,0,8,Monitor
2665,12359,Jan Shatabdi,CSTM,Mumbai CSMT,SBC,KSR Bengaluru City,2026-09-14,05:15,35,At Risk,Weather,1453,77,14,Fog,28,224,56,Medium,0,0,0,31,Notify station control
2666,13257,Jan Shatabdi,CSTM,Mumbai CSMT,SDAH,Sealdah,2026-03-21,11:30,0,Completed,No Delay,822,67,18,Cloudy,26,4524,25,Low,0,0,0,3,Monitor
2667,14143,Superfast,PUNE,Pune Junction,HWH,Howrah Junction,2026-07-16,10:30,30,At Risk,Track Obstruction,1069,93,18,Clear,41,4754,38,Low,1,1,0,32,Monitor
2668,14076,Rajdhani,CNB,Kanpur Central,BBS,Bhubaneswar,2026-04-17,10:30,10,Delayed,Congestion,1531,91,2,Clear,33,6077,34,Low,0,1,0,11,Monitor
2669,14324,Vande Bharat,MAS,Chennai Central,ALD,Prayagraj Junction,2026-02-28,19:45,0,On Time,No Delay,1445,64,17,Clear,20,5357,21,Low,1,0,0,6,Monitor
2670,12766,Superfast,VSKP,Visakhapatnam,NGP,Nagpur Junction,2026-04-14,12:15,60,Delayed,Technical Fault,470,65,11,Rain,36,4719,44,Medium,1,0,1,70,Notify station control
2671,12310,Express,PNBE,Patna Junction,BBS,Bhubaneswar,2026-09-20,10:15,75,At Risk,Crew Delay,1484,62,12,Clear,20,4712,50,Medium,0,0,1,71,Notify station control
2672,14453,Vande Bharat,KOTA,Kota Junction,ADI,Ahmedabad Junction,2026-04-23,19:30,8,At Risk,Maintenance Work,1621,97,5,Cloudy,30,5764,34,Low,0,1,1,11,Monitor
2673,12973,Shatabdi,PUNE,Pune Junction,CSTM,Mumbai CSMT,2026-03-18,11:45,0,On Time,No Delay,909,75,2,Heatwave,32,6876,26,Low,0,0,0,7,Monitor
2674,12903,Superfast,ADI,Ahmedabad Junction,BCT,Mumbai Central,2026-07-13,07:00,0,On Time,No Delay,1173,100,15,Rain,43,623,30,Low,0,1,1,6,Monitor
2675,14578,Express,VSKP,Visakhapatnam,BBS,Bhubaneswar,2026-03-27,07:30,0,On Time,No Delay,180,62,12,Rain,38,1913,25,Low,0,0,1,4,Monitor
2676,13193,Rajdhani,NGP,Nagpur Junction,HWH,Howrah Junction,2026-03-27,10:00,0,On Time,No Delay,308,68,16,Rain,15,8711,22,Low,0,0,0,0,Monitor
2677,12023,Sampark Kranti,SBC,KSR Bengaluru City,NDLS,New Delhi,2026-03-08,15:15,8,Delayed,Track Obstruction,802,45,15,Clear,19,9674,18,Low,0,0,0,14,Monitor
2678,12879,Express,KOTA,Kota Junction,NDLS,New Delhi,2026-04-07,06:15,0,On Time,No Delay,779,87,11,Rain,26,9215,28,Low,0,0,1,4,Monitor
2679,12994,Intercity,ALD,Prayagraj Junction,GKP,Gorakhpur,2026-04-02,03:45,0,On Time,No Delay,266,79,7,Cloudy,39,1169,28,Low,0,0,0,0,Monitor
2680,12885,Garib Rath,BCT,Mumbai Central,NGP,Nagpur Junction,2026-05-23,21:15,8,At Risk,Crew Delay,775,87,4,Clear,44,8251,34,Low,0,0,0,18,Monitor
2681,12371,Duronto,BCT,Mumbai Central,BBS,Bhubaneswar,2026-04-03,16:45,12,At Risk,Late Incoming Train,506,88,1,Cloudy,42,7407,36,Low,1,0,0,13,Monitor
2682,12387,Shatabdi,VSKP,Visakhapatnam,ALD,Prayagraj Junction,2026-01-25,21:15,5,Delayed,Signal Failure,495,84,8,Cloudy,43,9174,31,Low,0,0,1,7,Monitor
2683,14641,Vande Bharat,CNB,Kanpur Central,BBS,Bhubaneswar,2026-04-19,18:45,75,At Risk,Track Obstruction,322,58,12,Clear,23,7695,52,Medium,1,0,1,75,Notify station control
2684,12085,Duronto,MAS,Chennai Central,LKO,Lucknow Charbagh,2026-05-11,00:00,0,On Time,No Delay,1455,62,5,Rain,15,3994,19,Low,0,0,0,10,Monitor
2685,12680,Superfast,KOTA,Kota Junction,NDLS,New Delhi,2026-04-17,05:45,15,At Risk,Platform Change,1440,76,3,Cloudy,14,6574,36,Low,0,0,0,25,Monitor
2686,12698,Garib Rath,BPL,Bhopal Junction,LKO,Lucknow Charbagh,2026-09-12,23:30,8,Delayed,Weather,1360,89,13,Fog,26,613,46,Medium,0,0,0,8,Notify station control
2687,12201,Shatabdi,MAS,Chennai Central,NDLS,New Delhi,2026-01-15,08:00,0,Completed,No Delay,1598,96,10,Rain,23,5349,33,Low,0,1,0,4,Monitor
2688,14460,Rajdhani,CNB,Kanpur Central,HWH,Howrah Junction,2026-03-12,08:15,0,Completed,No Delay,528,65,4,Rain,37,7706,24,Low,1,0,0,5,Monitor
2689,12027,Duronto,GKP,Gorakhpur,CSTM,Mumbai CSMT,2026-03-20,10:45,0,On Time,No Delay,1660,96,5,Clear,30,1407,28,Low,1,1,1,0,Monitor
2690,12320,Intercity,LKO,Lucknow Charbagh,BPL,Bhopal Junction,2026-03-06,11:00,0,On Time,No Delay,294,82,16,Clear,38,7285,31,Low,0,0,0,1,Monitor
2691,14056,Jan Shatabdi,VSKP,Visakhapatnam,BPL,Bhopal Junction,2026-07-12,12:15,18,Delayed,Technical Fault,1181,74,7,Clear,20,5262,32,Low,0,0,0,24,Monitor
2692,12577,Superfast,CSTM,Mumbai CSMT,KOTA,Kota Junction,2026-07-28,06:45,8,At Risk,Weather,788,84,3,Cloudy,38,5191,32,Low,0,0,1,14,Monitor
2693,13154,Garib Rath,ALD,Prayagraj Junction,MAS,Chennai Central,2026-09-14,11:00,45,At Risk,Weather,1199,57,11,Cloudy,35,8437,39,Low,0,0,0,40,Monitor
2694,14694,Sampark Kranti,BPL,Bhopal Junction,BBS,Bhubaneswar,2026-06-14,16:45,0,On Time,No Delay,870,83,3,Clear,17,6428,30,Low,0,0,0,0,Monitor
2695,12555,Garib Rath,NDLS,New Delhi,LKO,Lucknow Charbagh,2026-07-08,16:15,0,On Time,No Delay,1444,57,18,Cloudy,15,5205,24,Low,0,0,0,7,Monitor
2696,12192,Garib Rath,PNBE,Patna Junction,CNB,Kanpur Central,2026-03-04,05:15,0,On Time,No Delay,1131,98,11,Clear,14,2966,28,Low,0,1,0,0,Monitor
2697,12575,Garib Rath,ALD,Prayagraj Junction,NDLS,New Delhi,2026-05-19,15:00,0,On Time,No Delay,455,87,11,Fog,44,816,38,Low,1,0,1,4,Monitor
2698,12487,Sampark Kranti,LKO,Lucknow Charbagh,HWH,Howrah Junction,2026-06-17,21:30,0,Completed,No Delay,1723,67,18,Clear,33,4238,27,Low,0,1,0,5,Monitor
2699,14076,Superfast,GKP,Gorakhpur,CSTM,Mumbai CSMT,2026-03-01,18:00,0,On Time,No Delay,1740,63,11,Clear,18,2486,24,Low,0,1,0,10,Monitor
2700,12264,Garib Rath,CSTM,Mumbai CSMT,GKP,Gorakhpur,2026-01-19,17:00,90,At Risk,Track Obstruction,430,59,3,Clear,23,7234,54,Medium,1,0,1,91,Notify station control
2701,12037,Superfast,BCT,Mumbai Central,CNB,Kanpur Central,2026-06-25,16:15,60,Delayed,Track Obstruction,1446,57,9,Cloudy,15,758,48,Medium,1,0,1,66,Notify station control
2702,13177,Garib Rath,ADI,Ahmedabad Junction,LKO,Lucknow Charbagh,2026-09-21,13:30,0,On Time,No Delay,793,49,6,Clear,14,8638,18,Low,1,0,0,0,Monitor
2703,12160,Jan Shatabdi,ADI,Ahmedabad Junction,KOTA,Kota Junction,2026-08-25,14:00,40,Delayed,Congestion,816,100,4,Clear,33,1088,49,Medium,0,1,0,41,Notify station control
2704,13285,Rajdhani,VSKP,Visakhapatnam,KOTA,Kota Junction,2026-03-27,17:30,0,Completed,No Delay,369,100,14,Rain,32,4815,29,Low,0,1,0,1,Monitor
2705,13277,Superfast,ALD,Prayagraj Junction,SBC,KSR Bengaluru City,2026-03-14,19:00,0,Completed,No Delay,1384,84,6,Heavy Rain,29,7886,43,Medium,0,0,0,0,Notify station control
2706,14587,Garib Rath,CNB,Kanpur Central,NGP,Nagpur Junction,2026-03-23,07:30,75,Delayed,Weather,1500,59,6,Fog,29,514,59,Medium,0,1,1,70,Notify station control
2707,12080,Garib Rath,CSTM,Mumbai CSMT,MAS,Chennai Central,2026-07-07,06:45,0,On Time,No Delay,1772,70,16,Cloudy,20,4574,26,Low,0,1,0,3,Monitor
2708,14389,Garib Rath,CNB,Kanpur Central,KOTA,Kota Junction,2026-02-04,23:15,10,Delayed,Late Incoming Train,1686,80,16,Clear,42,8962,32,Low,0,1,0,5,Monitor
2709,14642,Duronto,PUNE,Pune Junction,PNBE,Patna Junction,2026-09-16,19:45,0,On Time,No Delay,661,79,15,Clear,14,7923,30,Low,0,0,1,0,Monitor
2710,14363,Sampark Kranti,PUNE,Pune Junction,ADI,Ahmedabad Junction,2026-05-17,09:15,10,Delayed,Technical Fault,533,81,2,Clear,40,8614,29,Low,0,0,0,10,Monitor
2711,14663,Jan Shatabdi,LKO,Lucknow Charbagh,HWH,Howrah Junction,2026-01-23,20:15,12,At Risk,Weather,1380,71,2,Clear,39,5066,27,Low,1,0,0,17,Monitor
2712,12518,Garib Rath,PNBE,Patna Junction,JP,Jaipur Junction,2026-05-07,08:00,120,At Risk,Track Obstruction,1284,81,8,Clear,41,1867,71,High,1,0,1,130,Reallocate platform and crew
2713,13095,Express,PUNE,Pune Junction,BCT,Mumbai Central,2026-01-03,20:30,40,Delayed,Track Obstruction,1199,77,12,Rain,30,2187,40,Medium,0,0,0,48,Notify station control
2714,14654,Jan Shatabdi,SDAH,Sealdah,PNBE,Patna Junction,2026-03-02,16:15,0,On Time,No Delay,539,87,3,Clear,16,6613,29,Low,0,0,1,0,Monitor
2715,12802,Express,HWH,Howrah Junction,MAS,Chennai Central,2026-02-04,07:30,60,At Risk,Congestion,1547,82,5,Clear,17,4317,53,Medium,0,1,1,65,Notify station control
2716,14489,Sampark Kranti,ADI,Ahmedabad Junction,NGP,Nagpur Junction,2026-05-24,19:45,0,On Time,No Delay,1333,62,3,Cloudy,40,8928,21,Low,0,0,0,3,Monitor
2717,12960,Duronto,SDAH,Sealdah,BPL,Bhopal Junction,2026-01-09,12:30,8,Delayed,Weather,1791,99,4,Clear,28,6210,35,Low,1,1,0,10,Monitor
2718,12934,Garib Rath,HWH,Howrah Junction,LKO,Lucknow Charbagh,2026-05-13,10:00,45,Delayed,Late Incoming Train,319,35,10,Cloudy,37,5513,30,Low,0,0,1,50,Monitor
2719,12033,Vande Bharat,ALD,Prayagraj Junction,PUNE,Pune Junction,2026-09-08,19:15,0,Completed,No Delay,1322,74,4,Cloudy,21,7457,28,Low,0,0,0,10,Monitor
2720,14217,Express,BBS,Bhubaneswar,PNBE,Patna Junction,2026-05-25,03:15,45,At Risk,Technical Fault,514,81,9,Clear,17,2989,43,Medium,0,0,0,40,Notify station control
2721,12424,Vande Bharat,JP,Jaipur Junction,PNBE,Patna Junction,2026-01-28,13:15,0,Completed,No Delay,479,88,3,Fog,33,574,41,Medium,0,0,0,1,Notify station control
2722,14678,Jan Shatabdi,MAS,Chennai Central,ADI,Ahmedabad Junction,2026-04-21,14:30,120,Delayed,Crew Delay,643,79,12,Heatwave,19,1888,68,High,1,0,1,125,Reallocate platform and crew
2723,12554,Vande Bharat,CNB,Kanpur Central,GKP,Gorakhpur,2026-09-19,22:00,0,On Time,No Delay,1416,67,12,Clear,42,1939,27,Low,1,0,0,0,Monitor
2724,12378,Sampark Kranti,PNBE,Patna Junction,HWH,Howrah Junction,2026-04-07,21:30,0,On Time,No Delay,1197,100,18,Cloudy,21,4974,29,Low,0,1,0,0,Monitor
2725,12926,Vande Bharat,LKO,Lucknow Charbagh,SBC,KSR Bengaluru City,2026-03-10,04:30,0,On Time,No Delay,1638,92,5,Rain,34,506,29,Low,1,1,0,0,Monitor
2726,12079,Shatabdi,SBC,KSR Bengaluru City,BCT,Mumbai Central,2026-09-21,21:45,90,Delayed,Platform Change,574,87,8,Clear,18,5106,65,High,0,0,1,92,Reallocate platform and crew
2727,12862,Jan Shatabdi,MAS,Chennai Central,LKO,Lucknow Charbagh,2026-02-02,04:30,0,On Time,No Delay,238,82,5,Cloudy,16,3036,27,Low,1,0,1,10,Monitor
2728,14385,Duronto,HWH,Howrah Junction,KOTA,Kota Junction,2026-06-05,17:15,18,Delayed,Weather,1514,72,12,Storm,19,911,44,Medium,1,1,0,25,Notify station control
2729,14560,Express,CSTM,Mumbai CSMT,HWH,Howrah Junction,2026-05-01,04:45,45,Delayed,Platform Change,913,79,4,Clear,42,9063,40,Medium,0,0,0,41,Notify station control
2730,12115,Duronto,VSKP,Visakhapatnam,BPL,Bhopal Junction,2026-07-28,13:30,0,On Time,No Delay,875,71,16,Clear,25,1809,21,Low,0,0,0,0,Monitor
2731,12775,Express,BBS,Bhubaneswar,JP,Jaipur Junction,2026-07-08,01:15,0,Completed,No Delay,733,86,3,Clear,37,9258,27,Low,1,0,0,6,Monitor
2732,14510,Jan Shatabdi,HWH,Howrah Junction,SBC,KSR Bengaluru City,2026-04-25,23:00,0,On Time,No Delay,1151,63,5,Clear,24,2154,20,Low,1,0,0,0,Monitor
2733,13220,Vande Bharat,BCT,Mumbai Central,MAS,Chennai Central,2026-05-28,12:30,45,Delayed,Maintenance Work,1559,69,6,Clear,35,6041,39,Low,0,1,0,44,Monitor
2734,13229,Shatabdi,ADI,Ahmedabad Junction,PNBE,Patna Junction,2026-03-27,06:45,10,Delayed,Congestion,1398,99,2,Clear,20,6605,35,Low,0,1,0,12,Monitor
2735,14055,Express,MAS,Chennai Central,JP,Jaipur Junction,2026-03-10,23:15,15,At Risk,Maintenance Work,978,87,15,Clear,32,494,33,Low,0,0,0,21,Monitor
2736,14655,Garib Rath,BCT,Mumbai Central,BPL,Bhopal Junction,2026-02-20,20:45,0,Completed,No Delay,771,81,15,Clear,31,1161,27,Low,0,0,1,3,Monitor
2737,12997,Jan Shatabdi,BCT,Mumbai Central,PUNE,Pune Junction,2026-02-25,23:30,25,Delayed,Platform Change,275,86,11,Clear,21,9575,40,Medium,0,0,0,31,Notify station control
2738,12801,Shatabdi,ADI,Ahmedabad Junction,MAS,Chennai Central,2026-09-01,16:15,0,On Time,No Delay,714,86,7,Rain,40,7923,31,Low,1,0,1,0,Monitor
2739,13146,Jan Shatabdi,LKO,Lucknow Charbagh,ALD,Prayagraj Junction,2026-06-24,09:15,25,Delayed,Congestion,718,65,15,Clear,32,9559,36,Low,0,0,0,35,Monitor
2740,12928,Intercity,GKP,Gorakhpur,BCT,Mumbai Central,2026-09-28,20:45,120,Delayed,Late Incoming Train,703,63,16,Clear,42,8950,67,High,0,0,1,116,Reallocate platform and crew
2741,13030,Rajdhani,BBS,Bhubaneswar,MAS,Chennai Central,2026-03-26,09:45,12,At Risk,Signal Failure,1292,100,17,Clear,35,4585,36,Low,0,1,0,10,Monitor
2742,14579,Sampark Kranti,BBS,Bhubaneswar,CSTM,Mumbai CSMT,2026-07-07,10:00,0,On Time,No Delay,623,46,15,Clear,42,2028,15,Low,0,0,0,0,Monitor
2743,13158,Rajdhani,ALD,Prayagraj Junction,BBS,Bhubaneswar,2026-05-26,13:30,0,On Time,No Delay,265,65,3,Fog,21,780,38,Low,0,0,0,0,Monitor
2744,12591,Sampark Kranti,HWH,Howrah Junction,PNBE,Patna Junction,2026-03-23,23:30,35,At Risk,Signal Failure,612,71,14,Clear,29,5675,39,Low,0,0,0,30,Monitor
2745,12259,Shatabdi,BCT,Mumbai Central,HWH,Howrah Junction,2026-04-16,06:00,8,At Risk,Maintenance Work,237,70,9,Rain,27,7818,29,Low,1,0,1,4,Monitor
2746,12458,Superfast,NGP,Nagpur Junction,KOTA,Kota Junction,2026-05-02,00:45,120,Delayed,Signal Failure,352,71,2,Clear,14,6848,72,High,0,0,1,129,Reallocate platform and crew
2747,14328,Duronto,BCT,Mumbai Central,HWH,Howrah Junction,2026-04-26,14:00,0,On Time,No Delay,1782,56,3,Rain,31,442,21,Low,0,1,0,0,Monitor
2748,12103,Shatabdi,NDLS,New Delhi,PNBE,Patna Junction,2026-01-11,03:00,0,On Time,No Delay,467,90,5,Clear,37,2212,27,Low,1,1,0,7,Monitor
2749,14409,Intercity,HWH,Howrah Junction,CSTM,Mumbai CSMT,2026-05-20,09:00,30,Delayed,Track Obstruction,190,82,14,Rain,33,8789,40,Medium,0,0,0,27,Notify station control
2750,12723,Jan Shatabdi,CSTM,Mumbai CSMT,VSKP,Visakhapatnam,2026-02-14,14:15,0,On Time,No Delay,409,43,13,Clear,22,2513,20,Low,1,0,1,5,Monitor
2751,14203,Duronto,HWH,Howrah Junction,CSTM,Mumbai CSMT,2026-06-27,08:00,30,At Risk,Weather,827,57,9,Fog,43,836,42,Medium,1,0,0,27,Notify station control
2752,13180,Superfast,LKO,Lucknow Charbagh,BBS,Bhubaneswar,2026-04-12,05:15,0,On Time,No Delay,782,100,5,Fog,44,337,46,Medium,0,1,0,0,Notify station control
2753,13037,Jan Shatabdi,HWH,Howrah Junction,BBS,Bhubaneswar,2026-02-25,16:45,12,Delayed,Weather,494,78,3,Fog,36,291,45,Medium,0,0,0,11,Notify station control
2754,14136,Garib Rath,VSKP,Visakhapatnam,NGP,Nagpur Junction,2026-07-08,01:45,18,Delayed,Maintenance Work,1315,76,1,Clear,29,3499,35,Low,0,0,0,14,Monitor
2755,14197,Intercity,NGP,Nagpur Junction,BPL,Bhopal Junction,2026-08-04,13:30,0,On Time,No Delay,1475,90,14,Clear,44,5409,34,Low,0,1,0,0,Monitor
2756,12842,Jan Shatabdi,KOTA,Kota Junction,LKO,Lucknow Charbagh,2026-04-09,05:45,35,At Risk,Congestion,1138,98,15,Heatwave,36,2233,43,Medium,0,1,0,44,Notify station control
2757,12682,Duronto,PNBE,Patna Junction,KOTA,Kota Junction,2026-08-28,09:30,90,Delayed,Technical Fault,1783,80,13,Rain,27,5549,59,Medium,0,1,1,94,Notify station control
2758,13081,Garib Rath,NGP,Nagpur Junction,JP,Jaipur Junction,2026-07-11,18:30,20,Delayed,Signal Failure,1654,49,1,Heatwave,18,1940,31,Low,0,1,1,24,Monitor
2759,14471,Duronto,CNB,Kanpur Central,SBC,KSR Bengaluru City,2026-03-25,16:45,0,Completed,No Delay,689,63,8,Clear,20,6019,23,Low,1,0,0,8,Monitor
2760,13139,Sampark Kranti,CNB,Kanpur Central,PNBE,Patna Junction,2026-08-21,12:00,999,Cancelled,Crew Delay,1613,100,18,Rain,14,2152,100,Critical,0,1,1,999,Escalate to operations command
2761,13187,Express,KOTA,Kota Junction,CSTM,Mumbai CSMT,2026-06-08,19:30,5,Delayed,Weather,362,80,17,Clear,17,6533,33,Low,0,0,0,4,Monitor
2762,12215,Superfast,MAS,Chennai Central,GKP,Gorakhpur,2026-06-15,23:15,60,Delayed,Track Obstruction,950,80,7,Clear,42,7648,52,Medium,0,0,1,66,Notify station control
2763,12205,Sampark Kranti,HWH,Howrah Junction,BPL,Bhopal Junction,2026-07-19,09:15,10,Delayed,Weather,783,76,15,Clear,29,3991,27,Low,0,0,0,5,Monitor
2764,12671,Rajdhani,VSKP,Visakhapatnam,NGP,Nagpur Junction,2026-05-08,02:00,18,At Risk,Crew Delay,517,79,13,Clear,39,7595,34,Low,0,0,0,20,Monitor
2765,12777,Jan Shatabdi,VSKP,Visakhapatnam,LKO,Lucknow Charbagh,2026-07-22,08:45,120,At Risk,Weather,402,71,6,Storm,27,5081,79,High,0,0,1,122,Reallocate platform and crew
2766,12665,Vande Bharat,HWH,Howrah Junction,LKO,Lucknow Charbagh,2026-06-18,09:45,10,At Risk,Weather,1631,100,5,Clear,36,9150,39,Low,0,1,0,15,Monitor
2767,14475,Garib Rath,ADI,Ahmedabad Junction,PUNE,Pune Junction,2026-06-12,22:30,40,Delayed,Late Incoming Train,1387,48,10,Clear,24,7807,36,Low,0,0,0,40,Monitor
2768,12416,Rajdhani,NDLS,New Delhi,JP,Jaipur Junction,2026-05-12,06:00,0,On Time,No Delay,1391,78,13,Clear,17,2094,30,Low,0,0,0,10,Monitor
2769,14670,Intercity,CNB,Kanpur Central,BBS,Bhubaneswar,2026-03-21,11:30,0,On Time,No Delay,1703,67,7,Clear,21,9581,23,Low,0,1,0,2,Monitor
2770,12582,Superfast,SBC,KSR Bengaluru City,CNB,Kanpur Central,2026-06-17,23:45,0,On Time,No Delay,1178,79,7,Clear,17,3178,31,Low,0,0,0,6,Monitor
2771,12713,Shatabdi,BCT,Mumbai Central,SDAH,Sealdah,2026-02-11,02:30,0,On Time,No Delay,1184,76,18,Clear,20,7038,24,Low,1,0,0,4,Monitor
2772,12940,Vande Bharat,NGP,Nagpur Junction,KOTA,Kota Junction,2026-06-26,08:15,120,Delayed,Track Obstruction,653,86,11,Clear,44,3834,73,High,0,0,1,117,Reallocate platform and crew
2773,12593,Express,LKO,Lucknow Charbagh,VSKP,Visakhapatnam,2026-09-14,21:45,0,On Time,No Delay,754,84,4,Clear,27,1650,32,Low,0,0,0,0,Monitor
2774,12486,Express,ALD,Prayagraj Junction,JP,Jaipur Junction,2026-07-13,19:00,12,Delayed,Platform Change,1526,100,15,Clear,39,2540,33,Low,0,1,0,21,Monitor
2775,13095,Intercity,SDAH,Sealdah,GKP,Gorakhpur,2026-05-01,05:45,30,Delayed,Platform Change,764,80,4,Clear,38,1672,35,Low,0,0,0,35,Monitor
2776,14306,Intercity,SDAH,Sealdah,HWH,Howrah Junction,2026-03-05,19:00,5,At Risk,Platform Change,691,66,6,Rain,21,6351,29,Low,1,0,0,3,Monitor
2777,13212,Vande Bharat,NGP,Nagpur Junction,CNB,Kanpur Central,2026-04-01,00:45,8,Delayed,Weather,1450,59,10,Fog,30,376,39,Low,0,0,0,13,Monitor
2778,14195,Express,JP,Jaipur Junction,CNB,Kanpur Central,2026-04-07,05:30,35,Delayed,Weather,1040,74,12,Clear,41,1942,40,Medium,0,0,1,36,Notify station control
2779,14026,Rajdhani,PUNE,Pune Junction,ADI,Ahmedabad Junction,2026-01-15,23:45,0,On Time,No Delay,1128,65,13,Rain,41,1213,24,Low,0,0,0,0,Monitor
2780,12150,Sampark Kranti,NGP,Nagpur Junction,VSKP,Visakhapatnam,2026-06-12,23:15,45,Delayed,Congestion,1637,50,5,Clear,27,1641,33,Low,1,1,1,53,Monitor
2781,12864,Garib Rath,SDAH,Sealdah,NGP,Nagpur Junction,2026-06-19,12:00,30,At Risk,Weather,208,62,7,Clear,32,7442,35,Low,1,0,0,34,Monitor
2782,12271,Duronto,NDLS,New Delhi,BCT,Mumbai Central,2026-03-16,02:00,0,On Time,No Delay,396,50,13,Cloudy,34,3850,21,Low,1,0,0,0,Monitor
2783,14529,Jan Shatabdi,PNBE,Patna Junction,KOTA,Kota Junction,2026-08-14,23:00,12,At Risk,Weather,1158,81,14,Storm,24,344,41,Medium,0,0,0,9,Notify station control
2784,12167,Intercity,HWH,Howrah Junction,ALD,Prayagraj Junction,2026-09-04,12:45,40,At Risk,Technical Fault,1022,70,5,Rain,23,1717,39,Low,0,0,0,39,Monitor
2785,14263,Vande Bharat,LKO,Lucknow Charbagh,CSTM,Mumbai CSMT,2026-08-22,13:15,0,On Time,No Delay,1438,77,10,Clear,32,4330,24,Low,0,0,0,2,Monitor
2786,14632,Express,CNB,Kanpur Central,LKO,Lucknow Charbagh,2026-04-20,03:45,45,Delayed,Late Incoming Train,441,59,11,Clear,27,7244,41,Medium,0,0,1,50,Notify station control
2787,12399,Superfast,MAS,Chennai Central,PNBE,Patna Junction,2026-04-10,12:00,0,On Time,No Delay,1026,79,7,Rain,23,2290,25,Low,0,0,0,5,Monitor
2788,14554,Jan Shatabdi,BBS,Bhubaneswar,JP,Jaipur Junction,2026-09-28,15:15,90,Delayed,Weather,1056,81,11,Clear,23,4444,62,Medium,0,0,1,89,Notify station control
2789,12514,Duronto,KOTA,Kota Junction,ALD,Prayagraj Junction,2026-06-03,06:30,999,Cancelled,Maintenance Work,1144,75,12,Cloudy,15,3870,100,Critical,0,0,1,999,Escalate to operations command
2790,12170,Intercity,BPL,Bhopal Junction,CNB,Kanpur Central,2026-08-16,02:15,0,On Time,No Delay,1332,80,14,Clear,36,3890,28,Low,0,0,0,10,Monitor
2791,12544,Vande Bharat,JP,Jaipur Junction,CSTM,Mumbai CSMT,2026-03-23,01:45,25,Delayed,Track Obstruction,232,52,5,Clear,33,7599,30,Low,0,0,1,32,Monitor
2792,12778,Vande Bharat,BBS,Bhubaneswar,BCT,Mumbai Central,2026-04-19,15:00,0,On Time,No Delay,1572,87,16,Clear,28,4493,28,Low,0,1,0,0,Monitor
2793,12591,Rajdhani,HWH,Howrah Junction,ALD,Prayagraj Junction,2026-08-07,21:15,999,Cancelled,Weather,252,67,17,Rain,19,8120,100,Critical,0,0,1,999,Escalate to operations command
2794,12286,Rajdhani,BCT,Mumbai Central,PUNE,Pune Junction,2026-09-16,22:45,60,Delayed,Platform Change,1618,68,12,Clear,17,8517,45,Medium,1,1,1,70,Notify station control
2795,14339,Superfast,PNBE,Patna Junction,GKP,Gorakhpur,2026-02-21,19:00,120,At Risk,Congestion,1132,70,4,Cloudy,23,1718,70,High,0,0,1,124,Reallocate platform and crew
2796,12529,Sampark Kranti,BPL,Bhopal Junction,KOTA,Kota Junction,2026-09-22,19:30,12,At Risk,Crew Delay,452,59,16,Clear,35,8766,26,Low,1,0,1,19,Monitor
2797,12030,Duronto,SDAH,Sealdah,NDLS,New Delhi,2026-05-25,05:00,0,Completed,No Delay,857,86,2,Heatwave,42,5491,26,Low,0,0,0,3,Monitor
2798,13113,Vande Bharat,VSKP,Visakhapatnam,NGP,Nagpur Junction,2026-07-28,22:00,0,On Time,No Delay,1332,80,10,Clear,33,6420,28,Low,0,0,0,8,Monitor
2799,12881,Sampark Kranti,NDLS,New Delhi,GKP,Gorakhpur,2026-03-23,18:45,0,On Time,No Delay,1158,100,7,Rain,30,7249,33,Low,0,1,0,9,Monitor
2800,13220,Shatabdi,NGP,Nagpur Junction,PNBE,Patna Junction,2026-02-12,23:15,0,Completed,No Delay,581,84,11,Heatwave,23,5557,28,Low,0,0,0,0,Monitor
2801,12972,Sampark Kranti,PNBE,Patna Junction,SBC,KSR Bengaluru City,2026-01-28,05:30,45,At Risk,Track Obstruction,545,98,2,Clear,30,5735,50,Medium,0,1,0,41,Notify station control
2802,12128,Intercity,HWH,Howrah Junction,BBS,Bhubaneswar,2026-02-10,20:45,18,At Risk,Weather,1660,51,8,Fog,20,159,37,Low,0,1,0,22,Monitor
2803,14562,Intercity,HWH,Howrah Junction,ALD,Prayagraj Junction,2026-02-16,04:45,0,On Time,No Delay,1163,79,10,Clear,37,2611,29,Low,0,0,0,0,Monitor
2804,12411,Superfast,ADI,Ahmedabad Junction,GKP,Gorakhpur,2026-02-08,04:30,999,Cancelled,Signal Failure,1679,59,16,Rain,35,9596,100,Critical,0,1,1,999,Escalate to operations command
2805,14550,Shatabdi,BCT,Mumbai Central,JP,Jaipur Junction,2026-07-11,22:45,75,Delayed,Congestion,368,64,16,Rain,16,4827,51,Medium,0,0,1,85,Notify station control
2806,12599,Vande Bharat,PNBE,Patna Junction,NGP,Nagpur Junction,2026-02-16,12:45,45,Delayed,Maintenance Work,1127,66,4,Rain,35,7887,38,Low,0,0,0,45,Monitor
2807,12001,Duronto,NDLS,New Delhi,PNBE,Patna Junction,2026-01-08,19:45,0,On Time,No Delay,1048,79,10,Clear,24,3298,27,Low,0,0,0,4,Monitor
2808,14037,Intercity,PNBE,Patna Junction,BCT,Mumbai Central,2026-07-18,20:30,999,Cancelled,Weather,1690,51,3,Fog,35,861,100,Critical,1,1,1,999,Escalate to operations command
2809,14290,Garib Rath,KOTA,Kota Junction,PNBE,Patna Junction,2026-08-12,11:45,20,Delayed,Signal Failure,609,74,13,Rain,31,6897,34,Low,0,0,0,30,Monitor
2810,12942,Express,ALD,Prayagraj Junction,CNB,Kanpur Central,2026-01-17,03:15,60,At Risk,Weather,188,67,5,Fog,22,845,58,Medium,0,0,1,64,Notify station control
2811,12545,Express,SDAH,Sealdah,MAS,Chennai Central,2026-06-12,23:45,0,On Time,No Delay,462,83,8,Clear,36,6418,31,Low,1,0,0,0,Monitor
2812,12999,Sampark Kranti,PUNE,Pune Junction,HWH,Howrah Junction,2026-04-18,04:00,0,On Time,No Delay,1044,88,6,Storm,18,4449,42,Medium,0,0,0,9,Notify station control
2813,12107,Duronto,BBS,Bhubaneswar,CSTM,Mumbai CSMT,2026-08-20,07:15,0,On Time,No Delay,1646,51,9,Cloudy,17,7833,22,Low,1,1,1,2,Monitor
2814,12765,Vande Bharat,KOTA,Kota Junction,SBC,KSR Bengaluru City,2026-09-05,11:00,90,At Risk,Weather,1229,71,7,Fog,31,816,74,High,1,0,1,97,Reallocate platform and crew
2815,14493,Intercity,VSKP,Visakhapatnam,SBC,KSR Bengaluru City,2026-04-24,20:30,0,Completed,No Delay,955,61,8,Clear,24,908,23,Low,0,0,1,2,Monitor
2816,14578,Jan Shatabdi,SDAH,Sealdah,HWH,Howrah Junction,2026-01-18,12:45,0,On Time,No Delay,703,96,13,Heatwave,14,3527,29,Low,0,1,0,4,Monitor
2817,14085,Intercity,SDAH,Sealdah,MAS,Chennai Central,2026-08-03,17:00,0,On Time,No Delay,295,60,15,Clear,39,9119,26,Low,0,0,0,8,Monitor
2818,13184,Sampark Kranti,KOTA,Kota Junction,BCT,Mumbai Central,2026-01-22,13:15,75,Delayed,Crew Delay,624,81,2,Cloudy,25,3831,58,Medium,0,0,1,85,Notify station control
2819,13216,Rajdhani,ADI,Ahmedabad Junction,SDAH,Sealdah,2026-09-27,13:45,25,At Risk,Late Incoming Train,1599,66,12,Clear,17,8953,34,Low,1,1,0,28,Monitor
2820,12475,Garib Rath,CSTM,Mumbai CSMT,PUNE,Pune Junction,2026-08-25,04:45,0,On Time,No Delay,926,77,16,Clear,19,4632,27,Low,0,0,0,7,Monitor
2821,12102,Express,PNBE,Patna Junction,LKO,Lucknow Charbagh,2026-05-21,10:00,0,On Time,No Delay,1627,72,12,Heatwave,30,435,21,Low,0,1,0,8,Monitor
2822,12879,Rajdhani,LKO,Lucknow Charbagh,CSTM,Mumbai CSMT,2026-06-08,12:30,0,On Time,No Delay,1711,86,8,Rain,25,8291,28,Low,0,1,0,3,Monitor
2823,13213,Rajdhani,KOTA,Kota Junction,GKP,Gorakhpur,2026-04-02,00:15,90,Delayed,Technical Fault,509,86,13,Cloudy,37,1685,66,High,0,0,1,95,Reallocate platform and crew
2824,12459,Superfast,BBS,Bhubaneswar,NDLS,New Delhi,2026-02-09,11:15,120,At Risk,Weather,1744,88,14,Fog,36,656,85,Critical,0,1,1,116,Escalate to operations command
2825,14687,Rajdhani,ALD,Prayagraj Junction,BPL,Bhopal Junction,2026-07-20,19:00,0,On Time,No Delay,324,97,2,Clear,29,5903,36,Low,0,1,0,0,Monitor
2826,14345,Sampark Kranti,CNB,Kanpur Central,BPL,Bhopal Junction,2026-06-14,10:15,0,On Time,No Delay,1535,100,6,Cloudy,41,2653,37,Low,0,1,0,3,Monitor
2827,12413,Garib Rath,SBC,KSR Bengaluru City,MAS,Chennai Central,2026-01-08,17:00,35,At Risk,Track Obstruction,568,57,12,Clear,34,1699,35,Low,0,0,0,42,Monitor
2828,14542,Sampark Kranti,LKO,Lucknow Charbagh,VSKP,Visakhapatnam,2026-04-14,03:00,0,Completed,No Delay,895,58,14,Cloudy,33,6351,25,Low,0,0,1,0,Monitor
2829,14238,Rajdhani,SDAH,Sealdah,ALD,Prayagraj Junction,2026-03-18,14:45,12,At Risk,Crew Delay,230,68,8,Clear,40,8989,26,Low,0,0,0,9,Monitor
2830,14531,Rajdhani,SDAH,Sealdah,ALD,Prayagraj Junction,2026-01-18,06:00,18,At Risk,Signal Failure,918,57,5,Cloudy,16,8532,28,Low,0,0,1,14,Monitor
2831,12484,Intercity,GKP,Gorakhpur,HWH,Howrah Junction,2026-05-01,19:15,0,On Time,No Delay,1298,42,14,Rain,24,4616,20,Low,1,0,0,0,Monitor
2832,13140,Express,ALD,Prayagraj Junction,NGP,Nagpur Junction,2026-01-11,12:45,0,On Time,No Delay,1203,100,2,Heavy Rain,35,6407,43,Medium,0,1,1,9,Notify station control
2833,12094,Rajdhani,SDAH,Sealdah,ADI,Ahmedabad Junction,2026-01-14,12:30,60,At Risk,Weather,737,54,12,Storm,14,1895,52,Medium,0,0,1,62,Notify station control
2834,12147,Rajdhani,BPL,Bhopal Junction,VSKP,Visakhapatnam,2026-08-18,18:15,0,Completed,No Delay,1227,54,12,Cloudy,34,6404,23,Low,0,0,0,9,Monitor
2835,12775,Shatabdi,BBS,Bhubaneswar,KOTA,Kota Junction,2026-01-19,03:00,0,Completed,No Delay,725,77,2,Clear,36,3424,26,Low,0,0,1,0,Monitor
2836,14035,Express,SDAH,Sealdah,BBS,Bhubaneswar,2026-01-05,13:45,0,On Time,No Delay,811,84,6,Rain,22,4033,26,Low,0,0,0,0,Monitor
2837,14258,Vande Bharat,SDAH,Sealdah,ADI,Ahmedabad Junction,2026-03-08,15:00,0,Completed,No Delay,403,83,8,Heatwave,14,9102,26,Low,0,0,0,0,Monitor
2838,13228,Vande Bharat,SBC,KSR Bengaluru City,LKO,Lucknow Charbagh,2026-07-25,17:00,18,At Risk,Weather,1476,40,5,Cloudy,39,6270,24,Low,0,0,1,23,Monitor
2839,12105,Rajdhani,LKO,Lucknow Charbagh,GKP,Gorakhpur,2026-09-23,23:30,45,At Risk,Crew Delay,1295,88,12,Heatwave,41,1170,43,Medium,0,0,0,50,Notify station control
2840,12372,Rajdhani,VSKP,Visakhapatnam,GKP,Gorakhpur,2026-06-22,20:00,0,Completed,No Delay,1639,87,9,Cloudy,33,2046,33,Low,1,1,0,4,Monitor
2841,14053,Shatabdi,JP,Jaipur Junction,ADI,Ahmedabad Junction,2026-07-13,13:30,999,Cancelled,Maintenance Work,370,100,14,Clear,43,6254,100,Critical,0,1,1,999,Escalate to operations command
2842,13031,Intercity,JP,Jaipur Junction,CNB,Kanpur Central,2026-03-22,07:30,0,On Time,No Delay,1196,82,14,Heatwave,27,6207,29,Low,1,0,0,6,Monitor
2843,12772,Shatabdi,JP,Jaipur Junction,SDAH,Sealdah,2026-09-17,07:45,18,At Risk,Platform Change,731,63,4,Clear,30,6723,27,Low,0,0,0,22,Monitor
2844,14408,Superfast,SBC,KSR Bengaluru City,CNB,Kanpur Central,2026-08-01,05:45,20,At Risk,Congestion,348,75,7,Clear,16,3527,33,Low,0,0,0,28,Monitor
2845,14225,Garib Rath,PNBE,Patna Junction,JP,Jaipur Junction,2026-09-06,05:30,0,On Time,No Delay,1363,79,6,Storm,21,2106,40,Medium,0,0,1,7,Notify station control
2846,13086,Jan Shatabdi,PNBE,Patna Junction,GKP,Gorakhpur,2026-01-17,14:30,0,Completed,No Delay,739,60,7,Heatwave,17,3830,24,Low,0,0,0,5,Monitor
2847,12058,Vande Bharat,VSKP,Visakhapatnam,ADI,Ahmedabad Junction,2026-09-08,23:30,15,Delayed,Platform Change,393,75,11,Cloudy,28,8247,33,Low,0,0,0,11,Monitor
2848,13016,Shatabdi,ADI,Ahmedabad Junction,SDAH,Sealdah,2026-04-10,17:30,40,Delayed,Congestion,339,62,5,Clear,23,2011,37,Low,1,0,1,39,Monitor
2849,14099,Shatabdi,NDLS,New Delhi,HWH,Howrah Junction,2026-01-04,11:45,8,Delayed,Platform Change,695,70,10,Heatwave,24,3779,26,Low,0,0,0,18,Monitor
2850,12856,Shatabdi,KOTA,Kota Junction,HWH,Howrah Junction,2026-09-09,00:00,0,On Time,No Delay,336,71,12,Heatwave,42,8066,23,Low,0,0,1,1,Monitor
2851,12281,Express,SBC,KSR Bengaluru City,JP,Jaipur Junction,2026-02-09,18:30,5,Delayed,Maintenance Work,407,60,4,Cloudy,35,5200,23,Low,0,0,0,3,Monitor
2852,12670,Express,LKO,Lucknow Charbagh,GKP,Gorakhpur,2026-04-17,16:00,60,At Risk,Maintenance Work,538,68,13,Cloudy,27,1576,51,Medium,0,0,1,56,Notify station control
2853,12968,Duronto,BPL,Bhopal Junction,GKP,Gorakhpur,2026-06-01,07:00,18,At Risk,Weather,1397,62,1,Storm,39,5407,44,Medium,0,0,0,25,Notify station control
2854,12034,Superfast,NDLS,New Delhi,NGP,Nagpur Junction,2026-01-06,15:45,12,At Risk,Signal Failure,1227,65,3,Rain,40,8709,29,Low,0,0,0,14,Monitor
2855,14124,Duronto,PUNE,Pune Junction,SDAH,Sealdah,2026-01-09,14:15,0,On Time,No Delay,1053,65,9,Cloudy,40,3700,21,Low,0,0,0,7,Monitor
2856,13019,Duronto,CNB,Kanpur Central,SBC,KSR Bengaluru City,2026-04-25,09:30,0,On Time,No Delay,929,67,9,Fog,32,290,32,Low,0,0,1,6,Monitor
2857,13179,Sampark Kranti,HWH,Howrah Junction,PUNE,Pune Junction,2026-05-21,22:15,15,Delayed,Platform Change,306,71,15,Clear,19,7952,29,Low,0,0,0,10,Monitor
2858,12912,Shatabdi,HWH,Howrah Junction,NGP,Nagpur Junction,2026-03-14,01:00,10,Delayed,Platform Change,931,55,14,Rain,23,1109,27,Low,0,0,0,10,Monitor
2859,14497,Sampark Kranti,NGP,Nagpur Junction,SDAH,Sealdah,2026-03-11,02:45,18,Delayed,Weather,597,65,7,Clear,31,5529,32,Low,0,0,0,22,Monitor
2860,13023,Sampark Kranti,ADI,Ahmedabad Junction,PNBE,Patna Junction,2026-07-07,17:15,0,On Time,No Delay,907,88,13,Clear,25,5455,26,Low,1,0,0,0,Monitor
2861,14055,Superfast,NGP,Nagpur Junction,PNBE,Patna Junction,2026-03-03,09:30,8,At Risk,Signal Failure,340,86,8,Clear,21,8751,32,Low,0,0,0,14,Monitor
2862,13037,Superfast,PNBE,Patna Junction,SBC,KSR Bengaluru City,2026-03-12,04:30,90,At Risk,Late Incoming Train,1258,94,8,Clear,33,7262,65,High,1,1,1,91,Reallocate platform and crew
2863,12180,Vande Bharat,JP,Jaipur Junction,SBC,KSR Bengaluru City,2026-01-26,13:15,0,Completed,No Delay,1727,55,12,Rain,16,8331,19,Low,0,1,1,4,Monitor
2864,12346,Express,ADI,Ahmedabad Junction,PNBE,Patna Junction,2026-03-06,03:15,75,At Risk,Signal Failure,1297,100,2,Heatwave,35,1558,57,Medium,0,1,1,76,Notify station control
2865,13047,Shatabdi,SBC,KSR Bengaluru City,KOTA,Kota Junction,2026-03-06,13:15,0,On Time,No Delay,1035,67,7,Fog,18,648,35,Low,0,0,0,3,Monitor
2866,12415,Garib Rath,SDAH,Sealdah,VSKP,Visakhapatnam,2026-08-18,14:45,0,On Time,No Delay,1152,69,4,Clear,24,895,23,Low,0,0,1,5,Monitor
2867,12199,Shatabdi,ALD,Prayagraj Junction,PNBE,Patna Junction,2026-06-26,08:45,45,Delayed,Track Obstruction,606,84,6,Rain,20,3165,48,Medium,0,0,0,52,Notify station control
2868,12625,Intercity,KOTA,Kota Junction,BCT,Mumbai Central,2026-06-10,10:30,20,At Risk,Congestion,1090,92,3,Clear,32,7754,36,Low,0,1,0,20,Monitor
2869,14494,Express,SDAH,Sealdah,BBS,Bhubaneswar,2026-09-20,02:30,18,Delayed,Signal Failure,553,85,10,Cloudy,14,9856,33,Low,1,0,1,13,Monitor
2870,14456,Express,NDLS,New Delhi,PNBE,Patna Junction,2026-09-27,21:45,0,Completed,No Delay,1346,66,7,Storm,35,8895,33,Low,1,0,0,0,Monitor
2871,12323,Vande Bharat,ADI,Ahmedabad Junction,NGP,Nagpur Junction,2026-09-25,12:15,0,Completed,No Delay,1605,73,10,Clear,16,6235,25,Low,0,1,0,0,Monitor
2872,13027,Vande Bharat,VSKP,Visakhapatnam,SBC,KSR Bengaluru City,2026-09-12,17:30,0,On Time,No Delay,447,72,17,Cloudy,38,6883,25,Low,1,0,1,8,Monitor
2873,12250,Duronto,SBC,KSR Bengaluru City,CSTM,Mumbai CSMT,2026-06-22,09:15,0,Completed,No Delay,1554,71,3,Clear,23,4446,29,Low,0,1,1,9,Monitor
2874,13046,Express,CSTM,Mumbai CSMT,NDLS,New Delhi,2026-09-13,19:45,8,Delayed,Signal Failure,1534,62,5,Heatwave,28,5715,27,Low,0,1,0,16,Monitor
2875,13067,Garib Rath,KOTA,Kota Junction,SBC,KSR Bengaluru City,2026-01-14,04:00,0,On Time,No Delay,565,91,11,Heatwave,19,1961,28,Low,1,1,1,6,Monitor
2876,12371,Rajdhani,KOTA,Kota Junction,PNBE,Patna Junction,2026-06-26,01:30,8,Delayed,Track Obstruction,829,87,4,Rain,39,5247,35,Low,0,0,0,6,Monitor
2877,12787,Garib Rath,NDLS,New Delhi,HWH,Howrah Junction,2026-05-23,07:15,30,Delayed,Platform Change,628,78,6,Rain,19,7049,37,Low,0,0,0,39,Monitor
2878,12677,Intercity,JP,Jaipur Junction,CNB,Kanpur Central,2026-06-22,07:45,0,On Time,No Delay,699,64,1,Clear,31,1670,24,Low,0,0,0,4,Monitor
2879,12558,Intercity,PNBE,Patna Junction,LKO,Lucknow Charbagh,2026-09-02,19:45,18,Delayed,Track Obstruction,1302,71,5,Clear,23,6594,31,Low,0,0,0,16,Monitor
2880,12078,Express,NDLS,New Delhi,SBC,KSR Bengaluru City,2026-06-21,06:15,5,Delayed,Crew Delay,913,70,4,Cloudy,40,5512,28,Low,0,0,1,2,Monitor
2881,12118,Superfast,HWH,Howrah Junction,BBS,Bhubaneswar,2026-03-25,11:15,999,Cancelled,Maintenance Work,183,71,8,Cloudy,28,8141,100,Critical,1,0,1,999,Escalate to operations command
2882,14218,Rajdhani,VSKP,Visakhapatnam,CSTM,Mumbai CSMT,2026-05-15,08:00,40,Delayed,Crew Delay,230,75,1,Clear,20,3353,40,Medium,1,0,1,47,Notify station control
2883,12213,Superfast,SBC,KSR Bengaluru City,ADI,Ahmedabad Junction,2026-06-10,06:00,0,On Time,No Delay,644,41,10,Clear,19,2610,17,Low,0,0,0,8,Monitor
2884,12683,Garib Rath,GKP,Gorakhpur,NDLS,New Delhi,2026-07-10,13:15,12,Delayed,Congestion,960,47,11,Clear,20,6512,24,Low,0,0,0,22,Monitor
2885,12942,Duronto,LKO,Lucknow Charbagh,CSTM,Mumbai CSMT,2026-04-23,08:45,0,On Time,No Delay,457,83,7,Rain,40,5359,29,Low,0,0,1,5,Monitor
2886,14141,Jan Shatabdi,CNB,Kanpur Central,BBS,Bhubaneswar,2026-07-10,02:15,0,On Time,No Delay,889,100,6,Cloudy,17,8429,28,Low,0,1,0,7,Monitor
2887,13036,Rajdhani,SBC,KSR Bengaluru City,CSTM,Mumbai CSMT,2026-03-16,20:00,0,On Time,No Delay,1122,74,15,Clear,42,5772,22,Low,0,0,0,0,Monitor
2888,14515,Garib Rath,SBC,KSR Bengaluru City,JP,Jaipur Junction,2026-08-05,23:00,0,On Time,No Delay,889,75,5,Clear,26,6802,24,Low,0,0,0,8,Monitor
2889,12888,Superfast,MAS,Chennai Central,NGP,Nagpur Junction,2026-03-13,19:45,0,Completed,No Delay,1176,57,16,Clear,33,7402,22,Low,0,0,1,4,Monitor
2890,12289,Vande Bharat,SBC,KSR Bengaluru City,NDLS,New Delhi,2026-03-21,13:45,0,On Time,No Delay,1439,86,18,Clear,37,9313,26,Low,0,0,0,0,Monitor
2891,13210,Garib Rath,HWH,Howrah Junction,KOTA,Kota Junction,2026-06-23,04:45,35,At Risk,Late Incoming Train,900,93,12,Cloudy,27,2318,44,Medium,0,1,0,31,Notify station control
2892,14324,Duronto,NDLS,New Delhi,VSKP,Visakhapatnam,2026-07-03,21:30,0,Completed,No Delay,821,92,13,Cloudy,16,5327,34,Low,0,1,1,0,Monitor
2893,14625,Duronto,KOTA,Kota Junction,MAS,Chennai Central,2026-04-10,23:45,90,At Risk,Signal Failure,1300,49,2,Cloudy,27,9613,49,Medium,0,0,1,91,Notify station control
2894,12507,Duronto,CSTM,Mumbai CSMT,HWH,Howrah Junction,2026-03-02,14:15,5,Delayed,Weather,659,75,17,Fog,34,451,42,Medium,0,0,0,10,Notify station control
2895,12127,Vande Bharat,SDAH,Sealdah,PUNE,Pune Junction,2026-08-26,07:45,0,On Time,No Delay,635,79,12,Cloudy,16,2029,30,Low,0,0,1,0,Monitor
2896,14171,Express,KOTA,Kota Junction,MAS,Chennai Central,2026-07-26,13:30,0,On Time,No Delay,1272,94,6,Clear,21,6714,27,Low,0,1,0,4,Monitor
2897,12888,Garib Rath,HWH,Howrah Junction,LKO,Lucknow Charbagh,2026-05-26,18:00,60,At Risk,Weather,585,91,1,Clear,26,8948,49,Medium,1,1,1,64,Notify station control
2898,14119,Rajdhani,GKP,Gorakhpur,PNBE,Patna Junction,2026-04-21,06:00,0,On Time,No Delay,342,78,3,Cloudy,20,465,30,Low,1,0,0,0,Monitor
2899,14591,Jan Shatabdi,JP,Jaipur Junction,CSTM,Mumbai CSMT,2026-05-19,10:00,0,On Time,No Delay,1615,91,14,Storm,21,3495,38,Low,0,1,1,5,Monitor
2900,12722,Express,JP,Jaipur Junction,LKO,Lucknow Charbagh,2026-05-25,03:45,0,On Time,No Delay,520,72,18,Fog,42,745,33,Low,1,0,0,0,Monitor
2901,14528,Intercity,CSTM,Mumbai CSMT,NGP,Nagpur Junction,2026-04-17,03:15,30,At Risk,Weather,1697,62,4,Fog,44,750,48,Medium,0,1,0,38,Notify station control
2902,13062,Garib Rath,BBS,Bhubaneswar,NDLS,New Delhi,2026-02-23,10:15,0,On Time,No Delay,1021,73,6,Clear,19,7089,30,Low,1,0,0,5,Monitor
2903,12668,Superfast,CNB,Kanpur Central,GKP,Gorakhpur,2026-09-09,15:00,0,On Time,No Delay,824,70,4,Clear,27,4934,28,Low,0,0,1,3,Monitor
2904,14608,Shatabdi,SBC,KSR Bengaluru City,MAS,Chennai Central,2026-09-12,16:00,18,At Risk,Weather,873,76,17,Fog,38,770,49,Medium,0,0,0,23,Notify station control
2905,12337,Intercity,HWH,Howrah Junction,BCT,Mumbai Central,2026-01-18,03:15,0,On Time,No Delay,1706,54,13,Clear,30,2970,22,Low,0,1,0,0,Monitor
2906,14030,Shatabdi,PUNE,Pune Junction,CNB,Kanpur Central,2026-08-17,20:30,0,On Time,No Delay,989,98,2,Fog,18,543,41,Medium,1,1,0,7,Notify station control
2907,14112,Jan Shatabdi,VSKP,Visakhapatnam,ALD,Prayagraj Junction,2026-08-08,00:00,0,On Time,No Delay,1269,78,15,Cloudy,37,1048,26,Low,0,0,0,0,Monitor
2908,12513,Vande Bharat,MAS,Chennai Central,ALD,Prayagraj Junction,2026-01-09,09:30,0,On Time,No Delay,790,93,17,Clear,19,5396,33,Low,0,1,0,0,Monitor
2909,14169,Sampark Kranti,BPL,Bhopal Junction,KOTA,Kota Junction,2026-04-09,11:00,0,On Time,No Delay,1332,65,1,Heavy Rain,38,648,32,Low,0,0,0,9,Monitor
2910,12380,Superfast,BCT,Mumbai Central,JP,Jaipur Junction,2026-08-01,12:00,0,On Time,No Delay,1469,82,2,Clear,20,731,28,Low,0,0,0,7,Monitor
2911,14494,Garib Rath,BPL,Bhopal Junction,NGP,Nagpur Junction,2026-09-27,02:00,35,At Risk,Weather,1561,98,1,Heavy Rain,43,8855,58,Medium,1,1,0,34,Notify station control
2912,14551,Sampark Kranti,ALD,Prayagraj Junction,BPL,Bhopal Junction,2026-08-25,14:15,0,On Time,No Delay,701,61,9,Heavy Rain,15,5650,34,Low,0,0,0,9,Monitor
2913,14553,Vande Bharat,CSTM,Mumbai CSMT,ADI,Ahmedabad Junction,2026-04-03,19:00,60,Delayed,Track Obstruction,1015,98,9,Clear,32,5125,51,Medium,0,1,1,70,Notify station control
2914,12190,Intercity,CSTM,Mumbai CSMT,BBS,Bhubaneswar,2026-06-17,08:00,60,Delayed,Maintenance Work,454,77,4,Clear,36,9238,53,Medium,0,0,1,66,Notify station control
2915,12147,Express,JP,Jaipur Junction,PNBE,Patna Junction,2026-07-14,14:00,0,On Time,No Delay,505,82,12,Heatwave,26,4859,25,Low,0,0,1,8,Monitor
2916,12311,Shatabdi,LKO,Lucknow Charbagh,BBS,Bhubaneswar,2026-06-19,13:45,0,On Time,No Delay,216,64,4,Heatwave,30,589,26,Low,1,0,0,5,Monitor
2917,14024,Superfast,GKP,Gorakhpur,MAS,Chennai Central,2026-02-17,13:15,40,At Risk,Maintenance Work,1042,79,8,Clear,20,5988,46,Medium,0,0,1,43,Notify station control
2918,12636,Duronto,NDLS,New Delhi,JP,Jaipur Junction,2026-02-23,07:15,0,On Time,No Delay,1542,77,16,Cloudy,31,6421,24,Low,0,1,0,0,Monitor
2919,14528,Rajdhani,GKP,Gorakhpur,ALD,Prayagraj Junction,2026-01-11,13:30,30,Delayed,Crew Delay,1183,100,12,Clear,31,5367,47,Medium,0,1,0,25,Notify station control
2920,13158,Jan Shatabdi,NDLS,New Delhi,MAS,Chennai Central,2026-07-20,02:00,8,Delayed,Signal Failure,472,63,15,Cloudy,37,9534,22,Low,0,0,0,11,Monitor
2921,14354,Garib Rath,PNBE,Patna Junction,SBC,KSR Bengaluru City,2026-08-23,14:30,20,Delayed,Platform Change,1381,89,14,Clear,36,3476,37,Low,0,0,0,29,Monitor
2922,14591,Garib Rath,MAS,Chennai Central,VSKP,Visakhapatnam,2026-09-18,23:00,0,Completed,No Delay,1590,67,13,Heavy Rain,33,1926,35,Low,1,1,1,3,Monitor
2923,12434,Superfast,ADI,Ahmedabad Junction,HWH,Howrah Junction,2026-03-09,09:00,90,At Risk,Maintenance Work,252,58,16,Rain,24,5837,52,Medium,1,0,1,95,Notify station control
2924,14485,Intercity,ALD,Prayagraj Junction,GKP,Gorakhpur,2026-05-27,22:00,45,Delayed,Weather,642,96,4,Fog,43,670,58,Medium,0,1,1,54,Notify station control
2925,12013,Vande Bharat,JP,Jaipur Junction,MAS,Chennai Central,2026-05-13,05:30,0,On Time,No Delay,1524,83,7,Cloudy,31,3158,29,Low,0,1,0,0,Monitor
2926,14088,Vande Bharat,BBS,Bhubaneswar,GKP,Gorakhpur,2026-01-17,21:00,90,At Risk,Technical Fault,621,47,14,Heatwave,35,2963,53,Medium,0,0,1,92,Notify station control
2927,13038,Garib Rath,PUNE,Pune Junction,LKO,Lucknow Charbagh,2026-09-14,03:45,0,On Time,No Delay,689,85,3,Cloudy,37,988,33,Low,0,0,1,5,Monitor
2928,12161,Sampark Kranti,VSKP,Visakhapatnam,SBC,KSR Bengaluru City,2026-08-01,19:30,0,Completed,No Delay,335,73,17,Cloudy,41,4869,25,Low,0,0,0,9,Monitor
2929,12128,Superfast,HWH,Howrah Junction,CSTM,Mumbai CSMT,2026-06-12,00:00,0,On Time,No Delay,832,60,3,Storm,15,851,32,Low,0,0,1,0,Monitor
2930,12936,Shatabdi,BCT,Mumbai Central,JP,Jaipur Junction,2026-08-12,13:15,0,On Time,No Delay,1753,77,13,Fog,35,323,35,Low,0,1,0,6,Monitor
2931,12515,Express,MAS,Chennai Central,NDLS,New Delhi,2026-07-23,23:00,0,On Time,No Delay,1329,81,11,Cloudy,20,7828,24,Low,0,0,1,0,Monitor
2932,12086,Vande Bharat,VSKP,Visakhapatnam,MAS,Chennai Central,2026-07-16,15:30,0,On Time,No Delay,1243,98,7,Rain,40,2606,30,Low,0,1,0,9,Monitor
2933,14442,Vande Bharat,BPL,Bhopal Junction,NGP,Nagpur Junction,2026-06-16,20:30,30,At Risk,Weather,1214,72,18,Clear,33,8627,38,Low,0,0,1,26,Monitor
2934,14344,Express,NGP,Nagpur Junction,CNB,Kanpur Central,2026-07-18,21:15,60,Delayed,Weather,359,91,6,Fog,22,220,65,High,0,1,1,62,Reallocate platform and crew
2935,13112,Intercity,KOTA,Kota Junction,ALD,Prayagraj Junction,2026-04-09,20:00,0,On Time,No Delay,1247,44,11,Clear,17,1716,20,Low,0,0,1,9,Monitor
2936,14462,Express,ADI,Ahmedabad Junction,LKO,Lucknow Charbagh,2026-09-18,14:15,90,Delayed,Crew Delay,1376,77,15,Heatwave,35,1567,56,Medium,0,0,1,91,Notify station control
2937,14554,Rajdhani,BBS,Bhubaneswar,PNBE,Patna Junction,2026-09-10,12:15,60,At Risk,Weather,1675,100,11,Clear,35,798,57,Medium,0,1,1,65,Notify station control
2938,13227,Garib Rath,SDAH,Sealdah,CSTM,Mumbai CSMT,2026-02-22,07:15,40,At Risk,Platform Change,831,58,4,Clear,25,4112,34,Low,0,0,0,39,Monitor
2939,14280,Rajdhani,KOTA,Kota Junction,PNBE,Patna Junction,2026-08-01,23:30,75,Delayed,Platform Change,824,83,9,Rain,27,7015,60,Medium,0,0,1,71,Notify station control
2940,14654,Express,GKP,Gorakhpur,PUNE,Pune Junction,2026-03-09,12:30,0,On Time,No Delay,1588,43,11,Storm,25,3002,28,Low,0,1,0,7,Monitor
2941,14647,Express,LKO,Lucknow Charbagh,SDAH,Sealdah,2026-02-17,01:00,20,Delayed,Track Obstruction,956,68,6,Heatwave,19,7887,35,Low,0,0,0,18,Monitor
2942,12877,Jan Shatabdi,SDAH,Sealdah,CSTM,Mumbai CSMT,2026-08-08,09:15,0,On Time,No Delay,1272,73,9,Rain,28,5461,29,Low,0,0,1,5,Monitor
2943,12530,Sampark Kranti,SDAH,Sealdah,GKP,Gorakhpur,2026-06-19,16:00,0,On Time,No Delay,1536,74,8,Clear,27,6693,27,Low,1,1,0,3,Monitor
2944,13277,Jan Shatabdi,PNBE,Patna Junction,ADI,Ahmedabad Junction,2026-02-21,06:45,120,At Risk,Maintenance Work,826,70,17,Clear,22,5787,70,High,1,0,1,119,Reallocate platform and crew
2945,12839,Intercity,BCT,Mumbai Central,MAS,Chennai Central,2026-01-27,13:15,30,At Risk,Late Incoming Train,1438,72,13,Clear,26,760,38,Low,0,0,0,34,Monitor
2946,13293,Superfast,NGP,Nagpur Junction,JP,Jaipur Junction,2026-05-26,04:00,120,Delayed,Weather,728,55,10,Clear,26,4273,63,Medium,1,0,1,119,Notify station control
2947,14140,Sampark Kranti,GKP,Gorakhpur,MAS,Chennai Central,2026-02-05,20:30,0,On Time,No Delay,270,70,3,Cloudy,18,2567,21,Low,0,0,0,0,Monitor
2948,13266,Garib Rath,CSTM,Mumbai CSMT,PUNE,Pune Junction,2026-01-25,17:45,0,On Time,No Delay,401,72,13,Clear,35,5738,23,Low,0,0,0,2,Monitor
2949,13110,Sampark Kranti,BBS,Bhubaneswar,PNBE,Patna Junction,2026-04-06,13:45,0,On Time,No Delay,540,89,1,Clear,29,4263,28,Low,1,0,0,9,Monitor
2950,12955,Garib Rath,ADI,Ahmedabad Junction,GKP,Gorakhpur,2026-05-08,14:45,0,Completed,No Delay,1770,96,2,Clear,40,3721,28,Low,0,1,0,1,Monitor
2951,12196,Superfast,BBS,Bhubaneswar,PUNE,Pune Junction,2026-03-22,21:00,18,Delayed,Platform Change,1702,73,14,Clear,31,2733,29,Low,0,1,0,21,Monitor
2952,13165,Jan Shatabdi,SDAH,Sealdah,BPL,Bhopal Junction,2026-03-25,10:45,20,Delayed,Technical Fault,1591,89,7,Rain,14,8118,38,Low,0,1,0,18,Monitor
2953,14108,Express,NDLS,New Delhi,VSKP,Visakhapatnam,2026-04-27,03:30,18,Delayed,Weather,699,98,10,Fog,37,560,50,Medium,0,1,0,27,Notify station control
2954,14227,Shatabdi,NGP,Nagpur Junction,ALD,Prayagraj Junction,2026-06-17,06:00,15,Delayed,Platform Change,785,59,11,Clear,33,7332,26,Low,0,0,0,18,Monitor
2955,12025,Superfast,NDLS,New Delhi,KOTA,Kota Junction,2026-03-13,09:15,45,Delayed,Maintenance Work,456,59,16,Cloudy,25,864,43,Medium,1,0,0,45,Notify station control
2956,12531,Jan Shatabdi,HWH,Howrah Junction,NDLS,New Delhi,2026-01-13,20:30,18,At Risk,Late Incoming Train,1300,91,1,Heatwave,29,4386,37,Low,0,1,1,26,Monitor
2957,12373,Intercity,GKP,Gorakhpur,NDLS,New Delhi,2026-09-16,00:00,30,Delayed,Crew Delay,887,67,11,Clear,39,736,33,Low,0,0,0,27,Monitor
2958,14418,Duronto,NDLS,New Delhi,CSTM,Mumbai CSMT,2026-07-25,01:00,0,On Time,No Delay,662,80,5,Clear,37,3033,24,Low,1,0,0,2,Monitor
2959,13210,Express,JP,Jaipur Junction,VSKP,Visakhapatnam,2026-02-16,06:00,0,On Time,No Delay,368,69,6,Fog,22,556,40,Medium,1,0,0,6,Notify station control
2960,13008,Intercity,BPL,Bhopal Junction,VSKP,Visakhapatnam,2026-04-27,11:00,45,Delayed,Platform Change,1775,100,2,Cloudy,19,7916,47,Medium,0,1,0,43,Notify station control
2961,13002,Intercity,SDAH,Sealdah,LKO,Lucknow Charbagh,2026-07-10,12:45,20,At Risk,Maintenance Work,1786,78,12,Clear,18,4811,31,Low,0,1,0,28,Monitor
2962,13299,Garib Rath,BPL,Bhopal Junction,BBS,Bhubaneswar,2026-01-27,00:00,0,On Time,No Delay,425,71,9,Fog,19,811,38,Low,0,0,0,4,Monitor
2963,12825,Express,SBC,KSR Bengaluru City,BBS,Bhubaneswar,2026-04-08,15:45,120,Delayed,Signal Failure,1732,58,6,Rain,20,3256,64,Medium,1,1,1,125,Notify station control
2964,12693,Vande Bharat,MAS,Chennai Central,SDAH,Sealdah,2026-09-14,13:00,0,On Time,No Delay,881,78,9,Clear,17,8012,27,Low,0,0,1,7,Monitor
2965,12103,Superfast,BCT,Mumbai Central,CSTM,Mumbai CSMT,2026-05-02,04:45,12,Delayed,Platform Change,513,68,8,Cloudy,33,3826,31,Low,0,0,0,13,Monitor
2966,12712,Superfast,GKP,Gorakhpur,BPL,Bhopal Junction,2026-06-15,10:00,0,Completed,No Delay,898,66,17,Clear,15,609,25,Low,0,0,1,10,Monitor
2967,14398,Vande Bharat,SBC,KSR Bengaluru City,HWH,Howrah Junction,2026-04-21,17:00,15,At Risk,Maintenance Work,291,66,9,Heatwave,22,6659,30,Low,0,0,0,20,Monitor
2968,13192,Garib Rath,PUNE,Pune Junction,ALD,Prayagraj Junction,2026-08-28,14:15,35,At Risk,Crew Delay,509,59,13,Clear,37,4884,34,Low,0,0,0,44,Monitor
2969,12109,Rajdhani,PUNE,Pune Junction,PNBE,Patna Junction,2026-09-05,12:15,20,Delayed,Congestion,783,82,16,Clear,16,3312,36,Low,0,0,0,22,Monitor
2970,13054,Sampark Kranti,BBS,Bhubaneswar,VSKP,Visakhapatnam,2026-07-13,03:00,5,Delayed,Signal Failure,795,48,4,Clear,30,7405,23,Low,0,0,0,12,Monitor
2971,14474,Duronto,ALD,Prayagraj Junction,MAS,Chennai Central,2026-04-23,12:15,5,At Risk,Weather,1209,66,18,Storm,39,4190,34,Low,0,0,0,15,Monitor
2972,14518,Jan Shatabdi,HWH,Howrah Junction,JP,Jaipur Junction,2026-07-07,08:30,75,Delayed,Weather,1236,80,13,Storm,17,8080,66,High,1,0,1,82,Reallocate platform and crew
2973,13236,Duronto,ADI,Ahmedabad Junction,KOTA,Kota Junction,2026-04-26,11:00,0,On Time,No Delay,1752,52,5,Clear,24,5921,21,Low,0,1,0,2,Monitor
2974,13152,Vande Bharat,ALD,Prayagraj Junction,VSKP,Visakhapatnam,2026-02-20,05:45,0,On Time,No Delay,378,65,2,Clear,30,8782,23,Low,0,0,0,2,Monitor
2975,14165,Vande Bharat,MAS,Chennai Central,BBS,Bhubaneswar,2026-08-15,21:00,0,On Time,No Delay,1584,69,17,Cloudy,16,9424,21,Low,0,1,0,7,Monitor
2976,12737,Rajdhani,HWH,Howrah Junction,NDLS,New Delhi,2026-05-04,15:00,0,On Time,No Delay,1186,69,8,Storm,27,1382,37,Low,0,0,1,4,Monitor
2977,14301,Rajdhani,PNBE,Patna Junction,ADI,Ahmedabad Junction,2026-02-03,23:15,5,At Risk,Track Obstruction,646,77,6,Rain,37,2224,27,Low,0,0,0,0,Monitor
2978,12346,Jan Shatabdi,GKP,Gorakhpur,MAS,Chennai Central,2026-07-10,10:45,10,At Risk,Maintenance Work,1752,100,16,Cloudy,44,2712,35,Low,0,1,1,14,Monitor
2979,12955,Jan Shatabdi,CSTM,Mumbai CSMT,ALD,Prayagraj Junction,2026-01-21,18:00,12,Delayed,Late Incoming Train,1704,80,13,Clear,44,5678,34,Low,0,1,1,21,Monitor
2980,14195,Shatabdi,JP,Jaipur Junction,ALD,Prayagraj Junction,2026-02-19,15:45,5,Delayed,Weather,636,67,17,Fog,42,214,42,Medium,0,0,1,12,Notify station control
2981,12449,Intercity,ALD,Prayagraj Junction,CSTM,Mumbai CSMT,2026-07-12,14:30,0,On Time,No Delay,422,54,6,Cloudy,37,7796,25,Low,0,0,1,9,Monitor
2982,13177,Express,ALD,Prayagraj Junction,NGP,Nagpur Junction,2026-06-02,23:45,40,Delayed,Maintenance Work,1184,95,14,Cloudy,29,3805,49,Medium,0,1,1,35,Notify station control
2983,12684,Vande Bharat,PNBE,Patna Junction,SDAH,Sealdah,2026-09-17,12:30,25,At Risk,Weather,1339,77,10,Fog,36,175,50,Medium,0,0,1,25,Notify station control
2984,14132,Jan Shatabdi,VSKP,Visakhapatnam,BCT,Mumbai Central,2026-03-03,07:15,999,Cancelled,Platform Change,186,92,12,Clear,18,1632,100,Critical,0,1,1,999,Escalate to operations command
2985,14357,Jan Shatabdi,NDLS,New Delhi,CNB,Kanpur Central,2026-08-20,23:00,5,Delayed,Weather,1385,68,16,Storm,26,3871,35,Low,0,0,0,6,Monitor
2986,14017,Vande Bharat,KOTA,Kota Junction,NDLS,New Delhi,2026-01-21,17:30,10,Delayed,Weather,640,64,10,Clear,23,1590,28,Low,0,0,1,20,Monitor
2987,14216,Shatabdi,ALD,Prayagraj Junction,BPL,Bhopal Junction,2026-02-14,04:45,18,At Risk,Late Incoming Train,1472,67,8,Clear,22,3610,31,Low,0,0,0,24,Monitor
2988,12802,Jan Shatabdi,VSKP,Visakhapatnam,MAS,Chennai Central,2026-07-15,01:00,18,Delayed,Maintenance Work,296,94,3,Cloudy,42,4340,35,Low,0,1,1,16,Monitor
2989,14360,Shatabdi,KOTA,Kota Junction,CSTM,Mumbai CSMT,2026-03-06,02:15,5,Delayed,Congestion,1645,55,6,Clear,36,1038,23,Low,1,1,0,2,Monitor
2990,14583,Intercity,HWH,Howrah Junction,GKP,Gorakhpur,2026-08-23,08:00,0,On Time,No Delay,819,58,13,Clear,17,1772,22,Low,0,0,0,2,Monitor
2991,13147,Garib Rath,ADI,Ahmedabad Junction,VSKP,Visakhapatnam,2026-06-21,13:45,0,On Time,No Delay,555,100,11,Heavy Rain,25,9917,41,Medium,0,1,0,8,Notify station control
2992,12649,Vande Bharat,SBC,KSR Bengaluru City,NDLS,New Delhi,2026-05-07,10:15,0,On Time,No Delay,810,68,17,Clear,26,5752,20,Low,0,0,0,0,Monitor
2993,12273,Shatabdi,LKO,Lucknow Charbagh,NDLS,New Delhi,2026-04-09,02:30,0,On Time,No Delay,711,49,14,Clear,33,7296,24,Low,0,0,0,10,Monitor
2994,12836,Jan Shatabdi,LKO,Lucknow Charbagh,SDAH,Sealdah,2026-05-07,11:00,0,Completed,No Delay,1375,82,3,Clear,35,5483,26,Low,0,0,0,6,Monitor
2995,12149,Vande Bharat,PNBE,Patna Junction,ADI,Ahmedabad Junction,2026-02-28,05:45,30,Delayed,Platform Change,925,100,5,Cloudy,43,7767,40,Medium,0,1,0,26,Notify station control
2996,14334,Express,ADI,Ahmedabad Junction,PUNE,Pune Junction,2026-04-19,21:15,12,At Risk,Technical Fault,1505,94,1,Cloudy,25,1097,37,Low,1,1,0,10,Monitor
2997,12441,Sampark Kranti,PUNE,Pune Junction,NGP,Nagpur Junction,2026-03-17,23:15,0,Completed,No Delay,1311,60,4,Clear,17,3066,25,Low,1,0,0,4,Monitor
2998,14023,Vande Bharat,NDLS,New Delhi,BCT,Mumbai Central,2026-07-04,21:45,12,At Risk,Technical Fault,729,83,12,Cloudy,17,7090,33,Low,1,0,1,9,Monitor
2999,14611,Shatabdi,NDLS,New Delhi,PNBE,Patna Junction,2026-03-23,17:45,15,Delayed,Congestion,1337,93,12,Clear,20,1648,36,Low,0,1,1,17,Monitor
3000,13190,Rajdhani,SDAH,Sealdah,LKO,Lucknow Charbagh,2026-02-18,20:15,5,At Risk,Track Obstruction,725,92,15,Cloudy,35,8433,29,Low,0,1,0,13,Monitor
3001,13271,Duronto,JP,Jaipur Junction,LKO,Lucknow Charbagh,2026-03-07,04:15,12,At Risk,Platform Change,446,74,17,Clear,27,4966,32,Low,0,0,0,21,Monitor
3002,14026,Express,ADI,Ahmedabad Junction,MAS,Chennai Central,2026-05-11,04:45,0,Completed,No Delay,619,75,13,Cloudy,30,1587,24,Low,0,0,0,5,Monitor
3003,14245,Sampark Kranti,ALD,Prayagraj Junction,ADI,Ahmedabad Junction,2026-08-19,09:00,0,On Time,No Delay,759,70,10,Clear,20,4774,23,Low,0,0,0,0,Monitor
3004,12597,Superfast,BPL,Bhopal Junction,LKO,Lucknow Charbagh,2026-05-24,11:00,0,On Time,No Delay,1474,60,5,Cloudy,22,5197,26,Low,1,0,0,3,Monitor
3005,13141,Rajdhani,GKP,Gorakhpur,KOTA,Kota Junction,2026-07-14,05:30,90,At Risk,Weather,1191,88,4,Cloudy,37,5579,65,High,0,0,1,99,Reallocate platform and crew
3006,14023,Duronto,NDLS,New Delhi,SDAH,Sealdah,2026-03-10,16:30,0,On Time,No Delay,1098,90,15,Clear,17,4544,32,Low,1,1,1,4,Monitor
3007,14015,Superfast,GKP,Gorakhpur,SDAH,Sealdah,2026-09-06,00:45,0,On Time,No Delay,1729,67,1,Cloudy,24,7262,25,Low,0,1,0,0,Monitor
3008,14665,Jan Shatabdi,PNBE,Patna Junction,NDLS,New Delhi,2026-05-25,04:15,999,Cancelled,Weather,909,55,6,Storm,34,2184,100,Critical,1,0,1,999,Escalate to operations command
3009,14273,Shatabdi,CNB,Kanpur Central,ADI,Ahmedabad Junction,2026-03-16,19:15,0,On Time,No Delay,1183,89,1,Rain,19,5463,26,Low,0,0,0,0,Monitor
3010,14574,Jan Shatabdi,CNB,Kanpur Central,BBS,Bhubaneswar,2026-03-10,01:00,999,Cancelled,Weather,613,61,6,Clear,27,856,100,Critical,0,0,1,999,Escalate to operations command
3011,12102,Vande Bharat,VSKP,Visakhapatnam,PNBE,Patna Junction,2026-01-18,10:00,12,Delayed,Congestion,280,90,5,Cloudy,23,6546,30,Low,1,1,0,18,Monitor
3012,12518,Jan Shatabdi,CNB,Kanpur Central,CSTM,Mumbai CSMT,2026-02-04,14:00,0,On Time,No Delay,273,64,1,Clear,44,9680,25,Low,0,0,0,9,Monitor
3013,12131,Intercity,CNB,Kanpur Central,KOTA,Kota Junction,2026-07-17,08:15,0,On Time,No Delay,1655,59,12,Heatwave,33,650,25,Low,0,1,0,0,Monitor
3014,12473,Express,ADI,Ahmedabad Junction,PUNE,Pune Junction,2026-08-03,18:30,75,Delayed,Track Obstruction,866,77,10,Cloudy,44,3316,58,Medium,0,0,1,80,Notify station control
3015,12106,Express,VSKP,Visakhapatnam,PNBE,Patna Junction,2026-06-20,04:00,0,Completed,No Delay,350,74,2,Cloudy,21,6304,24,Low,0,0,0,2,Monitor
3016,12635,Rajdhani,BBS,Bhubaneswar,MAS,Chennai Central,2026-02-22,20:30,0,Completed,No Delay,357,52,12,Rain,24,9033,23,Low,0,0,0,8,Monitor
3017,14108,Intercity,PUNE,Pune Junction,GKP,Gorakhpur,2026-02-20,04:45,0,On Time,No Delay,478,100,4,Clear,41,8851,35,Low,1,1,0,5,Monitor
3018,13016,Express,LKO,Lucknow Charbagh,KOTA,Kota Junction,2026-04-26,14:30,0,On Time,No Delay,978,35,14,Clear,23,9290,13,Low,0,0,0,3,Monitor
3019,12273,Jan Shatabdi,NDLS,New Delhi,BCT,Mumbai Central,2026-07-12,08:30,0,On Time,No Delay,400,91,18,Clear,19,3268,29,Low,0,1,0,3,Monitor
3020,14681,Jan Shatabdi,CSTM,Mumbai CSMT,ALD,Prayagraj Junction,2026-06-10,07:45,0,On Time,No Delay,1205,76,11,Cloudy,41,5636,23,Low,1,0,0,9,Monitor
3021,12183,Vande Bharat,GKP,Gorakhpur,ALD,Prayagraj Junction,2026-01-01,13:30,0,On Time,No Delay,705,56,1,Cloudy,23,4769,18,Low,1,0,0,0,Monitor
3022,12278,Jan Shatabdi,BPL,Bhopal Junction,GKP,Gorakhpur,2026-05-01,22:15,20,At Risk,Crew Delay,355,71,13,Heatwave,29,9951,36,Low,0,0,1,20,Monitor
3023,13101,Superfast,BCT,Mumbai Central,BBS,Bhubaneswar,2026-06-04,00:30,5,Delayed,Platform Change,749,83,13,Rain,28,2106,26,Low,0,0,1,3,Monitor
3024,12070,Intercity,KOTA,Kota Junction,MAS,Chennai Central,2026-02-17,11:45,0,On Time,No Delay,772,76,9,Rain,25,6155,29,Low,1,0,0,1,Monitor
3025,12873,Vande Bharat,BPL,Bhopal Junction,LKO,Lucknow Charbagh,2026-09-28,12:15,0,On Time,No Delay,1224,82,14,Cloudy,30,9283,29,Low,0,0,1,0,Monitor
3026,12277,Express,MAS,Chennai Central,BCT,Mumbai Central,2026-03-08,22:15,0,On Time,No Delay,226,81,16,Fog,34,875,40,Medium,0,0,1,0,Notify station control
3027,14370,Shatabdi,LKO,Lucknow Charbagh,CNB,Kanpur Central,2026-08-17,08:30,0,On Time,No Delay,1453,70,15,Rain,28,7158,22,Low,0,0,0,6,Monitor
3028,13260,Intercity,SDAH,Sealdah,JP,Jaipur Junction,2026-06-09,09:30,5,At Risk,Technical Fault,886,68,15,Clear,42,7038,25,Low,0,0,0,15,Monitor
3029,14173,Superfast,ALD,Prayagraj Junction,JP,Jaipur Junction,2026-06-10,20:30,0,On Time,No Delay,700,47,1,Clear,41,1393,23,Low,0,0,0,3,Monitor
3030,14022,Superfast,JP,Jaipur Junction,KOTA,Kota Junction,2026-08-13,12:45,0,On Time,No Delay,895,61,8,Clear,31,7783,26,Low,1,0,0,1,Monitor
3031,12433,Garib Rath,BBS,Bhubaneswar,CNB,Kanpur Central,2026-06-26,17:00,0,On Time,No Delay,672,100,11,Storm,29,9953,46,Medium,0,1,1,10,Notify station control
3032,12848,Rajdhani,HWH,Howrah Junction,MAS,Chennai Central,2026-03-05,14:00,90,At Risk,Platform Change,638,100,11,Cloudy,15,7206,69,High,0,1,1,86,Reallocate platform and crew
3033,12527,Sampark Kranti,NGP,Nagpur Junction,VSKP,Visakhapatnam,2026-04-05,13:00,45,Delayed,Platform Change,182,100,15,Clear,19,7126,48,Medium,1,1,0,50,Notify station control
3034,12818,Express,SBC,KSR Bengaluru City,CNB,Kanpur Central,2026-03-11,21:15,0,Completed,No Delay,348,100,18,Fog,18,298,42,Medium,0,1,0,0,Notify station control
3035,13261,Garib Rath,BCT,Mumbai Central,JP,Jaipur Junction,2026-05-23,16:15,0,On Time,No Delay,1295,100,12,Cloudy,21,4108,29,Low,0,1,1,0,Monitor
3036,12595,Jan Shatabdi,LKO,Lucknow Charbagh,VSKP,Visakhapatnam,2026-04-13,09:15,999,Cancelled,Track Obstruction,1770,55,17,Clear,22,9195,100,Critical,0,1,1,999,Escalate to operations command
3037,12491,Sampark Kranti,HWH,Howrah Junction,BPL,Bhopal Junction,2026-03-04,13:00,0,On Time,No Delay,1246,70,13,Clear,20,3728,28,Low,0,0,0,0,Monitor
3038,12366,Duronto,VSKP,Visakhapatnam,NDLS,New Delhi,2026-03-04,17:15,10,At Risk,Weather,868,77,16,Fog,22,769,39,Low,0,0,0,9,Monitor
3039,12084,Shatabdi,SBC,KSR Bengaluru City,LKO,Lucknow Charbagh,2026-03-12,06:45,10,Delayed,Weather,725,99,12,Cloudy,42,8057,36,Low,1,1,1,17,Monitor
3040,12363,Shatabdi,VSKP,Visakhapatnam,HWH,Howrah Junction,2026-06-28,19:15,8,At Risk,Congestion,1593,75,16,Clear,36,4697,26,Low,0,1,1,17,Monitor
3041,12117,Duronto,SBC,KSR Bengaluru City,NDLS,New Delhi,2026-02-26,19:45,0,On Time,No Delay,653,92,13,Clear,26,5397,28,Low,0,1,0,1,Monitor
3042,12209,Superfast,MAS,Chennai Central,CSTM,Mumbai CSMT,2026-08-14,20:30,0,On Time,No Delay,511,72,15,Storm,38,442,41,Medium,0,0,1,1,Notify station control
3043,12394,Shatabdi,SDAH,Sealdah,BCT,Mumbai Central,2026-05-19,10:45,25,Delayed,Track Obstruction,262,70,9,Clear,26,887,31,Low,0,0,0,30,Monitor
3044,13291,Superfast,NGP,Nagpur Junction,GKP,Gorakhpur,2026-09-08,18:15,0,On Time,No Delay,1403,71,12,Clear,20,8036,27,Low,0,0,1,0,Monitor
3045,12544,Vande Bharat,KOTA,Kota Junction,NDLS,New Delhi,2026-08-26,12:30,0,On Time,No Delay,1293,42,16,Clear,38,7004,19,Low,0,0,1,8,Monitor
3046,14546,Sampark Kranti,JP,Jaipur Junction,SBC,KSR Bengaluru City,2026-06-22,07:30,0,Completed,No Delay,384,66,9,Cloudy,27,4167,27,Low,0,0,0,0,Monitor
3047,14591,Shatabdi,VSKP,Visakhapatnam,ADI,Ahmedabad Junction,2026-04-21,22:30,0,Completed,No Delay,1669,53,15,Clear,31,2274,22,Low,0,1,0,0,Monitor
3048,12936,Express,ADI,Ahmedabad Junction,KOTA,Kota Junction,2026-03-04,20:30,35,At Risk,Late Incoming Train,907,74,13,Cloudy,38,5385,38,Low,0,0,0,40,Monitor
3049,14696,Sampark Kranti,VSKP,Visakhapatnam,SDAH,Sealdah,2026-08-13,09:45,0,On Time,No Delay,1650,81,7,Clear,39,9791,24,Low,0,1,0,3,Monitor
3050,12694,Sampark Kranti,HWH,Howrah Junction,MAS,Chennai Central,2026-03-27,00:45,0,On Time,No Delay,1695,77,5,Clear,42,5789,29,Low,0,1,1,0,Monitor
3051,12608,Sampark Kranti,VSKP,Visakhapatnam,BBS,Bhubaneswar,2026-08-11,06:00,0,Completed,No Delay,234,77,7,Cloudy,22,6859,28,Low,0,0,0,7,Monitor
3052,14525,Jan Shatabdi,KOTA,Kota Junction,CSTM,Mumbai CSMT,2026-04-20,16:30,0,Completed,No Delay,1580,96,3,Cloudy,30,3753,34,Low,0,1,1,5,Monitor
3053,13002,Superfast,ALD,Prayagraj Junction,LKO,Lucknow Charbagh,2026-03-03,15:45,0,On Time,No Delay,888,81,14,Cloudy,18,7846,28,Low,0,0,1,5,Monitor
3054,12540,Vande Bharat,MAS,Chennai Central,BBS,Bhubaneswar,2026-06-07,20:00,12,At Risk,Weather,731,79,12,Storm,27,6049,40,Medium,1,0,1,15,Notify station control
3055,12850,Vande Bharat,CSTM,Mumbai CSMT,LKO,Lucknow Charbagh,2026-09-04,06:00,0,On Time,No Delay,844,70,3,Clear,18,2631,22,Low,1,0,0,0,Monitor
3056,13178,Vande Bharat,SDAH,Sealdah,BCT,Mumbai Central,2026-01-06,22:30,0,On Time,No Delay,1444,100,8,Cloudy,14,9571,35,Low,0,1,0,0,Monitor
3057,14053,Sampark Kranti,CSTM,Mumbai CSMT,PNBE,Patna Junction,2026-01-22,00:45,60,Delayed,Weather,1606,57,13,Fog,36,498,56,Medium,0,1,1,64,Notify station control
3058,13089,Garib Rath,BBS,Bhubaneswar,PUNE,Pune Junction,2026-06-11,06:00,75,Delayed,Congestion,1390,70,1,Clear,37,2188,50,Medium,0,0,1,72,Notify station control
3059,13029,Garib Rath,HWH,Howrah Junction,SBC,KSR Bengaluru City,2026-05-01,06:00,20,Delayed,Weather,976,66,2,Clear,27,8091,33,Low,0,0,0,25,Monitor
3060,12524,Shatabdi,ADI,Ahmedabad Junction,ALD,Prayagraj Junction,2026-04-06,03:45,0,On Time,No Delay,856,80,16,Rain,19,608,32,Low,0,0,0,6,Monitor
3061,13141,Rajdhani,ALD,Prayagraj Junction,LKO,Lucknow Charbagh,2026-08-06,04:30,0,On Time,No Delay,1400,72,12,Fog,44,615,41,Medium,0,0,0,1,Notify station control
3062,12675,Duronto,GKP,Gorakhpur,KOTA,Kota Junction,2026-03-17,11:30,75,At Risk,Weather,1364,90,17,Fog,14,180,66,High,0,1,1,82,Reallocate platform and crew
3063,12141,Duronto,JP,Jaipur Junction,SBC,KSR Bengaluru City,2026-08-09,22:15,75,Delayed,Weather,1747,99,8,Clear,34,7593,56,Medium,0,1,1,84,Notify station control
3064,13107,Duronto,NDLS,New Delhi,CSTM,Mumbai CSMT,2026-09-12,18:00,35,Delayed,Weather,1086,91,8,Heavy Rain,33,7555,56,Medium,0,1,0,32,Notify station control
3065,13134,Duronto,CNB,Kanpur Central,NDLS,New Delhi,2026-05-01,21:45,999,Cancelled,Maintenance Work,1250,75,4,Cloudy,38,5334,100,Critical,0,0,1,999,Escalate to operations command
3066,13110,Superfast,BBS,Bhubaneswar,KOTA,Kota Junction,2026-07-18,16:30,60,Delayed,Technical Fault,454,80,4,Cloudy,43,3569,50,Medium,0,0,1,56,Notify station control
3067,14252,Vande Bharat,NDLS,New Delhi,LKO,Lucknow Charbagh,2026-09-10,04:45,0,On Time,No Delay,1596,95,16,Heavy Rain,38,1939,42,Medium,0,1,0,0,Notify station control
3068,14136,Shatabdi,BPL,Bhopal Junction,PNBE,Patna Junction,2026-08-04,12:30,25,Delayed,Weather,1015,73,13,Heavy Rain,38,7521,48,Medium,0,0,0,30,Notify station control
3069,12284,Shatabdi,PUNE,Pune Junction,NGP,Nagpur Junction,2026-05-16,17:15,0,On Time,No Delay,1240,57,5,Clear,23,1461,22,Low,0,0,1,0,Monitor
3070,12735,Vande Bharat,LKO,Lucknow Charbagh,VSKP,Visakhapatnam,2026-02-09,02:00,0,On Time,No Delay,431,96,3,Clear,14,3012,34,Low,0,1,0,1,Monitor
3071,12406,Shatabdi,CSTM,Mumbai CSMT,HWH,Howrah Junction,2026-09-02,05:00,35,Delayed,Late Incoming Train,370,98,14,Cloudy,17,9934,49,Medium,0,1,0,38,Notify station control
3072,13089,Jan Shatabdi,MAS,Chennai Central,JP,Jaipur Junction,2026-08-17,20:30,0,On Time,No Delay,1158,75,1,Fog,30,105,41,Medium,0,0,0,10,Notify station control
3073,12653,Garib Rath,VSKP,Visakhapatnam,ADI,Ahmedabad Junction,2026-07-14,19:15,0,On Time,No Delay,1566,69,6,Clear,26,2070,27,Low,0,1,1,5,Monitor
3074,12574,Express,NDLS,New Delhi,PNBE,Patna Junction,2026-04-07,09:30,0,On Time,No Delay,1764,91,8,Heavy Rain,36,2202,45,Medium,0,1,1,9,Notify station control
3075,14557,Superfast,CNB,Kanpur Central,PUNE,Pune Junction,2026-05-01,04:45,8,At Risk,Signal Failure,1589,81,11,Cloudy,26,8518,27,Low,1,1,0,7,Monitor
3076,14089,Duronto,PNBE,Patna Junction,SBC,KSR Bengaluru City,2026-08-11,02:30,30,Delayed,Weather,402,93,10,Cloudy,39,7800,43,Medium,0,1,0,26,Notify station control
3077,14622,Intercity,PUNE,Pune Junction,PNBE,Patna Junction,2026-01-22,00:00,999,Cancelled,Weather,223,96,5,Fog,21,779,100,Critical,0,1,1,999,Escalate to operations command
3078,14402,Intercity,MAS,Chennai Central,PNBE,Patna Junction,2026-03-04,04:00,15,Delayed,Platform Change,823,60,11,Cloudy,20,378,30,Low,0,0,0,14,Monitor
3079,12641,Jan Shatabdi,BPL,Bhopal Junction,NDLS,New Delhi,2026-09-07,17:00,18,At Risk,Technical Fault,646,80,10,Rain,22,2564,33,Low,1,0,0,15,Monitor
3080,14583,Sampark Kranti,ADI,Ahmedabad Junction,GKP,Gorakhpur,2026-07-25,12:00,0,On Time,No Delay,521,83,6,Heatwave,20,3438,25,Low,1,0,0,0,Monitor
3081,14557,Shatabdi,KOTA,Kota Junction,GKP,Gorakhpur,2026-05-12,21:30,0,On Time,No Delay,1748,66,4,Rain,21,4015,24,Low,0,1,0,5,Monitor
3082,14117,Duronto,JP,Jaipur Junction,ADI,Ahmedabad Junction,2026-06-20,21:45,8,Delayed,Weather,1430,75,16,Fog,39,349,44,Medium,0,0,0,11,Notify station control
3083,12663,Garib Rath,SBC,KSR Bengaluru City,BCT,Mumbai Central,2026-01-27,20:15,45,Delayed,Late Incoming Train,614,79,9,Cloudy,41,3942,41,Medium,0,0,1,41,Notify station control
3084,14232,Intercity,NDLS,New Delhi,BBS,Bhubaneswar,2026-06-15,07:15,60,At Risk,Congestion,1219,60,12,Cloudy,32,8800,45,Medium,0,0,1,70,Notify station control
3085,12765,Vande Bharat,PUNE,Pune Junction,CNB,Kanpur Central,2026-08-13,03:15,8,Delayed,Late Incoming Train,1661,98,10,Clear,39,1217,34,Low,1,1,0,16,Monitor
3086,12320,Rajdhani,VSKP,Visakhapatnam,ALD,Prayagraj Junction,2026-06-14,03:45,60,Delayed,Late Incoming Train,253,65,12,Clear,19,2919,44,Medium,0,0,1,59,Notify station control
3087,12407,Shatabdi,PUNE,Pune Junction,BBS,Bhubaneswar,2026-06-04,01:45,5,Delayed,Maintenance Work,837,67,13,Clear,28,7830,30,Low,1,0,0,9,Monitor
3088,12934,Sampark Kranti,VSKP,Visakhapatnam,JP,Jaipur Junction,2026-03-10,18:15,8,At Risk,Weather,434,65,13,Heavy Rain,29,8355,39,Low,0,0,0,4,Monitor
3089,12072,Vande Bharat,PUNE,Pune Junction,NDLS,New Delhi,2026-01-25,07:00,0,On Time,No Delay,1272,35,11,Clear,36,5427,20,Low,0,0,0,0,Monitor
3090,12827,Shatabdi,SBC,KSR Bengaluru City,BPL,Bhopal Junction,2026-09-16,22:30,25,At Risk,Crew Delay,403,81,5,Clear,43,9658,36,Low,0,0,0,20,Monitor
3091,14130,Duronto,GKP,Gorakhpur,KOTA,Kota Junction,2026-01-14,05:00,15,Delayed,Weather,1255,95,17,Fog,21,900,51,Medium,0,1,0,22,Notify station control
3092,14172,Intercity,ADI,Ahmedabad Junction,VSKP,Visakhapatnam,2026-05-18,12:45,0,Completed,No Delay,1753,80,8,Heatwave,31,1341,31,Low,1,1,0,7,Monitor
3093,13290,Sampark Kranti,BCT,Mumbai Central,BBS,Bhubaneswar,2026-06-09,21:15,0,Completed,No Delay,705,74,3,Rain,17,9240,25,Low,0,0,0,0,Monitor
3094,13043,Express,VSKP,Visakhapatnam,MAS,Chennai Central,2026-03-28,07:00,0,On Time,No Delay,1212,87,2,Rain,30,8399,26,Low,1,0,0,5,Monitor
3095,14224,Express,SDAH,Sealdah,SBC,KSR Bengaluru City,2026-05-03,23:45,45,Delayed,Congestion,524,38,5,Clear,21,1431,38,Low,0,0,0,43,Monitor
3096,14421,Intercity,BPL,Bhopal Junction,PUNE,Pune Junction,2026-06-07,22:30,45,Delayed,Weather,450,79,15,Heavy Rain,28,7937,53,Medium,0,0,0,48,Notify station control
3097,14137,Rajdhani,BPL,Bhopal Junction,LKO,Lucknow Charbagh,2026-03-19,02:45,25,Delayed,Late Incoming Train,1074,79,16,Clear,17,7297,39,Low,0,0,0,29,Monitor
3098,13299,Rajdhani,BBS,Bhubaneswar,SBC,KSR Bengaluru City,2026-01-16,22:45,0,On Time,No Delay,1402,56,1,Rain,43,9208,18,Low,0,0,0,0,Monitor
3099,12367,Duronto,ALD,Prayagraj Junction,PUNE,Pune Junction,2026-04-08,19:15,20,At Risk,Weather,324,61,2,Cloudy,20,3305,28,Low,0,0,0,25,Monitor
3100,12884,Garib Rath,MAS,Chennai Central,PNBE,Patna Junction,2026-03-10,09:45,30,At Risk,Congestion,1667,67,10,Rain,38,4939,36,Low,0,1,1,30,Monitor
3101,14140,Rajdhani,VSKP,Visakhapatnam,CSTM,Mumbai CSMT,2026-08-14,19:15,0,On Time,No Delay,973,51,9,Clear,18,394,22,Low,0,0,0,7,Monitor
3102,13211,Jan Shatabdi,SBC,KSR Bengaluru City,BBS,Bhubaneswar,2026-01-20,02:15,0,On Time,No Delay,1419,84,7,Storm,43,786,41,Medium,1,0,1,10,Notify station control
3103,12511,Duronto,PNBE,Patna Junction,CSTM,Mumbai CSMT,2026-06-25,23:00,999,Cancelled,Late Incoming Train,408,64,2,Clear,19,6669,100,Critical,0,0,1,999,Escalate to operations command
3104,12641,Intercity,KOTA,Kota Junction,SBC,KSR Bengaluru City,2026-09-09,00:00,0,On Time,No Delay,1219,88,10,Storm,23,4065,42,Medium,1,0,0,0,Notify station control
3105,12408,Rajdhani,MAS,Chennai Central,BPL,Bhopal Junction,2026-07-14,21:45,0,On Time,No Delay,1332,94,17,Clear,38,2228,28,Low,0,1,1,4,Monitor
3106,12025,Shatabdi,PNBE,Patna Junction,SBC,KSR Bengaluru City,2026-09-04,09:00,30,Delayed,Crew Delay,1153,73,12,Clear,16,3791,37,Low,1,0,0,38,Monitor
3107,14273,Sampark Kranti,KOTA,Kota Junction,BPL,Bhopal Junction,2026-02-19,08:00,12,At Risk,Congestion,319,75,9,Cloudy,33,7288,30,Low,1,0,0,14,Monitor
3108,14438,Superfast,CNB,Kanpur Central,NGP,Nagpur Junction,2026-08-06,04:30,20,Delayed,Signal Failure,383,75,2,Rain,40,7866,33,Low,1,0,1,20,Monitor
3109,12117,Duronto,BBS,Bhubaneswar,LKO,Lucknow Charbagh,2026-06-11,20:00,0,On Time,No Delay,1650,84,6,Clear,44,8080,26,Low,0,1,0,6,Monitor
3110,14174,Superfast,PUNE,Pune Junction,NDLS,New Delhi,2026-09-07,18:00,40,Delayed,Platform Change,1141,55,15,Clear,18,4194,38,Low,0,0,1,47,Monitor
3111,12253,Vande Bharat,VSKP,Visakhapatnam,LKO,Lucknow Charbagh,2026-04-15,23:15,60,Delayed,Platform Change,1725,42,1,Clear,33,9775,44,Medium,0,1,1,56,Notify station control
3112,14250,Garib Rath,MAS,Chennai Central,HWH,Howrah Junction,2026-06-13,10:00,20,Delayed,Weather,1479,79,12,Clear,23,4409,31,Low,1,0,0,20,Monitor
3113,12872,Garib Rath,LKO,Lucknow Charbagh,ALD,Prayagraj Junction,2026-03-27,18:15,0,On Time,No Delay,1348,79,8,Cloudy,40,5674,30,Low,0,0,0,7,Monitor
3114,12285,Express,CNB,Kanpur Central,CSTM,Mumbai CSMT,2026-08-01,21:30,60,At Risk,Crew Delay,1286,83,2,Clear,25,9129,49,Medium,0,0,1,67,Notify station control
3115,12363,Superfast,PUNE,Pune Junction,CNB,Kanpur Central,2026-07-04,05:45,10,Delayed,Platform Change,314,78,9,Clear,24,6805,28,Low,0,0,1,7,Monitor
3116,14369,Sampark Kranti,LKO,Lucknow Charbagh,BCT,Mumbai Central,2026-07-23,13:00,45,Delayed,Weather,835,73,7,Storm,42,8045,56,Medium,1,0,0,55,Notify station control
3117,13010,Shatabdi,KOTA,Kota Junction,BPL,Bhopal Junction,2026-06-15,09:45,90,Delayed,Weather,1624,49,3,Clear,29,7715,54,Medium,0,1,1,95,Notify station control
3118,13206,Jan Shatabdi,VSKP,Visakhapatnam,NDLS,New Delhi,2026-04-06,14:30,40,At Risk,Late Incoming Train,1657,80,17,Rain,35,3426,41,Medium,0,1,0,46,Notify station control
3119,12293,Superfast,JP,Jaipur Junction,CSTM,Mumbai CSMT,2026-06-05,14:15,15,Delayed,Signal Failure,352,88,13,Cloudy,19,6685,35,Low,1,0,0,12,Monitor
3120,14442,Garib Rath,NDLS,New Delhi,CSTM,Mumbai CSMT,2026-05-19,06:15,0,On Time,No Delay,1045,70,9,Fog,43,810,37,Low,0,0,1,0,Monitor
3121,13043,Jan Shatabdi,PUNE,Pune Junction,PNBE,Patna Junction,2026-09-11,18:15,0,On Time,No Delay,1666,79,3,Cloudy,22,9826,25,Low,0,1,0,0,Monitor
3122,12051,Intercity,PNBE,Patna Junction,MAS,Chennai Central,2026-01-02,00:15,20,Delayed,Maintenance Work,1609,65,3,Clear,15,9596,27,Low,0,1,0,15,Monitor
3123,13253,Shatabdi,MAS,Chennai Central,VSKP,Visakhapatnam,2026-01-05,23:30,5,Delayed,Late Incoming Train,1011,79,3,Cloudy,26,2653,30,Low,0,0,0,15,Monitor
3124,12198,Shatabdi,MAS,Chennai Central,BPL,Bhopal Junction,2026-03-16,02:45,0,On Time,No Delay,1355,63,4,Fog,25,286,34,Low,0,0,0,1,Monitor
3125,12349,Duronto,BPL,Bhopal Junction,NGP,Nagpur Junction,2026-08-15,09:30,0,On Time,No Delay,1790,82,4,Cloudy,40,1093,31,Low,0,1,0,10,Monitor
3126,14429,Garib Rath,BPL,Bhopal Junction,NDLS,New Delhi,2026-02-05,06:15,0,Completed,No Delay,723,93,4,Heatwave,29,5599,27,Low,1,1,0,9,Monitor
3127,12735,Sampark Kranti,HWH,Howrah Junction,CNB,Kanpur Central,2026-05-18,23:45,18,Delayed,Maintenance Work,767,79,8,Clear,28,6008,31,Low,0,0,1,22,Monitor
3128,14572,Duronto,BPL,Bhopal Junction,ALD,Prayagraj Junction,2026-01-06,16:30,0,Completed,No Delay,1650,77,15,Clear,35,3456,29,Low,0,1,1,0,Monitor
3129,12647,Superfast,KOTA,Kota Junction,NGP,Nagpur Junction,2026-04-11,18:30,0,Completed,No Delay,214,81,3,Rain,22,10000,30,Low,0,0,0,6,Monitor
3130,12274,Intercity,PUNE,Pune Junction,NDLS,New Delhi,2026-05-11,04:00,0,On Time,No Delay,1179,78,2,Cloudy,24,5050,25,Low,1,0,0,6,Monitor
3131,12182,Vande Bharat,NDLS,New Delhi,MAS,Chennai Central,2026-02-26,00:00,120,Delayed,Maintenance Work,329,76,14,Clear,14,5019,68,High,0,0,1,117,Reallocate platform and crew
3132,14463,Sampark Kranti,JP,Jaipur Junction,VSKP,Visakhapatnam,2026-06-23,13:45,15,Delayed,Signal Failure,1257,100,10,Clear,31,7371,37,Low,0,1,0,19,Monitor
3133,12580,Rajdhani,SDAH,Sealdah,SBC,KSR Bengaluru City,2026-03-20,06:45,0,Completed,No Delay,725,74,3,Cloudy,14,5988,30,Low,0,0,0,7,Monitor
3134,14102,Intercity,GKP,Gorakhpur,BCT,Mumbai Central,2026-02-15,11:15,0,On Time,No Delay,1188,82,5,Cloudy,36,4237,27,Low,1,0,0,1,Monitor
3135,14162,Rajdhani,BCT,Mumbai Central,LKO,Lucknow Charbagh,2026-04-18,05:45,0,On Time,No Delay,1608,100,13,Cloudy,18,7871,31,Low,0,1,0,0,Monitor
3136,14430,Duronto,JP,Jaipur Junction,SBC,KSR Bengaluru City,2026-09-07,14:15,60,Delayed,Technical Fault,441,77,11,Rain,15,7273,53,Medium,0,0,1,61,Notify station control
3137,12010,Garib Rath,SDAH,Sealdah,ADI,Ahmedabad Junction,2026-05-03,17:30,999,Cancelled,Maintenance Work,924,100,8,Clear,30,1220,100,Critical,0,1,1,999,Escalate to operations command
3138,12675,Express,MAS,Chennai Central,BCT,Mumbai Central,2026-01-19,17:00,0,On Time,No Delay,427,59,1,Clear,22,4730,20,Low,0,0,0,1,Monitor
3139,12733,Rajdhani,GKP,Gorakhpur,KOTA,Kota Junction,2026-06-17,21:30,75,Delayed,Signal Failure,1673,59,13,Rain,30,5079,52,Medium,0,1,1,82,Notify station control
3140,13124,Express,SDAH,Sealdah,SBC,KSR Bengaluru City,2026-08-16,10:00,45,Delayed,Congestion,1599,72,14,Cloudy,40,5104,41,Medium,1,1,0,44,Notify station control
3141,12447,Duronto,CSTM,Mumbai CSMT,PUNE,Pune Junction,2026-06-06,06:00,90,At Risk,Weather,461,91,6,Clear,16,7252,63,Medium,1,1,1,86,Notify station control
3142,14110,Garib Rath,ADI,Ahmedabad Junction,GKP,Gorakhpur,2026-02-06,08:00,0,On Time,No Delay,1614,56,8,Clear,35,5512,22,Low,0,1,0,10,Monitor
3143,12767,Intercity,JP,Jaipur Junction,KOTA,Kota Junction,2026-08-15,20:45,20,At Risk,Crew Delay,319,87,12,Clear,20,3873,39,Low,0,0,0,29,Monitor
3144,14041,Jan Shatabdi,SBC,KSR Bengaluru City,BCT,Mumbai Central,2026-04-21,00:15,0,On Time,No Delay,1062,69,12,Clear,23,6663,29,Low,0,0,1,0,Monitor
3145,13068,Shatabdi,BBS,Bhubaneswar,ALD,Prayagraj Junction,2026-07-04,19:00,0,Completed,No Delay,1565,68,5,Rain,44,9584,25,Low,0,1,1,1,Monitor
3146,12041,Intercity,VSKP,Visakhapatnam,LKO,Lucknow Charbagh,2026-09-17,12:45,0,On Time,No Delay,890,55,12,Heatwave,25,1887,17,Low,0,0,0,10,Monitor
3147,13172,Jan Shatabdi,HWH,Howrah Junction,CSTM,Mumbai CSMT,2026-02-12,12:15,10,Delayed,Late Incoming Train,1077,86,1,Cloudy,40,1597,35,Low,0,0,0,10,Monitor
3148,12150,Rajdhani,ADI,Ahmedabad Junction,MAS,Chennai Central,2026-06-09,07:30,0,On Time,No Delay,321,58,4,Fog,26,719,37,Low,0,0,0,10,Monitor
3149,14417,Shatabdi,SDAH,Sealdah,NGP,Nagpur Junction,2026-04-05,10:45,35,Delayed,Track Obstruction,1371,73,8,Rain,19,8436,41,Medium,0,0,1,33,Notify station control
3150,12324,Vande Bharat,CNB,Kanpur Central,SDAH,Sealdah,2026-08-05,02:00,20,At Risk,Weather,1435,53,2,Fog,24,499,43,Medium,0,0,0,23,Notify station control
3151,12699,Shatabdi,ADI,Ahmedabad Junction,NGP,Nagpur Junction,2026-05-10,11:15,60,At Risk,Maintenance Work,213,64,16,Rain,31,3728,45,Medium,0,0,1,55,Notify station control
3152,12329,Shatabdi,HWH,Howrah Junction,GKP,Gorakhpur,2026-02-08,11:00,0,On Time,No Delay,1087,60,1,Clear,44,9759,24,Low,0,0,0,10,Monitor
3153,12058,Intercity,LKO,Lucknow Charbagh,ADI,Ahmedabad Junction,2026-09-23,03:15,0,On Time,No Delay,404,59,13,Fog,36,213,36,Low,0,0,1,3,Monitor
3154,13030,Sampark Kranti,CSTM,Mumbai CSMT,LKO,Lucknow Charbagh,2026-06-22,16:30,0,On Time,No Delay,1774,52,15,Rain,40,2491,24,Low,0,1,0,0,Monitor
3155,12907,Duronto,LKO,Lucknow Charbagh,GKP,Gorakhpur,2026-03-11,05:45,0,On Time,No Delay,1170,98,5,Clear,17,9376,28,Low,0,1,1,8,Monitor
3156,12933,Garib Rath,GKP,Gorakhpur,SBC,KSR Bengaluru City,2026-01-28,17:15,0,On Time,No Delay,1638,73,2,Heatwave,26,7509,26,Low,0,1,0,4,Monitor
3157,12693,Garib Rath,NDLS,New Delhi,VSKP,Visakhapatnam,2026-03-26,07:45,0,On Time,No Delay,1183,94,17,Fog,22,251,42,Medium,0,1,0,9,Notify station control
3158,12689,Garib Rath,PUNE,Pune Junction,CNB,Kanpur Central,2026-03-11,07:30,90,Delayed,Weather,1248,89,14,Clear,30,8650,67,High,0,0,1,91,Reallocate platform and crew
3159,12558,Express,NDLS,New Delhi,SBC,KSR Bengaluru City,2026-09-16,21:45,0,On Time,No Delay,1366,86,9,Clear,29,2113,27,Low,0,0,0,10,Monitor
3160,12524,Shatabdi,LKO,Lucknow Charbagh,SDAH,Sealdah,2026-04-08,21:45,18,At Risk,Weather,248,76,10,Storm,14,2762,43,Medium,0,0,0,21,Notify station control
3161,12948,Vande Bharat,SBC,KSR Bengaluru City,GKP,Gorakhpur,2026-05-21,06:45,0,On Time,No Delay,291,85,14,Clear,21,9197,26,Low,0,0,1,7,Monitor
3162,13294,Sampark Kranti,LKO,Lucknow Charbagh,ALD,Prayagraj Junction,2026-05-26,10:30,0,Completed,No Delay,1420,85,16,Cloudy,31,5560,33,Low,0,0,0,0,Monitor
3163,14650,Express,PUNE,Pune Junction,MAS,Chennai Central,2026-07-13,07:15,120,Delayed,Weather,499,69,18,Fog,30,753,81,High,0,0,1,118,Reallocate platform and crew
3164,14305,Sampark Kranti,JP,Jaipur Junction,MAS,Chennai Central,2026-08-01,11:30,0,On Time,No Delay,1678,74,4,Clear,26,8666,23,Low,1,1,1,4,Monitor
3165,12287,Garib Rath,GKP,Gorakhpur,HWH,Howrah Junction,2026-01-15,11:15,999,Cancelled,Weather,1191,70,6,Clear,43,7247,100,Critical,0,0,1,999,Escalate to operations command
3166,12666,Vande Bharat,CNB,Kanpur Central,HWH,Howrah Junction,2026-02-11,22:15,0,On Time,No Delay,516,80,7,Clear,21,5247,30,Low,0,0,0,5,Monitor
3167,12177,Garib Rath,SDAH,Sealdah,PUNE,Pune Junction,2026-04-25,09:30,8,Delayed,Platform Change,1096,55,12,Clear,35,7390,21,Low,0,0,0,8,Monitor
3168,13263,Sampark Kranti,HWH,Howrah Junction,LKO,Lucknow Charbagh,2026-04-25,10:15,20,At Risk,Technical Fault,941,89,6,Cloudy,41,1953,41,Medium,0,0,1,24,Notify station control
3169,14329,Shatabdi,KOTA,Kota Junction,BCT,Mumbai Central,2026-04-05,00:45,10,At Risk,Late Incoming Train,1043,64,9,Rain,38,7640,28,Low,1,0,1,18,Monitor
3170,12213,Intercity,CSTM,Mumbai CSMT,GKP,Gorakhpur,2026-01-23,03:30,30,Delayed,Weather,473,79,13,Fog,38,697,51,Medium,1,0,1,27,Notify station control
3171,14487,Express,PUNE,Pune Junction,KOTA,Kota Junction,2026-02-28,03:45,0,On Time,No Delay,898,76,3,Fog,32,860,40,Medium,1,0,0,4,Notify station control
3172,13211,Garib Rath,JP,Jaipur Junction,MAS,Chennai Central,2026-09-19,20:15,0,On Time,No Delay,815,69,1,Heatwave,23,6163,21,Low,0,0,0,0,Monitor
3173,14415,Rajdhani,VSKP,Visakhapatnam,NDLS,New Delhi,2026-01-27,03:15,45,At Risk,Weather,638,92,4,Cloudy,15,784,46,Medium,0,1,1,45,Notify station control
3174,12886,Sampark Kranti,ALD,Prayagraj Junction,CNB,Kanpur Central,2026-09-14,13:45,90,Delayed,Platform Change,1766,65,8,Heatwave,17,5787,54,Medium,0,1,1,87,Notify station control
3175,12495,Sampark Kranti,BCT,Mumbai Central,JP,Jaipur Junction,2026-09-06,07:30,0,On Time,No Delay,1406,86,9,Rain,35,1054,33,Low,0,0,0,7,Monitor
3176,12869,Jan Shatabdi,GKP,Gorakhpur,PNBE,Patna Junction,2026-02-05,07:30,0,Completed,No Delay,1455,77,3,Clear,31,7159,25,Low,0,0,0,4,Monitor
3177,12145,Sampark Kranti,GKP,Gorakhpur,BPL,Bhopal Junction,2026-04-13,02:00,999,Cancelled,Signal Failure,1625,62,8,Rain,24,2581,100,Critical,0,1,1,999,Escalate to operations command
3178,14461,Rajdhani,PUNE,Pune Junction,ALD,Prayagraj Junction,2026-09-16,01:00,120,At Risk,Platform Change,511,86,17,Clear,22,8450,77,High,0,0,1,126,Reallocate platform and crew
3179,12853,Shatabdi,GKP,Gorakhpur,NGP,Nagpur Junction,2026-07-17,10:45,0,On Time,No Delay,752,35,17,Cloudy,41,6074,16,Low,0,0,1,0,Monitor
3180,14378,Superfast,VSKP,Visakhapatnam,BBS,Bhubaneswar,2026-01-08,20:45,0,On Time,No Delay,1445,72,15,Clear,38,5806,29,Low,1,0,0,1,Monitor
3181,14527,Duronto,CSTM,Mumbai CSMT,KOTA,Kota Junction,2026-04-28,12:15,0,On Time,No Delay,1786,42,13,Clear,17,6380,21,Low,0,1,0,9,Monitor
3182,12087,Vande Bharat,VSKP,Visakhapatnam,ALD,Prayagraj Junction,2026-07-26,03:15,90,Delayed,Platform Change,839,67,18,Clear,42,9221,54,Medium,0,0,1,99,Notify station control
3183,14044,Garib Rath,BCT,Mumbai Central,JP,Jaipur Junction,2026-03-06,06:00,0,On Time,No Delay,978,78,7,Clear,26,3495,30,Low,0,0,0,0,Monitor
3184,12308,Vande Bharat,JP,Jaipur Junction,MAS,Chennai Central,2026-02-06,07:15,18,Delayed,Weather,1496,90,18,Heatwave,28,9521,39,Low,0,1,0,19,Monitor
3185,14596,Vande Bharat,LKO,Lucknow Charbagh,BBS,Bhubaneswar,2026-02-08,06:45,120,At Risk,Congestion,1402,85,5,Rain,32,2426,75,High,0,0,1,119,Reallocate platform and crew
3186,13061,Garib Rath,NDLS,New Delhi,LKO,Lucknow Charbagh,2026-04-28,13:45,40,At Risk,Maintenance Work,1625,76,10,Clear,33,1582,38,Low,0,1,0,42,Monitor
3187,14419,Intercity,JP,Jaipur Junction,PUNE,Pune Junction,2026-04-23,12:00,10,Delayed,Signal Failure,1588,98,8,Clear,31,3539,39,Low,0,1,1,12,Monitor
3188,12964,Intercity,JP,Jaipur Junction,BCT,Mumbai Central,2026-02-01,12:30,0,On Time,No Delay,927,78,14,Clear,16,5535,28,Low,1,0,0,0,Monitor
3189,12522,Vande Bharat,SDAH,Sealdah,KOTA,Kota Junction,2026-02-26,01:00,0,On Time,No Delay,1702,52,11,Cloudy,36,8862,22,Low,0,1,0,1,Monitor
3190,12530,Duronto,NDLS,New Delhi,PNBE,Patna Junction,2026-05-04,00:15,15,At Risk,Maintenance Work,794,75,15,Rain,30,4183,35,Low,0,0,0,11,Monitor
3191,12820,Superfast,JP,Jaipur Junction,ADI,Ahmedabad Junction,2026-01-05,06:15,0,On Time,No Delay,726,65,16,Clear,30,5732,25,Low,0,0,1,3,Monitor
3192,12208,Sampark Kranti,PNBE,Patna Junction,SBC,KSR Bengaluru City,2026-03-08,09:00,0,On Time,No Delay,320,68,3,Clear,14,5086,26,Low,1,0,1,2,Monitor
3193,12919,Superfast,NDLS,New Delhi,MAS,Chennai Central,2026-09-15,14:45,0,On Time,No Delay,978,77,13,Cloudy,38,2883,27,Low,0,0,0,4,Monitor
3194,12289,Express,ALD,Prayagraj Junction,NGP,Nagpur Junction,2026-08-12,22:00,0,Completed,No Delay,1076,80,6,Cloudy,32,7132,24,Low,0,0,0,0,Monitor
3195,12909,Rajdhani,BCT,Mumbai Central,HWH,Howrah Junction,2026-06-05,16:00,15,At Risk,Technical Fault,613,89,4,Clear,29,7075,36,Low,0,0,0,15,Monitor
3196,14654,Rajdhani,BCT,Mumbai Central,LKO,Lucknow Charbagh,2026-01-09,04:00,30,At Risk,Signal Failure,944,80,2,Clear,30,5224,41,Medium,0,0,1,35,Notify station control
3197,12603,Jan Shatabdi,JP,Jaipur Junction,PNBE,Patna Junction,2026-04-22,06:30,90,At Risk,Technical Fault,971,77,17,Clear,41,4466,59,Medium,0,0,1,88,Notify station control
3198,12588,Shatabdi,ALD,Prayagraj Junction,BCT,Mumbai Central,2026-04-11,00:45,0,On Time,No Delay,1156,84,1,Cloudy,14,2625,27,Low,0,0,0,1,Monitor
3199,12986,Shatabdi,MAS,Chennai Central,BBS,Bhubaneswar,2026-02-13,03:30,45,At Risk,Signal Failure,1220,100,17,Cloudy,20,3041,50,Medium,0,1,0,52,Notify station control
3200,12829,Garib Rath,PUNE,Pune Junction,CNB,Kanpur Central,2026-05-21,13:30,12,Delayed,Late Incoming Train,1352,64,5,Rain,40,5336,32,Low,0,0,1,18,Monitor
3201,12708,Garib Rath,PUNE,Pune Junction,SBC,KSR Bengaluru City,2026-04-11,00:45,20,At Risk,Signal Failure,1544,58,11,Heatwave,31,1632,30,Low,0,1,0,18,Monitor
3202,13169,Rajdhani,SDAH,Sealdah,MAS,Chennai Central,2026-04-23,16:45,30,At Risk,Weather,1764,47,8,Cloudy,28,3508,29,Low,0,1,0,31,Monitor
3203,13271,Superfast,CNB,Kanpur Central,LKO,Lucknow Charbagh,2026-08-20,11:00,8,At Risk,Weather,199,74,7,Fog,31,803,40,Medium,1,0,0,18,Notify station control
3204,12851,Superfast,SBC,KSR Bengaluru City,MAS,Chennai Central,2026-05-02,23:45,0,On Time,No Delay,937,73,4,Clear,22,7423,23,Low,0,0,0,0,Monitor
3205,12736,Rajdhani,GKP,Gorakhpur,PNBE,Patna Junction,2026-02-28,14:15,0,On Time,No Delay,1794,96,14,Fog,34,141,40,Medium,1,1,0,0,Notify station control
3206,14026,Duronto,JP,Jaipur Junction,KOTA,Kota Junction,2026-08-11,04:45,0,On Time,No Delay,1512,86,8,Clear,41,7905,33,Low,0,1,0,5,Monitor
3207,12533,Rajdhani,HWH,Howrah Junction,SBC,KSR Bengaluru City,2026-04-11,01:00,999,Cancelled,Congestion,1355,85,11,Clear,41,9142,100,Critical,1,0,1,999,Escalate to operations command
3208,14461,Garib Rath,MAS,Chennai Central,SDAH,Sealdah,2026-06-03,20:00,0,On Time,No Delay,1390,100,16,Rain,25,8299,35,Low,0,1,0,3,Monitor
3209,12924,Shatabdi,MAS,Chennai Central,VSKP,Visakhapatnam,2026-08-21,19:45,15,Delayed,Weather,788,97,9,Fog,42,372,50,Medium,1,1,0,24,Notify station control
3210,14686,Duronto,KOTA,Kota Junction,SBC,KSR Bengaluru City,2026-04-01,09:15,0,On Time,No Delay,344,86,12,Clear,37,7923,25,Low,0,0,0,3,Monitor
3211,14415,Superfast,ADI,Ahmedabad Junction,JP,Jaipur Junction,2026-01-05,19:00,999,Cancelled,Late Incoming Train,1143,73,16,Rain,43,3679,100,Critical,0,0,1,999,Escalate to operations command
3212,12170,Shatabdi,PUNE,Pune Junction,NDLS,New Delhi,2026-08-18,13:15,5,At Risk,Track Obstruction,323,86,4,Clear,34,5209,27,Low,0,0,0,15,Monitor
3213,12633,Jan Shatabdi,CSTM,Mumbai CSMT,VSKP,Visakhapatnam,2026-01-26,16:15,0,On Time,No Delay,769,76,7,Rain,23,4572,29,Low,0,0,0,10,Monitor
3214,12468,Jan Shatabdi,PUNE,Pune Junction,GKP,Gorakhpur,2026-04-26,04:45,60,Delayed,Maintenance Work,1517,81,3,Clear,32,5659,52,Medium,1,1,1,55,Notify station control
3215,13229,Superfast,HWH,Howrah Junction,LKO,Lucknow Charbagh,2026-03-07,16:15,0,On Time,No Delay,805,59,14,Clear,20,9196,22,Low,0,0,0,0,Monitor
3216,14208,Garib Rath,SDAH,Sealdah,MAS,Chennai Central,2026-03-09,11:00,25,Delayed,Weather,1156,83,10,Fog,14,243,49,Medium,0,0,0,31,Notify station control
3217,12716,Rajdhani,MAS,Chennai Central,ADI,Ahmedabad Junction,2026-08-21,08:00,45,Delayed,Late Incoming Train,1674,89,3,Cloudy,22,4160,49,Medium,0,1,0,45,Notify station control
3218,12885,Garib Rath,GKP,Gorakhpur,KOTA,Kota Junction,2026-02-24,09:45,10,Delayed,Track Obstruction,1658,77,7,Cloudy,40,2663,29,Low,1,1,0,6,Monitor
3219,12645,Garib Rath,HWH,Howrah Junction,ADI,Ahmedabad Junction,2026-06-15,14:00,25,Delayed,Technical Fault,1752,69,13,Cloudy,20,5064,36,Low,0,1,0,23,Monitor
3220,14133,Sampark Kranti,ALD,Prayagraj Junction,BCT,Mumbai Central,2026-02-21,08:00,0,On Time,No Delay,1502,88,7,Rain,33,7325,29,Low,0,1,0,6,Monitor
3221,14397,Duronto,GKP,Gorakhpur,NDLS,New Delhi,2026-04-16,22:15,90,At Risk,Maintenance Work,743,66,5,Clear,25,591,58,Medium,0,0,1,98,Notify station control
3222,12648,Vande Bharat,NGP,Nagpur Junction,JP,Jaipur Junction,2026-09-07,00:30,18,Delayed,Platform Change,679,85,2,Clear,29,1283,37,Low,1,0,0,14,Monitor
3223,13228,Duronto,MAS,Chennai Central,GKP,Gorakhpur,2026-07-13,15:15,0,On Time,No Delay,1006,67,16,Clear,23,8116,22,Low,1,0,0,4,Monitor
3224,12352,Rajdhani,LKO,Lucknow Charbagh,SDAH,Sealdah,2026-04-09,19:45,35,Delayed,Late Incoming Train,1392,86,15,Clear,39,4876,45,Medium,1,0,0,30,Notify station control
3225,14626,Superfast,ADI,Ahmedabad Junction,PNBE,Patna Junction,2026-07-15,02:15,0,On Time,No Delay,868,82,4,Rain,37,5619,26,Low,0,0,0,0,Monitor
3226,12112,Vande Bharat,NGP,Nagpur Junction,PNBE,Patna Junction,2026-05-26,02:30,10,Delayed,Maintenance Work,628,69,6,Clear,39,2633,25,Low,1,0,0,19,Monitor
3227,14295,Duronto,ADI,Ahmedabad Junction,PNBE,Patna Junction,2026-07-05,14:45,0,On Time,No Delay,641,100,15,Clear,37,6645,34,Low,1,1,0,9,Monitor
3228,12774,Intercity,SDAH,Sealdah,JP,Jaipur Junction,2026-09-19,02:45,8,Delayed,Crew Delay,259,50,2,Rain,28,9958,24,Low,0,0,0,8,Monitor
3229,12686,Superfast,PNBE,Patna Junction,BBS,Bhubaneswar,2026-04-11,23:00,25,At Risk,Track Obstruction,402,59,4,Cloudy,37,6592,29,Low,1,0,1,32,Monitor
3230,14660,Vande Bharat,BCT,Mumbai Central,BPL,Bhopal Junction,2026-08-25,21:15,0,On Time,No Delay,1023,75,17,Heavy Rain,24,332,34,Low,0,0,0,4,Monitor
3231,13284,Shatabdi,GKP,Gorakhpur,PUNE,Pune Junction,2026-09-13,07:45,0,On Time,No Delay,495,95,2,Clear,31,7589,32,Low,1,1,1,0,Monitor
3232,14030,Sampark Kranti,BBS,Bhubaneswar,VSKP,Visakhapatnam,2026-06-12,00:30,0,On Time,No Delay,942,63,5,Clear,29,4210,23,Low,0,0,1,0,Monitor
3233,12815,Vande Bharat,NDLS,New Delhi,GKP,Gorakhpur,2026-01-16,15:45,0,Completed,No Delay,1205,69,15,Clear,24,2744,28,Low,0,0,1,0,Monitor
3234,12548,Intercity,HWH,Howrah Junction,ALD,Prayagraj Junction,2026-03-06,21:30,75,At Risk,Signal Failure,530,72,18,Clear,34,360,51,Medium,0,0,1,70,Notify station control
3235,14011,Intercity,JP,Jaipur Junction,NGP,Nagpur Junction,2026-04-18,16:15,0,On Time,No Delay,916,62,6,Cloudy,41,6909,22,Low,0,0,0,10,Monitor
3236,12526,Jan Shatabdi,SBC,KSR Bengaluru City,KOTA,Kota Junction,2026-05-19,17:30,0,On Time,No Delay,1637,70,4,Cloudy,19,6777,26,Low,0,1,1,0,Monitor
3237,12922,Express,VSKP,Visakhapatnam,BBS,Bhubaneswar,2026-03-14,08:45,0,On Time,No Delay,1312,100,15,Clear,14,5574,31,Low,0,1,0,9,Monitor
3238,14553,Express,LKO,Lucknow Charbagh,SDAH,Sealdah,2026-02-24,01:00,30,At Risk,Track Obstruction,1206,65,3,Heatwave,36,7335,35,Low,1,0,0,26,Monitor
3239,14561,Express,CSTM,Mumbai CSMT,BBS,Bhubaneswar,2026-04-17,05:15,0,On Time,No Delay,275,84,1,Heatwave,34,4395,31,Low,0,0,0,8,Monitor
3240,13024,Duronto,PUNE,Pune Junction,CNB,Kanpur Central,2026-03-12,08:00,0,On Time,No Delay,518,78,9,Clear,24,6876,24,Low,0,0,0,0,Monitor
3241,12311,Vande Bharat,GKP,Gorakhpur,ADI,Ahmedabad Junction,2026-09-08,13:30,60,Delayed,Congestion,506,69,15,Clear,38,6681,46,Medium,1,0,1,68,Notify station control
3242,12077,Duronto,KOTA,Kota Junction,LKO,Lucknow Charbagh,2026-05-23,06:00,0,On Time,No Delay,1441,87,16,Cloudy,25,8345,26,Low,0,0,0,0,Monitor
3243,12931,Duronto,BPL,Bhopal Junction,HWH,Howrah Junction,2026-04-26,15:00,45,Delayed,Weather,1107,97,1,Heatwave,27,9725,51,Medium,1,1,0,43,Notify station control
3244,12975,Rajdhani,BCT,Mumbai Central,JP,Jaipur Junction,2026-09-01,06:00,12,Delayed,Platform Change,699,81,14,Clear,31,1184,32,Low,1,0,0,21,Monitor
3245,14280,Rajdhani,SDAH,Sealdah,BBS,Bhubaneswar,2026-01-08,18:45,0,On Time,No Delay,1288,75,17,Storm,36,5884,36,Low,0,0,1,3,Monitor
3246,12766,Rajdhani,BBS,Bhubaneswar,SBC,KSR Bengaluru City,2026-01-27,08:15,30,At Risk,Weather,1547,62,7,Heatwave,19,7145,37,Low,0,1,0,34,Monitor
3247,12005,Jan Shatabdi,SBC,KSR Bengaluru City,SDAH,Sealdah,2026-04-10,05:00,0,Completed,No Delay,948,91,7,Clear,44,3956,28,Low,1,1,0,10,Monitor
3248,14183,Garib Rath,CSTM,Mumbai CSMT,LKO,Lucknow Charbagh,2026-07-03,14:15,0,On Time,No Delay,1176,100,8,Clear,19,5488,29,Low,0,1,0,3,Monitor
3249,12829,Duronto,CSTM,Mumbai CSMT,SBC,KSR Bengaluru City,2026-04-11,20:15,0,On Time,No Delay,1352,87,16,Cloudy,39,6829,26,Low,0,0,0,9,Monitor
3250,13050,Jan Shatabdi,BCT,Mumbai Central,CSTM,Mumbai CSMT,2026-06-09,03:15,0,Completed,No Delay,1099,72,5,Clear,29,3745,24,Low,0,0,1,0,Monitor
3251,12692,Rajdhani,MAS,Chennai Central,NGP,Nagpur Junction,2026-01-19,04:15,0,Completed,No Delay,390,85,2,Fog,43,644,43,Medium,0,0,0,0,Notify station control
3252,12660,Rajdhani,CSTM,Mumbai CSMT,ADI,Ahmedabad Junction,2026-05-07,01:45,0,On Time,No Delay,1613,49,2,Clear,20,8725,19,Low,0,1,0,0,Monitor
3253,14125,Garib Rath,SDAH,Sealdah,ALD,Prayagraj Junction,2026-02-13,01:15,0,On Time,No Delay,936,85,5,Clear,31,5803,28,Low,0,0,0,7,Monitor
3254,14026,Garib Rath,BBS,Bhubaneswar,ALD,Prayagraj Junction,2026-01-14,19:30,90,Delayed,Weather,1652,57,13,Fog,43,843,64,Medium,1,1,1,89,Notify station control
3255,12314,Rajdhani,LKO,Lucknow Charbagh,MAS,Chennai Central,2026-02-07,08:00,40,Delayed,Platform Change,405,62,16,Clear,36,9369,40,Medium,1,0,1,45,Notify station control
3256,14619,Jan Shatabdi,HWH,Howrah Junction,MAS,Chennai Central,2026-07-11,22:30,10,Delayed,Technical Fault,615,99,18,Clear,34,5616,38,Low,0,1,1,10,Monitor
3257,12165,Superfast,JP,Jaipur Junction,BPL,Bhopal Junction,2026-09-17,17:30,0,On Time,No Delay,867,52,2,Cloudy,26,9700,17,Low,0,0,1,4,Monitor
3258,12999,Garib Rath,KOTA,Kota Junction,ALD,Prayagraj Junction,2026-06-22,20:15,60,At Risk,Platform Change,1367,58,2,Clear,32,6293,46,Medium,0,0,1,64,Notify station control
3259,14374,Sampark Kranti,HWH,Howrah Junction,KOTA,Kota Junction,2026-03-19,07:15,0,On Time,No Delay,1759,58,2,Heatwave,31,8540,19,Low,0,1,0,5,Monitor
3260,14158,Rajdhani,SBC,KSR Bengaluru City,NGP,Nagpur Junction,2026-08-19,20:00,0,On Time,No Delay,1364,76,5,Cloudy,25,4135,27,Low,0,0,0,4,Monitor
3261,13129,Vande Bharat,PUNE,Pune Junction,SDAH,Sealdah,2026-03-05,03:15,0,On Time,No Delay,1730,51,1,Clear,23,1593,20,Low,0,1,0,0,Monitor
3262,13039,Garib Rath,HWH,Howrah Junction,CSTM,Mumbai CSMT,2026-01-22,22:00,0,On Time,No Delay,1721,66,12,Heatwave,14,2687,26,Low,0,1,0,4,Monitor
3263,12201,Express,BPL,Bhopal Junction,GKP,Gorakhpur,2026-07-01,14:15,0,On Time,No Delay,1172,63,16,Heatwave,21,542,25,Low,0,0,0,5,Monitor
3264,12140,Rajdhani,BBS,Bhubaneswar,MAS,Chennai Central,2026-02-15,17:30,0,On Time,No Delay,1562,49,10,Clear,14,4949,18,Low,0,1,0,0,Monitor
3265,12926,Intercity,NGP,Nagpur Junction,SBC,KSR Bengaluru City,2026-07-15,14:30,0,On Time,No Delay,246,93,9,Clear,21,1658,28,Low,1,1,1,8,Monitor
3266,13279,Jan Shatabdi,BPL,Bhopal Junction,JP,Jaipur Junction,2026-04-03,18:00,20,At Risk,Crew Delay,1743,86,5,Clear,15,9616,35,Low,0,1,0,18,Monitor
3267,12109,Garib Rath,PNBE,Patna Junction,BBS,Bhubaneswar,2026-08-18,07:00,0,On Time,No Delay,1141,79,6,Heatwave,29,4042,29,Low,0,0,1,0,Monitor
3268,12821,Superfast,JP,Jaipur Junction,NGP,Nagpur Junction,2026-08-07,04:15,18,At Risk,Weather,1475,72,7,Clear,33,7032,36,Low,0,0,1,26,Monitor
3269,12876,Duronto,BBS,Bhubaneswar,MAS,Chennai Central,2026-06-13,18:15,10,Delayed,Technical Fault,806,100,3,Clear,30,6901,38,Low,1,1,0,14,Monitor
3270,13104,Superfast,VSKP,Visakhapatnam,ADI,Ahmedabad Junction,2026-05-08,20:00,75,At Risk,Late Incoming Train,523,65,13,Cloudy,16,7336,55,Medium,0,0,1,73,Notify station control
3271,14407,Duronto,SDAH,Sealdah,CNB,Kanpur Central,2026-03-09,03:30,0,On Time,No Delay,350,66,14,Clear,15,5210,27,Low,0,0,0,4,Monitor
3272,13049,Duronto,SDAH,Sealdah,VSKP,Visakhapatnam,2026-08-13,12:00,60,Delayed,Platform Change,788,69,8,Clear,14,743,47,Medium,0,0,1,60,Notify station control
3273,12228,Sampark Kranti,CNB,Kanpur Central,SBC,KSR Bengaluru City,2026-03-09,05:45,20,At Risk,Maintenance Work,950,58,8,Cloudy,29,8039,32,Low,0,0,0,30,Monitor
3274,12223,Jan Shatabdi,PNBE,Patna Junction,JP,Jaipur Junction,2026-09-15,14:30,75,Delayed,Weather,453,92,17,Heavy Rain,18,7290,67,High,0,1,1,75,Reallocate platform and crew
3275,14540,Rajdhani,PNBE,Patna Junction,CSTM,Mumbai CSMT,2026-08-27,06:15,0,On Time,No Delay,543,83,3,Cloudy,37,475,27,Low,1,0,1,0,Monitor
3276,13265,Garib Rath,LKO,Lucknow Charbagh,ALD,Prayagraj Junction,2026-06-03,05:00,5,Delayed,Technical Fault,745,64,15,Clear,16,6643,24,Low,0,0,1,12,Monitor
3277,12346,Duronto,LKO,Lucknow Charbagh,ADI,Ahmedabad Junction,2026-03-22,07:15,120,Delayed,Weather,1131,76,14,Cloudy,44,9823,71,High,0,0,1,119,Reallocate platform and crew
3278,14204,Intercity,BPL,Bhopal Junction,SDAH,Sealdah,2026-04-11,09:15,0,On Time,No Delay,1326,74,3,Clear,20,8036,27,Low,0,0,0,5,Monitor
3279,12576,Rajdhani,CNB,Kanpur Central,CSTM,Mumbai CSMT,2026-01-02,08:30,0,On Time,No Delay,1338,80,18,Cloudy,25,6261,24,Low,0,0,0,4,Monitor
3280,13283,Intercity,CSTM,Mumbai CSMT,NDLS,New Delhi,2026-06-17,20:15,5,At Risk,Late Incoming Train,270,66,11,Clear,32,2862,28,Low,0,0,0,8,Monitor
3281,13163,Rajdhani,MAS,Chennai Central,SDAH,Sealdah,2026-05-20,16:45,0,On Time,No Delay,1291,75,2,Clear,19,9130,28,Low,1,0,0,0,Monitor
3282,14585,Shatabdi,CNB,Kanpur Central,VSKP,Visakhapatnam,2026-06-08,17:15,120,At Risk,Congestion,708,60,18,Cloudy,36,3380,67,High,0,0,1,117,Reallocate platform and crew
3283,13298,Garib Rath,PUNE,Pune Junction,NGP,Nagpur Junction,2026-06-26,12:45,0,On Time,No Delay,1135,72,8,Clear,23,2621,25,Low,1,0,0,9,Monitor
3284,13045,Intercity,CSTM,Mumbai CSMT,SDAH,Sealdah,2026-07-14,00:00,10,Delayed,Signal Failure,1401,65,13,Heatwave,23,1242,27,Low,1,0,1,19,Monitor
3285,12587,Sampark Kranti,BBS,Bhubaneswar,GKP,Gorakhpur,2026-08-24,22:15,0,On Time,No Delay,762,75,1,Clear,28,5090,27,Low,0,0,1,0,Monitor
3286,12015,Sampark Kranti,BBS,Bhubaneswar,SBC,KSR Bengaluru City,2026-05-28,11:45,999,Cancelled,Weather,989,59,12,Cloudy,39,2798,100,Critical,0,0,1,999,Escalate to operations command
3287,14589,Jan Shatabdi,LKO,Lucknow Charbagh,GKP,Gorakhpur,2026-02-27,09:30,20,Delayed,Weather,1331,72,8,Heavy Rain,36,9433,41,Medium,1,0,0,27,Notify station control
3288,13145,Express,VSKP,Visakhapatnam,KOTA,Kota Junction,2026-06-14,02:15,0,On Time,No Delay,881,88,14,Fog,36,542,43,Medium,0,0,0,10,Notify station control
3289,12721,Express,NDLS,New Delhi,MAS,Chennai Central,2026-09-15,21:45,60,At Risk,Track Obstruction,987,69,10,Clear,38,8481,45,Medium,1,0,1,69,Notify station control
3290,14038,Express,CNB,Kanpur Central,KOTA,Kota Junction,2026-02-21,18:45,0,On Time,No Delay,344,50,16,Heavy Rain,25,4018,30,Low,1,0,1,0,Monitor
3291,12263,Superfast,CNB,Kanpur Central,HWH,Howrah Junction,2026-07-20,13:45,0,On Time,No Delay,759,78,2,Clear,18,2231,23,Low,0,0,0,0,Monitor
3292,14165,Vande Bharat,BBS,Bhubaneswar,MAS,Chennai Central,2026-09-06,09:15,0,On Time,No Delay,544,71,13,Heavy Rain,43,3707,38,Low,0,0,1,1,Monitor
3293,14310,Duronto,NGP,Nagpur Junction,KOTA,Kota Junction,2026-02-21,09:45,999,Cancelled,Late Incoming Train,1589,69,15,Clear,17,6369,100,Critical,1,1,1,999,Escalate to operations command
3294,12580,Jan Shatabdi,NDLS,New Delhi,HWH,Howrah Junction,2026-07-01,15:00,0,On Time,No Delay,1382,70,9,Rain,35,6145,23,Low,0,0,0,0,Monitor
3295,12056,Intercity,CNB,Kanpur Central,BCT,Mumbai Central,2026-03-05,04:15,0,On Time,No Delay,859,79,9,Clear,24,6435,28,Low,1,0,0,7,Monitor
3296,13245,Sampark Kranti,BCT,Mumbai Central,NDLS,New Delhi,2026-04-10,04:00,999,Cancelled,Track Obstruction,788,73,9,Clear,18,1220,100,Critical,0,0,1,999,Escalate to operations command
3297,14123,Shatabdi,BPL,Bhopal Junction,GKP,Gorakhpur,2026-03-04,02:45,0,Completed,No Delay,1663,59,16,Clear,34,750,24,Low,0,1,1,0,Monitor
3298,12431,Rajdhani,BBS,Bhubaneswar,HWH,Howrah Junction,2026-02-14,21:45,0,On Time,No Delay,1219,83,8,Rain,42,6808,32,Low,1,0,0,6,Monitor
3299,12329,Intercity,CNB,Kanpur Central,GKP,Gorakhpur,2026-07-27,07:30,18,At Risk,Technical Fault,258,47,1,Clear,18,1946,24,Low,0,0,0,13,Monitor
3300,12638,Jan Shatabdi,BBS,Bhubaneswar,GKP,Gorakhpur,2026-04-10,09:30,30,Delayed,Late Incoming Train,477,67,9,Clear,36,7573,34,Low,0,0,0,25,Monitor
3301,13149,Intercity,HWH,Howrah Junction,BBS,Bhubaneswar,2026-08-26,12:00,10,At Risk,Weather,560,83,8,Fog,32,264,46,Medium,0,0,0,16,Notify station control
3302,12414,Intercity,BCT,Mumbai Central,PUNE,Pune Junction,2026-06-22,02:00,0,On Time,No Delay,1626,80,1,Heavy Rain,31,7829,37,Low,0,1,0,7,Monitor
3303,14369,Vande Bharat,KOTA,Kota Junction,PUNE,Pune Junction,2026-04-01,08:15,0,Completed,No Delay,217,73,3,Clear,26,8002,29,Low,1,0,0,0,Monitor
3304,14447,Sampark Kranti,BCT,Mumbai Central,HWH,Howrah Junction,2026-07-16,05:15,0,On Time,No Delay,1159,96,8,Clear,17,1581,34,Low,0,1,0,9,Monitor
3305,12566,Intercity,ADI,Ahmedabad Junction,HWH,Howrah Junction,2026-03-06,08:15,0,Completed,No Delay,1612,76,10,Rain,17,1194,23,Low,1,1,0,6,Monitor
3306,12804,Intercity,ADI,Ahmedabad Junction,JP,Jaipur Junction,2026-09-13,02:15,10,Delayed,Weather,1600,100,5,Fog,18,133,50,Medium,0,1,0,20,Notify station control
3307,13144,Sampark Kranti,ALD,Prayagraj Junction,MAS,Chennai Central,2026-09-06,01:00,0,On Time,No Delay,332,82,6,Clear,22,6035,27,Low,0,0,0,0,Monitor
3308,12358,Jan Shatabdi,ALD,Prayagraj Junction,NGP,Nagpur Junction,2026-03-09,04:00,0,On Time,No Delay,407,53,7,Cloudy,24,3969,21,Low,0,0,0,4,Monitor
3309,12196,Vande Bharat,CNB,Kanpur Central,BBS,Bhubaneswar,2026-09-25,02:00,45,Delayed,Congestion,1159,99,16,Cloudy,40,9725,46,Medium,0,1,1,40,Notify station control
3310,12284,Vande Bharat,VSKP,Visakhapatnam,SDAH,Sealdah,2026-01-05,04:30,18,Delayed,Track Obstruction,964,79,16,Rain,16,6628,36,Low,0,0,1,28,Monitor
3311,12554,Duronto,CSTM,Mumbai CSMT,BCT,Mumbai Central,2026-04-18,08:00,0,On Time,No Delay,207,48,1,Cloudy,38,9781,16,Low,0,0,0,4,Monitor
3312,12287,Shatabdi,LKO,Lucknow Charbagh,PUNE,Pune Junction,2026-09-15,14:00,18,At Risk,Maintenance Work,653,67,3,Clear,21,9935,31,Low,1,0,0,17,Monitor
3313,12919,Vande Bharat,SBC,KSR Bengaluru City,BCT,Mumbai Central,2026-03-23,14:45,60,Delayed,Signal Failure,1698,73,16,Cloudy,40,7818,50,Medium,0,1,1,68,Notify station control
3314,14348,Duronto,BCT,Mumbai Central,BBS,Bhubaneswar,2026-02-28,22:45,0,On Time,No Delay,1753,74,3,Fog,20,616,37,Low,0,1,0,4,Monitor
3315,14487,Superfast,ADI,Ahmedabad Junction,JP,Jaipur Junction,2026-09-21,16:30,12,At Risk,Weather,697,74,8,Heavy Rain,20,4563,41,Medium,0,0,0,8,Notify station control
3316,12068,Jan Shatabdi,LKO,Lucknow Charbagh,CSTM,Mumbai CSMT,2026-07-10,21:45,12,Delayed,Signal Failure,1251,84,15,Clear,22,9072,32,Low,0,0,0,14,Monitor
3317,14188,Duronto,NDLS,New Delhi,GKP,Gorakhpur,2026-04-05,08:45,40,At Risk,Maintenance Work,1200,58,18,Clear,17,7671,40,Medium,0,0,0,48,Notify station control
3318,12302,Shatabdi,PNBE,Patna Junction,CSTM,Mumbai CSMT,2026-09-23,02:30,15,At Risk,Late Incoming Train,1345,100,16,Clear,22,4968,38,Low,0,1,1,16,Monitor
3319,12979,Shatabdi,CSTM,Mumbai CSMT,NGP,Nagpur Junction,2026-07-23,13:00,5,At Risk,Weather,749,65,13,Cloudy,23,9735,30,Low,0,0,0,5,Monitor
3320,12362,Garib Rath,KOTA,Kota Junction,NDLS,New Delhi,2026-01-13,22:30,35,At Risk,Congestion,510,93,9,Clear,41,7002,48,Medium,0,1,0,44,Notify station control
3321,14504,Jan Shatabdi,BBS,Bhubaneswar,SBC,KSR Bengaluru City,2026-02-23,13:30,20,Delayed,Late Incoming Train,597,82,7,Clear,24,6219,32,Low,0,0,0,22,Monitor
3322,12432,Duronto,ADI,Ahmedabad Junction,SBC,KSR Bengaluru City,2026-08-26,15:45,0,On Time,No Delay,898,86,12,Cloudy,17,7155,31,Low,1,0,0,10,Monitor
3323,12930,Sampark Kranti,MAS,Chennai Central,BCT,Mumbai Central,2026-06-14,09:30,0,Completed,No Delay,1208,53,5,Fog,28,193,36,Low,1,0,1,7,Monitor
3324,14621,Jan Shatabdi,CNB,Kanpur Central,SBC,KSR Bengaluru City,2026-05-01,13:45,0,On Time,No Delay,725,74,16,Fog,27,692,38,Low,0,0,0,4,Monitor
3325,12920,Superfast,PNBE,Patna Junction,KOTA,Kota Junction,2026-04-19,17:15,0,On Time,No Delay,992,74,18,Cloudy,14,1503,23,Low,0,0,0,10,Monitor
3326,12189,Rajdhani,NDLS,New Delhi,SBC,KSR Bengaluru City,2026-07-24,01:00,75,At Risk,Congestion,1096,75,6,Cloudy,35,3625,55,Medium,0,0,1,83,Notify station control
3327,12275,Shatabdi,ALD,Prayagraj Junction,NGP,Nagpur Junction,2026-06-24,02:30,999,Cancelled,Platform Change,1566,75,14,Heatwave,32,5749,100,Critical,0,1,1,999,Escalate to operations command
3328,14263,Vande Bharat,BCT,Mumbai Central,LKO,Lucknow Charbagh,2026-07-08,05:15,0,On Time,No Delay,427,81,17,Clear,39,8965,26,Low,0,0,0,9,Monitor
3329,13153,Vande Bharat,PNBE,Patna Junction,LKO,Lucknow Charbagh,2026-09-06,17:00,25,At Risk,Signal Failure,556,77,3,Clear,29,9700,38,Low,0,0,0,24,Monitor
3330,13010,Rajdhani,PUNE,Pune Junction,NDLS,New Delhi,2026-01-23,10:45,0,On Time,No Delay,216,84,12,Clear,42,8835,25,Low,0,0,1,3,Monitor
3331,12605,Sampark Kranti,SDAH,Sealdah,ADI,Ahmedabad Junction,2026-07-26,08:30,0,On Time,No Delay,1629,90,17,Cloudy,30,5817,33,Low,0,1,0,3,Monitor
3332,14642,Garib Rath,PNBE,Patna Junction,SDAH,Sealdah,2026-05-15,03:45,0,On Time,No Delay,1156,72,7,Clear,21,3898,21,Low,0,0,0,0,Monitor
3333,12737,Duronto,BPL,Bhopal Junction,SDAH,Sealdah,2026-02-03,04:30,0,On Time,No Delay,275,100,17,Rain,39,1760,34,Low,0,1,0,4,Monitor
3334,14285,Jan Shatabdi,SDAH,Sealdah,BCT,Mumbai Central,2026-04-15,01:45,0,On Time,No Delay,1524,72,10,Cloudy,17,5270,25,Low,0,1,1,6,Monitor
3335,12782,Express,BCT,Mumbai Central,JP,Jaipur Junction,2026-07-24,05:15,0,On Time,No Delay,1621,68,12,Heatwave,44,4222,29,Low,0,1,0,5,Monitor
3336,12959,Intercity,SDAH,Sealdah,GKP,Gorakhpur,2026-02-20,07:30,0,On Time,No Delay,1177,84,10,Clear,39,9756,24,Low,0,0,1,0,Monitor
3337,13113,Garib Rath,ALD,Prayagraj Junction,HWH,Howrah Junction,2026-01-18,08:45,0,On Time,No Delay,939,51,2,Heavy Rain,15,5392,33,Low,0,0,1,7,Monitor
3338,12886,Garib Rath,GKP,Gorakhpur,CNB,Kanpur Central,2026-05-01,01:00,40,Delayed,Maintenance Work,1126,52,12,Heatwave,25,7319,38,Low,0,0,0,37,Monitor
3339,12579,Rajdhani,LKO,Lucknow Charbagh,SDAH,Sealdah,2026-02-15,04:15,999,Cancelled,Congestion,232,67,9,Cloudy,19,680,100,Critical,0,0,1,999,Escalate to operations command
3340,12929,Garib Rath,BCT,Mumbai Central,KOTA,Kota Junction,2026-09-16,06:30,0,On Time,No Delay,461,76,10,Clear,44,1686,29,Low,0,0,1,6,Monitor
3341,14120,Vande Bharat,HWH,Howrah Junction,ADI,Ahmedabad Junction,2026-08-17,18:30,0,On Time,No Delay,642,73,7,Rain,26,1425,26,Low,0,0,0,9,Monitor
3342,12542,Jan Shatabdi,SBC,KSR Bengaluru City,BPL,Bhopal Junction,2026-02-10,07:45,0,On Time,No Delay,832,82,11,Clear,34,9647,27,Low,0,0,0,0,Monitor
3343,12771,Express,BCT,Mumbai Central,LKO,Lucknow Charbagh,2026-02-10,09:15,0,On Time,No Delay,184,93,18,Clear,38,6925,33,Low,0,1,0,0,Monitor
3344,14587,Intercity,CNB,Kanpur Central,BCT,Mumbai Central,2026-09-18,00:45,25,Delayed,Weather,1612,74,16,Heavy Rain,32,1098,44,Medium,0,1,0,30,Notify station control
3345,13067,Garib Rath,SBC,KSR Bengaluru City,KOTA,Kota Junction,2026-05-16,13:00,0,On Time,No Delay,1465,65,6,Clear,43,6672,23,Low,0,0,0,2,Monitor
3346,13151,Jan Shatabdi,KOTA,Kota Junction,ALD,Prayagraj Junction,2026-03-15,11:30,0,On Time,No Delay,907,97,4,Clear,40,8915,30,Low,0,1,0,3,Monitor
3347,12116,Garib Rath,ADI,Ahmedabad Junction,PNBE,Patna Junction,2026-03-04,03:00,0,On Time,No Delay,875,96,14,Heatwave,32,4308,31,Low,0,1,0,2,Monitor
3348,12997,Sampark Kranti,ADI,Ahmedabad Junction,BPL,Bhopal Junction,2026-07-28,13:15,35,Delayed,Platform Change,916,78,7,Clear,43,5319,42,Medium,0,0,1,36,Notify station control
3349,14049,Rajdhani,JP,Jaipur Junction,HWH,Howrah Junction,2026-03-26,07:15,0,On Time,No Delay,1100,100,2,Clear,22,6178,31,Low,0,1,1,4,Monitor
3350,12290,Duronto,CSTM,Mumbai CSMT,PUNE,Pune Junction,2026-01-15,23:45,8,Delayed,Track Obstruction,1576,69,2,Cloudy,20,9191,28,Low,0,1,0,18,Monitor
3351,12374,Intercity,ALD,Prayagraj Junction,PNBE,Patna Junction,2026-07-11,01:15,90,Delayed,Platform Change,969,92,17,Heatwave,23,3575,68,High,0,1,1,91,Reallocate platform and crew
3352,12285,Duronto,PUNE,Pune Junction,GKP,Gorakhpur,2026-05-13,19:30,35,Delayed,Signal Failure,401,69,9,Cloudy,15,6197,36,Low,1,0,0,36,Monitor
3353,14337,Vande Bharat,BBS,Bhubaneswar,PUNE,Pune Junction,2026-07-05,00:00,20,Delayed,Weather,932,75,11,Fog,38,317,48,Medium,1,0,0,26,Notify station control
3354,12705,Duronto,SBC,KSR Bengaluru City,MAS,Chennai Central,2026-08-08,16:30,0,On Time,No Delay,1425,73,5,Heatwave,26,9080,30,Low,0,0,0,7,Monitor
3355,13146,Rajdhani,LKO,Lucknow Charbagh,BPL,Bhopal Junction,2026-07-26,13:15,0,On Time,No Delay,368,91,15,Cloudy,41,6475,34,Low,0,1,0,0,Monitor
3356,12753,Express,JP,Jaipur Junction,LKO,Lucknow Charbagh,2026-02-07,10:45,5,Delayed,Weather,357,45,1,Fog,30,121,29,Low,0,0,0,5,Monitor
3357,14546,Intercity,ADI,Ahmedabad Junction,ALD,Prayagraj Junction,2026-08-06,11:45,0,On Time,No Delay,1186,70,15,Clear,29,9871,21,Low,0,0,0,0,Monitor
3358,12727,Express,CNB,Kanpur Central,NGP,Nagpur Junction,2026-01-06,08:15,0,On Time,No Delay,809,84,18,Clear,31,1515,30,Low,0,0,0,0,Monitor
3359,12458,Express,NDLS,New Delhi,HWH,Howrah Junction,2026-02-04,04:30,0,On Time,No Delay,994,83,12,Clear,38,8014,29,Low,0,0,0,10,Monitor
3360,12512,Express,PNBE,Patna Junction,JP,Jaipur Junction,2026-08-18,23:00,0,Completed,No Delay,1796,75,16,Clear,22,2733,23,Low,0,1,0,3,Monitor
3361,14215,Intercity,SBC,KSR Bengaluru City,VSKP,Visakhapatnam,2026-04-23,16:15,0,On Time,No Delay,783,77,17,Clear,34,9584,28,Low,0,0,1,0,Monitor
3362,12240,Superfast,VSKP,Visakhapatnam,JP,Jaipur Junction,2026-09-06,22:30,45,Delayed,Maintenance Work,669,53,7,Clear,20,1053,39,Low,0,0,0,55,Monitor
3363,14447,Duronto,MAS,Chennai Central,KOTA,Kota Junction,2026-08-09,18:45,35,Delayed,Crew Delay,748,71,13,Cloudy,42,3733,42,Medium,0,0,0,39,Notify station control
3364,12332,Shatabdi,LKO,Lucknow Charbagh,KOTA,Kota Junction,2026-06-25,18:30,0,On Time,No Delay,1772,88,12,Clear,18,3010,32,Low,1,1,0,0,Monitor
3365,12221,Vande Bharat,ALD,Prayagraj Junction,GKP,Gorakhpur,2026-06-23,05:15,75,Delayed,Late Incoming Train,1525,67,5,Clear,21,6385,49,Medium,0,1,1,72,Notify station control
3366,14588,Garib Rath,LKO,Lucknow Charbagh,ADI,Ahmedabad Junction,2026-04-27,05:30,0,On Time,No Delay,343,72,16,Clear,26,9243,28,Low,0,0,0,0,Monitor
3367,14225,Rajdhani,BBS,Bhubaneswar,BCT,Mumbai Central,2026-08-25,07:15,35,Delayed,Technical Fault,636,61,9,Clear,36,5925,38,Low,0,0,0,38,Monitor
3368,14044,Garib Rath,NDLS,New Delhi,HWH,Howrah Junction,2026-07-26,11:30,90,At Risk,Maintenance Work,1266,82,3,Clear,44,6387,65,High,1,0,1,87,Reallocate platform and crew
3369,12472,Intercity,CSTM,Mumbai CSMT,BBS,Bhubaneswar,2026-03-20,22:30,0,On Time,No Delay,623,47,16,Clear,41,1824,18,Low,0,0,0,10,Monitor
3370,12373,Intercity,LKO,Lucknow Charbagh,SBC,KSR Bengaluru City,2026-01-17,10:15,40,At Risk,Weather,775,88,4,Clear,31,555,48,Medium,0,0,0,45,Notify station control
3371,14635,Duronto,PNBE,Patna Junction,NDLS,New Delhi,2026-06-24,18:00,0,On Time,No Delay,1134,77,4,Storm,36,9986,35,Low,1,0,1,9,Monitor
3372,12372,Express,PUNE,Pune Junction,HWH,Howrah Junction,2026-02-14,15:00,0,On Time,No Delay,1251,60,15,Fog,30,838,31,Low,0,0,0,5,Monitor
3373,14061,Rajdhani,NGP,Nagpur Junction,LKO,Lucknow Charbagh,2026-09-12,14:30,75,Delayed,Late Incoming Train,1275,64,18,Clear,19,678,49,Medium,0,0,1,81,Notify station control
3374,13037,Shatabdi,BCT,Mumbai Central,HWH,Howrah Junction,2026-08-28,17:45,5,Delayed,Late Incoming Train,876,97,3,Clear,17,9200,35,Low,0,1,1,2,Monitor
3375,14308,Jan Shatabdi,SBC,KSR Bengaluru City,JP,Jaipur Junction,2026-03-07,03:15,12,At Risk,Platform Change,1022,60,4,Rain,36,6536,28,Low,0,0,0,17,Monitor
3376,13272,Vande Bharat,JP,Jaipur Junction,MAS,Chennai Central,2026-01-02,03:45,60,Delayed,Congestion,1125,80,4,Cloudy,44,3902,54,Medium,0,0,1,66,Notify station control
3377,13109,Duronto,ALD,Prayagraj Junction,JP,Jaipur Junction,2026-09-04,09:45,0,On Time,No Delay,1470,84,17,Clear,38,7592,32,Low,0,0,0,1,Monitor
3378,12801,Sampark Kranti,BPL,Bhopal Junction,BCT,Mumbai Central,2026-04-15,13:15,0,On Time,No Delay,556,72,14,Rain,18,9528,23,Low,0,0,0,0,Monitor
3379,14571,Superfast,HWH,Howrah Junction,NDLS,New Delhi,2026-06-19,15:15,0,On Time,No Delay,445,68,2,Rain,27,6802,25,Low,0,0,0,6,Monitor
3380,14142,Vande Bharat,NDLS,New Delhi,ADI,Ahmedabad Junction,2026-05-17,03:45,30,Delayed,Signal Failure,1217,79,17,Clear,20,365,41,Medium,1,0,0,37,Notify station control
3381,14589,Intercity,BCT,Mumbai Central,JP,Jaipur Junction,2026-08-05,00:15,35,Delayed,Track Obstruction,1376,90,7,Clear,28,8869,46,Medium,0,1,0,30,Notify station control
3382,14491,Duronto,PNBE,Patna Junction,GKP,Gorakhpur,2026-06-22,05:30,0,Completed,No Delay,1332,69,16,Cloudy,14,9499,25,Low,0,0,0,10,Monitor
3383,12932,Shatabdi,MAS,Chennai Central,JP,Jaipur Junction,2026-01-19,05:30,0,On Time,No Delay,1451,51,4,Storm,14,3819,32,Low,0,0,0,10,Monitor
3384,14204,Sampark Kranti,ADI,Ahmedabad Junction,SDAH,Sealdah,2026-08-04,09:15,12,Delayed,Late Incoming Train,429,63,18,Rain,15,4185,31,Low,0,0,0,15,Monitor
3385,12945,Rajdhani,BCT,Mumbai Central,CNB,Kanpur Central,2026-05-17,17:30,15,At Risk,Congestion,1584,90,13,Heatwave,30,6341,37,Low,1,1,1,13,Monitor
3386,12870,Duronto,NGP,Nagpur Junction,BBS,Bhubaneswar,2026-07-09,14:00,0,On Time,No Delay,1280,63,13,Clear,22,3004,27,Low,0,0,0,5,Monitor
3387,12450,Superfast,BBS,Bhubaneswar,JP,Jaipur Junction,2026-02-06,20:30,35,At Risk,Platform Change,1071,84,9,Heatwave,25,717,38,Low,0,0,0,32,Monitor
3388,12313,Intercity,HWH,Howrah Junction,GKP,Gorakhpur,2026-07-24,05:00,0,On Time,No Delay,1695,44,4,Clear,14,9875,22,Low,1,1,0,7,Monitor
3389,12861,Duronto,BPL,Bhopal Junction,GKP,Gorakhpur,2026-03-19,11:30,18,At Risk,Crew Delay,322,77,2,Clear,43,9990,30,Low,0,0,0,21,Monitor
3390,14068,Intercity,NDLS,New Delhi,BPL,Bhopal Junction,2026-08-22,06:00,0,On Time,No Delay,986,70,4,Heatwave,36,8353,22,Low,0,0,0,3,Monitor
3391,14563,Rajdhani,PNBE,Patna Junction,GKP,Gorakhpur,2026-07-22,15:15,8,Delayed,Platform Change,471,92,10,Clear,37,6097,34,Low,1,1,0,5,Monitor
3392,12233,Duronto,JP,Jaipur Junction,SDAH,Sealdah,2026-07-27,09:15,0,Completed,No Delay,230,77,15,Clear,34,9447,30,Low,0,0,1,0,Monitor
3393,14208,Vande Bharat,GKP,Gorakhpur,NDLS,New Delhi,2026-07-22,09:15,25,Delayed,Weather,534,47,8,Fog,37,351,38,Low,0,0,0,29,Monitor
3394,13089,Express,SDAH,Sealdah,MAS,Chennai Central,2026-02-09,07:30,12,At Risk,Weather,281,82,1,Clear,22,8508,35,Low,0,0,0,18,Monitor
3395,12953,Intercity,CNB,Kanpur Central,VSKP,Visakhapatnam,2026-08-20,08:45,0,On Time,No Delay,1205,82,2,Cloudy,26,3697,26,Low,0,0,0,6,Monitor
3396,14146,Intercity,LKO,Lucknow Charbagh,NGP,Nagpur Junction,2026-04-10,22:00,0,On Time,No Delay,1195,77,13,Rain,26,7528,30,Low,1,0,0,3,Monitor
3397,12802,Vande Bharat,BPL,Bhopal Junction,KOTA,Kota Junction,2026-03-04,09:45,0,On Time,No Delay,510,100,9,Heavy Rain,37,6085,42,Medium,0,1,0,0,Notify station control
3398,12037,Sampark Kranti,HWH,Howrah Junction,NDLS,New Delhi,2026-02-25,09:45,40,Delayed,Signal Failure,288,100,11,Heatwave,40,8528,44,Medium,0,1,0,41,Notify station control
3399,13077,Shatabdi,GKP,Gorakhpur,BCT,Mumbai Central,2026-01-18,01:45,25,Delayed,Congestion,598,61,2,Cloudy,15,5556,32,Low,0,0,0,26,Monitor
3400,14543,Rajdhani,CNB,Kanpur Central,BCT,Mumbai Central,2026-03-24,04:00,20,Delayed,Weather,942,62,4,Storm,20,7341,41,Medium,0,0,0,16,Notify station control
3401,14542,Rajdhani,ALD,Prayagraj Junction,LKO,Lucknow Charbagh,2026-03-09,02:45,0,Completed,No Delay,384,91,4,Storm,25,5819,43,Medium,1,1,0,6,Notify station control
3402,13244,Superfast,HWH,Howrah Junction,VSKP,Visakhapatnam,2026-01-07,04:00,999,Cancelled,Signal Failure,421,95,18,Clear,16,2088,100,Critical,0,1,1,999,Escalate to operations command
3403,13126,Jan Shatabdi,PUNE,Pune Junction,SDAH,Sealdah,2026-02-10,17:00,0,On Time,No Delay,767,72,4,Clear,29,9795,23,Low,0,0,0,0,Monitor
3404,12953,Jan Shatabdi,CSTM,Mumbai CSMT,SDAH,Sealdah,2026-09-27,08:30,18,Delayed,Track Obstruction,1190,100,8,Clear,29,537,37,Low,0,1,0,16,Monitor
3405,13142,Sampark Kranti,BCT,Mumbai Central,PUNE,Pune Junction,2026-07-13,22:45,90,Delayed,Crew Delay,1540,81,3,Clear,37,3325,60,Medium,0,1,1,91,Notify station control
3406,12689,Intercity,SDAH,Sealdah,HWH,Howrah Junction,2026-05-14,23:00,0,Completed,No Delay,644,80,9,Clear,44,4524,23,Low,0,0,0,7,Monitor
3407,13092,Jan Shatabdi,SDAH,Sealdah,NDLS,New Delhi,2026-04-28,21:15,0,On Time,No Delay,707,89,7,Cloudy,27,1310,26,Low,0,0,0,10,Monitor
3408,12689,Vande Bharat,CNB,Kanpur Central,PUNE,Pune Junction,2026-01-15,21:30,0,Completed,No Delay,743,70,3,Heatwave,41,7559,24,Low,1,0,0,0,Monitor
3409,14419,Superfast,BPL,Bhopal Junction,CNB,Kanpur Central,2026-01-11,00:45,0,Completed,No Delay,1691,77,13,Clear,16,2608,24,Low,1,1,1,5,Monitor
3410,14608,Express,SBC,KSR Bengaluru City,BCT,Mumbai Central,2026-04-04,06:45,30,At Risk,Weather,822,91,13,Storm,39,4368,53,Medium,0,1,1,38,Notify station control
3411,13232,Vande Bharat,MAS,Chennai Central,ALD,Prayagraj Junction,2026-04-19,08:15,90,Delayed,Maintenance Work,227,80,3,Clear,23,3525,65,High,0,0,1,96,Reallocate platform and crew
3412,14396,Duronto,VSKP,Visakhapatnam,MAS,Chennai Central,2026-01-10,01:15,0,Completed,No Delay,1226,80,4,Cloudy,38,6054,27,Low,1,0,1,6,Monitor
3413,12940,Express,ALD,Prayagraj Junction,VSKP,Visakhapatnam,2026-03-08,10:00,5,Delayed,Late Incoming Train,341,79,17,Clear,43,2896,31,Low,0,0,0,4,Monitor
3414,14340,Vande Bharat,BPL,Bhopal Junction,GKP,Gorakhpur,2026-09-23,04:15,25,At Risk,Crew Delay,1544,89,13,Cloudy,14,6722,41,Medium,0,1,0,24,Notify station control
3415,14618,Sampark Kranti,KOTA,Kota Junction,HWH,Howrah Junction,2026-04-22,03:45,0,On Time,No Delay,1705,54,9,Heatwave,25,4501,24,Low,0,1,0,6,Monitor
3416,13175,Duronto,PNBE,Patna Junction,BPL,Bhopal Junction,2026-08-16,03:30,35,Delayed,Track Obstruction,1472,75,6,Heatwave,33,7054,38,Low,0,0,0,40,Monitor
3417,12380,Sampark Kranti,KOTA,Kota Junction,CSTM,Mumbai CSMT,2026-05-02,23:00,0,On Time,No Delay,645,65,15,Fog,29,244,37,Low,0,0,0,0,Monitor
3418,12072,Duronto,ADI,Ahmedabad Junction,BBS,Bhubaneswar,2026-09-09,22:30,0,Completed,No Delay,1391,83,13,Clear,17,8029,30,Low,0,0,0,0,Monitor
3419,12382,Jan Shatabdi,MAS,Chennai Central,BBS,Bhubaneswar,2026-08-12,13:15,30,At Risk,Track Obstruction,539,100,12,Clear,17,2940,40,Medium,0,1,0,40,Notify station control
3420,12365,Vande Bharat,BPL,Bhopal Junction,LKO,Lucknow Charbagh,2026-06-01,12:15,120,At Risk,Maintenance Work,266,62,6,Clear,20,7724,71,High,0,0,1,118,Reallocate platform and crew
3421,12029,Superfast,HWH,Howrah Junction,MAS,Chennai Central,2026-05-02,11:30,25,Delayed,Weather,1448,72,14,Storm,34,3282,49,Medium,0,0,0,28,Notify station control
3422,14123,Vande Bharat,PNBE,Patna Junction,KOTA,Kota Junction,2026-08-16,01:15,45,At Risk,Late Incoming Train,1239,70,11,Cloudy,38,6166,39,Low,1,0,0,45,Monitor
3423,14437,Superfast,CNB,Kanpur Central,KOTA,Kota Junction,2026-03-20,16:45,40,Delayed,Weather,458,78,10,Heatwave,37,8524,45,Medium,0,0,0,49,Notify station control
3424,12784,Superfast,VSKP,Visakhapatnam,PUNE,Pune Junction,2026-02-20,23:30,25,Delayed,Platform Change,1708,79,7,Cloudy,18,3676,33,Low,0,1,1,20,Monitor
3425,14025,Duronto,CNB,Kanpur Central,PNBE,Patna Junction,2026-04-16,09:45,45,Delayed,Track Obstruction,984,80,12,Cloudy,36,7232,46,Medium,0,0,1,55,Notify station control
3426,12028,Intercity,BCT,Mumbai Central,ADI,Ahmedabad Junction,2026-02-22,14:30,0,On Time,No Delay,1237,69,14,Storm,35,1183,34,Low,1,0,1,7,Monitor
3427,12043,Vande Bharat,PNBE,Patna Junction,ADI,Ahmedabad Junction,2026-08-06,14:30,0,Completed,No Delay,1463,63,11,Clear,19,3353,24,Low,0,0,0,10,Monitor
3428,12032,Garib Rath,NGP,Nagpur Junction,BCT,Mumbai Central,2026-02-16,02:30,0,On Time,No Delay,1328,71,18,Rain,19,8953,25,Low,0,0,0,0,Monitor
3429,12844,Rajdhani,GKP,Gorakhpur,VSKP,Visakhapatnam,2026-04-26,09:45,5,At Risk,Signal Failure,1054,73,9,Cloudy,15,8045,30,Low,0,0,0,2,Monitor
3430,13043,Superfast,HWH,Howrah Junction,SDAH,Sealdah,2026-06-18,02:00,0,On Time,No Delay,1469,97,1,Fog,39,220,44,Medium,0,1,0,0,Notify station control
3431,14384,Vande Bharat,PUNE,Pune Junction,NDLS,New Delhi,2026-01-27,17:45,20,Delayed,Platform Change,1485,60,4,Clear,25,2387,27,Low,0,0,0,21,Monitor
3432,12295,Vande Bharat,NDLS,New Delhi,PNBE,Patna Junction,2026-01-11,22:00,60,Delayed,Maintenance Work,204,61,18,Clear,42,1308,45,Medium,1,0,1,55,Notify station control
3433,12046,Shatabdi,NGP,Nagpur Junction,JP,Jaipur Junction,2026-01-09,06:15,0,On Time,No Delay,1309,75,4,Clear,35,5115,29,Low,0,0,1,3,Monitor
3434,12359,Vande Bharat,LKO,Lucknow Charbagh,PUNE,Pune Junction,2026-05-03,09:00,35,At Risk,Congestion,1551,72,12,Clear,19,2840,37,Low,0,1,0,32,Monitor
3435,14473,Duronto,SDAH,Sealdah,VSKP,Visakhapatnam,2026-09-11,13:00,60,At Risk,Crew Delay,851,84,8,Clear,31,3653,55,Medium,1,0,1,68,Notify station control
3436,13097,Intercity,NGP,Nagpur Junction,ADI,Ahmedabad Junction,2026-03-21,07:30,30,Delayed,Crew Delay,345,72,12,Clear,29,9599,39,Low,0,0,0,38,Monitor
3437,14628,Rajdhani,ADI,Ahmedabad Junction,JP,Jaipur Junction,2026-08-04,09:45,35,Delayed,Late Incoming Train,717,75,2,Clear,37,3062,43,Medium,0,0,1,37,Notify station control
3438,12472,Intercity,LKO,Lucknow Charbagh,BCT,Mumbai Central,2026-09-23,19:00,0,On Time,No Delay,336,97,17,Clear,21,7583,31,Low,0,1,0,0,Monitor
3439,14308,Shatabdi,PUNE,Pune Junction,PNBE,Patna Junction,2026-06-13,15:15,0,On Time,No Delay,186,54,9,Clear,36,4445,19,Low,0,0,0,5,Monitor
3440,14588,Superfast,CSTM,Mumbai CSMT,HWH,Howrah Junction,2026-09-21,04:00,0,On Time,No Delay,195,74,9,Fog,25,823,40,Medium,0,0,0,0,Notify station control
3441,13112,Garib Rath,NGP,Nagpur Junction,LKO,Lucknow Charbagh,2026-02-10,07:45,18,At Risk,Signal Failure,180,100,18,Rain,37,8837,41,Medium,0,1,0,28,Notify station control
3442,12523,Jan Shatabdi,VSKP,Visakhapatnam,MAS,Chennai Central,2026-09-18,02:00,0,On Time,No Delay,1059,78,7,Heatwave,16,4870,28,Low,0,0,0,2,Monitor
3443,12460,Intercity,BBS,Bhubaneswar,SBC,KSR Bengaluru City,2026-08-22,10:15,10,At Risk,Signal Failure,665,59,8,Cloudy,16,1895,22,Low,0,0,0,10,Monitor
3444,14441,Shatabdi,SBC,KSR Bengaluru City,CNB,Kanpur Central,2026-03-08,18:45,45,Delayed,Weather,1356,81,9,Rain,15,627,45,Medium,0,0,1,48,Notify station control
3445,14411,Shatabdi,KOTA,Kota Junction,PNBE,Patna Junction,2026-01-09,04:30,15,Delayed,Signal Failure,1079,57,2,Clear,24,9768,27,Low,1,0,1,20,Monitor
3446,14153,Sampark Kranti,PUNE,Pune Junction,BBS,Bhubaneswar,2026-01-27,15:00,75,At Risk,Crew Delay,448,93,12,Cloudy,42,4743,60,Medium,0,1,1,82,Notify station control
3447,14228,Express,MAS,Chennai Central,GKP,Gorakhpur,2026-08-08,08:15,20,At Risk,Congestion,1113,82,13,Cloudy,41,7441,33,Low,0,0,0,27,Monitor
3448,12184,Garib Rath,PNBE,Patna Junction,KOTA,Kota Junction,2026-09-20,19:15,0,On Time,No Delay,1692,81,10,Cloudy,23,6757,31,Low,0,1,0,0,Monitor
3449,14610,Vande Bharat,SDAH,Sealdah,CSTM,Mumbai CSMT,2026-06-24,00:30,0,On Time,No Delay,749,74,11,Clear,20,5209,28,Low,0,0,0,6,Monitor
3450,12534,Rajdhani,JP,Jaipur Junction,VSKP,Visakhapatnam,2026-02-16,01:00,35,At Risk,Weather,377,82,13,Rain,43,3834,38,Low,0,0,0,43,Monitor
3451,12757,Sampark Kranti,BCT,Mumbai Central,ADI,Ahmedabad Junction,2026-09-01,22:30,0,On Time,No Delay,1082,75,5,Storm,37,940,38,Low,0,0,0,7,Monitor
3452,12097,Duronto,NGP,Nagpur Junction,KOTA,Kota Junction,2026-01-16,10:15,12,At Risk,Signal Failure,1205,83,17,Cloudy,30,491,33,Low,0,0,0,11,Monitor
3453,14160,Duronto,NDLS,New Delhi,GKP,Gorakhpur,2026-01-03,23:30,0,On Time,No Delay,1047,81,15,Fog,21,365,41,Medium,1,0,1,5,Notify station control
3454,14348,Jan Shatabdi,BCT,Mumbai Central,CSTM,Mumbai CSMT,2026-03-04,04:45,0,On Time,No Delay,318,42,10,Clear,36,6671,17,Low,0,0,1,0,Monitor
3455,12452,Shatabdi,CSTM,Mumbai CSMT,CNB,Kanpur Central,2026-09-21,10:30,75,Delayed,Platform Change,1214,77,16,Cloudy,18,743,51,Medium,0,0,1,83,Notify station control
3456,12729,Duronto,VSKP,Visakhapatnam,CSTM,Mumbai CSMT,2026-04-13,04:30,10,Delayed,Platform Change,607,99,9,Rain,31,1775,34,Low,0,1,0,5,Monitor
3457,12386,Superfast,BPL,Bhopal Junction,KOTA,Kota Junction,2026-07-06,09:00,0,On Time,No Delay,1669,57,1,Rain,24,9419,25,Low,1,1,1,0,Monitor
3458,13212,Rajdhani,ADI,Ahmedabad Junction,VSKP,Visakhapatnam,2026-09-20,06:15,8,At Risk,Track Obstruction,1352,62,12,Clear,37,8612,30,Low,1,0,0,5,Monitor
3459,14042,Vande Bharat,GKP,Gorakhpur,ALD,Prayagraj Junction,2026-01-08,14:30,0,Completed,No Delay,1764,86,3,Storm,31,1475,42,Medium,1,1,0,10,Notify station control
3460,12223,Superfast,SBC,KSR Bengaluru City,NGP,Nagpur Junction,2026-02-11,22:15,0,On Time,No Delay,1532,85,13,Clear,42,1897,29,Low,0,1,0,0,Monitor
3461,12284,Sampark Kranti,CSTM,Mumbai CSMT,MAS,Chennai Central,2026-06-15,07:45,0,On Time,No Delay,1298,73,13,Heavy Rain,15,4148,40,Medium,1,0,1,0,Notify station control
3462,14095,Garib Rath,VSKP,Visakhapatnam,CNB,Kanpur Central,2026-01-07,15:45,5,Delayed,Weather,937,76,5,Cloudy,15,8144,25,Low,1,0,0,10,Monitor
3463,12989,Shatabdi,ADI,Ahmedabad Junction,KOTA,Kota Junction,2026-06-10,19:30,0,On Time,No Delay,227,92,9,Clear,37,5532,30,Low,0,1,0,0,Monitor
3464,14344,Shatabdi,SDAH,Sealdah,SBC,KSR Bengaluru City,2026-02-08,06:15,0,On Time,No Delay,1720,68,13,Heatwave,37,3620,22,Low,0,1,1,6,Monitor
3465,13155,Shatabdi,SBC,KSR Bengaluru City,NDLS,New Delhi,2026-09-06,23:00,25,At Risk,Track Obstruction,1554,69,5,Clear,44,3685,36,Low,1,1,0,33,Monitor
3466,12595,Duronto,SBC,KSR Bengaluru City,BPL,Bhopal Junction,2026-04-08,06:00,0,On Time,No Delay,392,66,17,Clear,32,790,25,Low,0,0,1,1,Monitor
3467,12667,Sampark Kranti,KOTA,Kota Junction,CSTM,Mumbai CSMT,2026-09-21,03:00,0,On Time,No Delay,1331,100,1,Cloudy,19,592,36,Low,1,1,1,0,Monitor
3468,12698,Superfast,ADI,Ahmedabad Junction,PUNE,Pune Junction,2026-06-18,16:45,0,Completed,No Delay,1243,66,14,Cloudy,19,9185,22,Low,1,0,0,6,Monitor
3469,14065,Rajdhani,BBS,Bhubaneswar,KOTA,Kota Junction,2026-05-17,08:00,120,Delayed,Technical Fault,752,73,6,Cloudy,43,3570,73,High,1,0,1,126,Reallocate platform and crew
3470,14204,Duronto,GKP,Gorakhpur,MAS,Chennai Central,2026-05-15,12:15,120,Delayed,Weather,476,87,5,Heatwave,43,4619,75,High,0,0,1,116,Reallocate platform and crew
3471,14697,Shatabdi,BPL,Bhopal Junction,SBC,KSR Bengaluru City,2026-09-28,08:30,0,On Time,No Delay,911,77,17,Cloudy,37,2047,25,Low,0,0,0,0,Monitor
3472,12754,Express,ADI,Ahmedabad Junction,CNB,Kanpur Central,2026-02-16,11:45,20,Delayed,Technical Fault,1033,61,7,Rain,20,4569,29,Low,0,0,0,29,Monitor
3473,12940,Intercity,NGP,Nagpur Junction,CSTM,Mumbai CSMT,2026-02-04,08:00,0,On Time,No Delay,729,80,12,Cloudy,29,2313,24,Low,0,0,1,10,Monitor
3474,12682,Superfast,MAS,Chennai Central,SBC,KSR Bengaluru City,2026-06-01,19:30,999,Cancelled,Congestion,1247,73,11,Clear,41,6065,100,Critical,0,0,1,999,Escalate to operations command
3475,14003,Garib Rath,JP,Jaipur Junction,SBC,KSR Bengaluru City,2026-09-05,13:15,35,Delayed,Platform Change,1654,77,16,Cloudy,23,5594,40,Medium,0,1,1,40,Notify station control
3476,12165,Sampark Kranti,NGP,Nagpur Junction,NDLS,New Delhi,2026-08-26,08:15,25,Delayed,Signal Failure,632,57,14,Cloudy,25,874,31,Low,0,0,1,34,Monitor
3477,12073,Express,SBC,KSR Bengaluru City,LKO,Lucknow Charbagh,2026-08-24,04:45,0,On Time,No Delay,1796,98,7,Clear,20,3489,36,Low,0,1,0,4,Monitor
3478,12713,Jan Shatabdi,JP,Jaipur Junction,VSKP,Visakhapatnam,2026-06-24,16:30,0,Completed,No Delay,1705,80,9,Clear,14,2680,27,Low,0,1,0,0,Monitor
3479,12622,Vande Bharat,SDAH,Sealdah,NGP,Nagpur Junction,2026-01-12,09:15,0,Completed,No Delay,1619,93,11,Clear,29,8061,31,Low,0,1,0,4,Monitor
3480,12267,Intercity,NDLS,New Delhi,HWH,Howrah Junction,2026-09-18,02:30,0,On Time,No Delay,1142,71,6,Cloudy,26,4016,28,Low,0,0,0,4,Monitor
3481,14193,Garib Rath,GKP,Gorakhpur,VSKP,Visakhapatnam,2026-05-17,05:15,0,On Time,No Delay,1210,73,3,Heatwave,34,6129,29,Low,0,0,0,0,Monitor
3482,12735,Vande Bharat,VSKP,Visakhapatnam,NGP,Nagpur Junction,2026-08-08,14:30,30,At Risk,Congestion,1094,68,4,Clear,31,8961,35,Low,0,0,0,31,Monitor
3483,12340,Express,LKO,Lucknow Charbagh,BBS,Bhubaneswar,2026-04-07,13:45,0,On Time,No Delay,1560,75,7,Clear,17,9146,22,Low,0,1,0,9,Monitor
3484,12493,Shatabdi,PNBE,Patna Junction,HWH,Howrah Junction,2026-08-22,22:00,0,On Time,No Delay,1742,55,6,Clear,40,3895,21,Low,1,1,1,2,Monitor
3485,12890,Superfast,ADI,Ahmedabad Junction,HWH,Howrah Junction,2026-03-17,14:45,0,Completed,No Delay,1027,88,7,Cloudy,18,4290,29,Low,0,0,0,0,Monitor
3486,12893,Jan Shatabdi,LKO,Lucknow Charbagh,CNB,Kanpur Central,2026-08-14,22:00,0,On Time,No Delay,759,83,5,Fog,16,83,44,Medium,1,0,0,10,Notify station control
3487,13292,Intercity,CSTM,Mumbai CSMT,KOTA,Kota Junction,2026-08-19,16:00,0,Completed,No Delay,1587,66,6,Storm,29,9106,38,Low,0,1,0,1,Monitor
3488,14477,Duronto,GKP,Gorakhpur,BBS,Bhubaneswar,2026-07-05,08:00,120,At Risk,Late Incoming Train,660,79,8,Rain,30,1452,68,High,0,0,1,118,Reallocate platform and crew
3489,12279,Superfast,PNBE,Patna Junction,SBC,KSR Bengaluru City,2026-06-01,11:30,15,At Risk,Platform Change,714,78,9,Rain,43,5566,32,Low,0,0,0,16,Monitor
3490,14367,Garib Rath,BPL,Bhopal Junction,BBS,Bhubaneswar,2026-03-18,18:15,5,Delayed,Congestion,1363,59,11,Rain,22,8150,23,Low,0,0,0,5,Monitor
3491,12785,Express,PUNE,Pune Junction,LKO,Lucknow Charbagh,2026-03-18,17:30,12,At Risk,Weather,1629,71,17,Storm,15,2311,40,Medium,0,1,0,21,Notify station control
3492,13278,Intercity,BCT,Mumbai Central,KOTA,Kota Junction,2026-01-16,04:00,0,On Time,No Delay,1587,98,11,Clear,21,7925,31,Low,0,1,0,0,Monitor
3493,14482,Rajdhani,LKO,Lucknow Charbagh,KOTA,Kota Junction,2026-08-18,00:00,0,On Time,No Delay,556,86,2,Clear,21,3064,31,Low,0,0,0,0,Monitor
3494,12902,Sampark Kranti,BPL,Bhopal Junction,GKP,Gorakhpur,2026-04-06,00:00,30,Delayed,Weather,1352,90,8,Storm,31,6232,52,Medium,0,1,1,36,Notify station control
3495,12439,Garib Rath,PNBE,Patna Junction,SDAH,Sealdah,2026-01-26,12:30,12,Delayed,Platform Change,386,90,16,Clear,15,4877,31,Low,0,1,0,13,Monitor
3496,12316,Jan Shatabdi,HWH,Howrah Junction,BPL,Bhopal Junction,2026-01-05,07:15,0,On Time,No Delay,410,76,8,Clear,35,3004,29,Low,0,0,0,6,Monitor
3497,12328,Sampark Kranti,SBC,KSR Bengaluru City,MAS,Chennai Central,2026-03-05,03:30,15,Delayed,Late Incoming Train,824,100,4,Heatwave,23,3357,39,Low,0,1,0,17,Monitor
3498,13212,Rajdhani,KOTA,Kota Junction,CSTM,Mumbai CSMT,2026-09-21,09:15,10,Delayed,Congestion,638,63,5,Cloudy,44,1804,23,Low,1,0,1,15,Monitor
3499,12984,Vande Bharat,ALD,Prayagraj Junction,CSTM,Mumbai CSMT,2026-04-01,21:00,12,Delayed,Weather,1588,70,15,Rain,44,9103,34,Low,0,1,1,9,Monitor
3500,12345,Garib Rath,KOTA,Kota Junction,HWH,Howrah Junction,2026-05-22,17:15,20,At Risk,Platform Change,1594,55,15,Rain,15,1583,31,Low,0,1,0,24,Monitor
